produit_id,classe_abc,mois_offset,quantite_commandee,commande_passee,stock_final,rupture,demande_prevue,cout_achat,prix_vente,fournisseur,lead_time_mois,montant_total
P0001,A,1,0,0,0.0,0.0,0.0,95.0,133.0,Dubaï,1,0.0
P0001,A,2,0,0,0.0,0.0,0.0,95.0,133.0,Dubaï,1,0.0
P0001,A,3,0,0,0.0,0.0,0.0,95.0,133.0,Dubaï,1,0.0
P0002,A,1,0,0,1.0,0.0,0.0,110.0,154.0,Dubaï,1,0.0
P0002,A,2,0,0,1.0,0.0,0.0,110.0,154.0,Dubaï,1,0.0
P0002,A,3,0,0,1.0,0.0,0.0,110.0,154.0,Dubaï,1,0.0
P0003,C,1,0,0,0.0,0.0,0.0,90.0,126.0,Dubaï,1,0.0
P0003,C,2,0,0,0.0,0.0,0.0,90.0,126.0,Dubaï,1,0.0
P0003,C,3,0,0,0.0,0.0,0.0,90.0,126.0,Dubaï,1,0.0
P0004,A,1,0,0,0.0,0.0,0.0,120.0,168.0,Dubaï,1,0.0
P0004,A,2,0,0,0.0,0.0,0.0,120.0,168.0,Dubaï,1,0.0
P0004,A,3,0,0,0.0,0.0,0.0,120.0,168.0,Dubaï,1,0.0
P0005,A,1,0,0,27.0,0.0,0.0,130.0,182.0,Dubaï,1,0.0
P0005,A,2,0,0,26.7,0.0,0.28,130.0,182.0,Dubaï,1,0.0
P0005,A,3,0,0,26.7,0.0,0.0,130.0,182.0,Dubaï,1,0.0
P0006,B,1,0,0,13.3,0.0,1.65,145.0,203.0,Dubaï,1,0.0
P0006,B,2,16,1,3.1,0.0,10.29,145.0,203.0,Dubaï,1,2320.0
P0006,B,3,16,1,7.3,0.0,11.74,145.0,203.0,Dubaï,1,2320.0
P0007,B,1,0,0,0.0,0.0,0.0,165.0,231.0,Dubaï,1,0.0
P0007,B,2,0,0,0.0,0.0,0.0,165.0,231.0,Dubaï,1,0.0
P0007,B,3,0,0,0.0,0.0,0.0,165.0,231.0,Dubaï,1,0.0
P0008,A,1,0,0,13.0,0.0,0.0,175.0,245.0,Dubaï,1,0.0
P0008,A,2,0,0,13.0,0.0,0.0,175.0,245.0,Dubaï,1,0.0
P0008,A,3,0,0,13.0,0.0,0.0,175.0,245.0,Dubaï,1,0.0
P0009,B,1,0,0,8.0,0.0,0.0,175.0,245.0,Dubaï,1,0.0
P0009,B,2,0,0,8.0,0.0,0.0,175.0,245.0,Dubaï,1,0.0
P0009,B,3,0,0,8.0,0.0,0.0,175.0,245.0,Dubaï,1,0.0
P0010,B,1,0,0,0.0,0.0,0.0,175.0,245.0,Dubaï,1,0.0
P0010,B,2,0,0,0.0,0.0,0.0,175.0,245.0,Dubaï,1,0.0
P0010,B,3,0,0,0.0,0.0,0.0,175.0,245.0,Dubaï,1,0.0
P0011,A,1,0,0,0.0,0.0,0.0,170.0,238.0,Dubaï,1,0.0
P0011,A,2,0,0,0.0,0.0,0.0,170.0,238.0,Dubaï,1,0.0
P0011,A,3,0,0,0.0,0.0,0.0,170.0,238.0,Dubaï,1,0.0
P0012,A,1,0,0,1.0,0.0,0.0,180.0,252.0,Dubaï,1,0.0
P0012,A,2,0,0,1.0,0.0,0.0,180.0,252.0,Dubaï,1,0.0
P0012,A,3,0,0,1.0,0.0,0.0,180.0,252.0,Dubaï,1,0.0
P0013,A,1,0,0,14.0,0.0,0.0,180.0,252.0,Dubaï,1,0.0
P0013,A,2,0,0,14.0,0.0,0.0,180.0,252.0,Dubaï,1,0.0
P0013,A,3,0,0,14.0,0.0,0.0,180.0,252.0,Dubaï,1,0.0
P0014,A,1,94,1,0.0,15.24,39.24,180.0,252.0,Dubaï,1,16920.0
P0014,A,2,94,1,39.0,0.0,55.05,180.0,252.0,Dubaï,1,16920.0
P0014,A,3,0,0,86.5,0.0,46.48,180.0,252.0,Dubaï,1,0.0
P0015,A,1,14,1,6.3,0.0,6.66,210.0,294.0,Dubaï,1,2940.0
P0015,A,2,0,0,13.7,0.0,6.66,210.0,294.0,Dubaï,1,0.0
P0015,A,3,0,0,7.0,0.0,6.66,210.0,294.0,Dubaï,1,0.0
P0016,A,1,60,1,2.4,0.0,34.62,220.0,308.0,Dubaï,1,13200.0
P0016,A,2,0,0,46.1,0.0,16.29,220.0,308.0,Dubaï,1,0.0
P0016,A,3,60,1,8.3,0.0,37.82,220.0,308.0,Dubaï,1,13200.0
P0017,A,1,0,0,0.0,0.0,0.0,220.0,308.0,Dubaï,1,0.0
P0017,A,2,0,0,0.0,0.0,0.0,220.0,308.0,Dubaï,1,0.0
P0017,A,3,0,0,0.0,0.0,0.0,220.0,308.0,Dubaï,1,0.0
P0018,B,1,0,0,0.0,0.0,0.0,220.0,308.0,Dubaï,1,0.0
P0018,B,2,0,0,0.0,0.0,0.0,220.0,308.0,Dubaï,1,0.0
P0018,B,3,0,0,0.0,0.0,0.0,220.0,308.0,Dubaï,1,0.0
P0019,B,1,0,0,0.0,0.0,0.0,235.0,329.0,Dubaï,1,0.0
P0019,B,2,0,0,0.0,0.0,0.0,235.0,329.0,Dubaï,1,0.0
P0019,B,3,0,0,0.0,0.0,0.0,235.0,329.0,Dubaï,1,0.0
P0020,A,1,0,0,0.0,0.0,0.0,240.0,336.0,Dubaï,1,0.0
P0020,A,2,0,0,0.0,0.0,0.0,240.0,336.0,Dubaï,1,0.0
P0020,A,3,0,0,0.0,0.0,0.0,240.0,336.0,Dubaï,1,0.0
P0021,A,1,0,0,11.0,0.0,0.0,250.0,350.0,Dubaï,1,0.0
P0021,A,2,0,0,11.0,0.0,0.0,250.0,350.0,Dubaï,1,0.0
P0021,A,3,0,0,11.0,0.0,0.0,250.0,350.0,Dubaï,1,0.0
P0022,A,1,0,0,45.0,0.0,0.0,250.0,350.0,Dubaï,1,0.0
P0022,A,2,0,0,45.0,0.0,0.0,250.0,350.0,Dubaï,1,0.0
P0022,A,3,0,0,45.0,0.0,0.0,250.0,350.0,Dubaï,1,0.0
P0023,A,1,37,1,7.1,0.0,18.91,250.0,350.0,Dubaï,1,9250.0
P0023,A,2,0,0,29.9,0.0,14.19,250.0,350.0,Dubaï,1,0.0
P0023,A,3,37,1,8.6,0.0,21.34,250.0,350.0,Dubaï,1,9250.0
P0024,A,1,0,0,20.5,0.0,8.5,260.0,364.0,Dubaï,1,0.0
P0024,A,2,0,0,17.8,0.0,2.67,260.0,364.0,Dubaï,1,0.0
P0024,A,3,17,1,4.4,0.0,13.47,260.0,364.0,Dubaï,1,4420.0
P0025,A,1,7,1,1.6,0.0,9.41,270.0,378.0,Dubaï,1,1890.0
P0025,A,2,0,0,8.6,0.0,0.0,270.0,378.0,Dubaï,1,0.0
P0025,A,3,0,0,8.6,0.0,0.0,270.0,378.0,Dubaï,1,0.0
P0026,A,1,0,0,0.0,0.0,0.0,275.0,385.0,Dubaï,1,0.0
P0026,A,2,0,0,0.0,0.0,0.0,275.0,385.0,Dubaï,1,0.0
P0026,A,3,0,0,0.0,0.0,0.0,275.0,385.0,Dubaï,1,0.0
P0027,C,1,0,0,0.0,0.0,0.0,95.0,133.0,Dubaï,1,0.0
P0027,C,2,0,0,0.0,0.0,0.0,95.0,133.0,Dubaï,1,0.0
P0027,C,3,0,0,0.0,0.0,0.0,95.0,133.0,Dubaï,1,0.0
P0028,A,1,0,0,0.0,0.0,0.0,105.0,147.0,Dubaï,1,0.0
P0028,A,2,0,0,0.0,0.0,0.0,105.0,147.0,Dubaï,1,0.0
P0028,A,3,0,0,0.0,0.0,0.0,105.0,147.0,Dubaï,1,0.0
P0029,A,1,0,0,0.0,0.0,0.0,80.0,112.0,Dubaï,1,0.0
P0029,A,2,0,0,0.0,0.0,0.0,80.0,112.0,Dubaï,1,0.0
P0029,A,3,0,0,0.0,0.0,0.0,80.0,112.0,Dubaï,1,0.0
P0030,B,1,0,0,0.0,0.0,0.0,130.0,182.0,Dubaï,1,0.0
P0030,B,2,0,0,0.0,0.0,0.0,130.0,182.0,Dubaï,1,0.0
P0030,B,3,0,0,0.0,0.0,0.0,130.0,182.0,Dubaï,1,0.0
P0031,C,1,0,0,0.0,0.0,0.0,120.0,168.0,Dubaï,1,0.0
P0031,C,2,0,0,0.0,0.0,0.0,120.0,168.0,Dubaï,1,0.0
P0031,C,3,0,0,0.0,0.0,0.0,120.0,168.0,Dubaï,1,0.0
P0032,B,1,0,0,0.0,0.0,0.0,140.0,196.0,Dubaï,1,0.0
P0032,B,2,0,0,0.0,0.0,0.0,140.0,196.0,Dubaï,1,0.0
P0032,B,3,0,0,0.0,0.0,0.0,140.0,196.0,Dubaï,1,0.0
P0036,C,1,0,0,14.1,0.0,2.92,132.0,158.4,Dubaï,1,0.0
P0036,C,2,0,0,11.2,0.0,2.92,132.0,158.4,Dubaï,1,0.0
P0036,C,3,0,0,8.3,0.0,2.92,132.0,158.4,Dubaï,1,0.0
P0037,A,1,16,1,0.0,1.31,13.31,600.0,720.0,Dubaï,1,9600.0
P0037,A,2,0,0,9.8,0.0,6.21,600.0,720.0,Dubaï,1,0.0
P0037,A,3,16,1,6.7,0.0,3.05,600.0,720.0,Dubaï,1,9600.0
P0038,B,1,0,0,6.8,0.0,2.24,680.0,816.0,Dubaï,1,0.0
P0038,B,2,0,0,3.8,0.0,2.91,680.0,816.0,Dubaï,1,0.0
P0038,B,3,0,0,3.2,0.0,0.69,680.0,816.0,Dubaï,1,0.0
P0039,B,1,16,1,0.0,9.03,9.03,184.0,220.8,Dubaï,1,2944.0
P0039,B,2,0,0,13.7,0.0,2.33,184.0,220.8,Dubaï,1,0.0
P0039,B,3,16,1,1.3,0.0,12.35,184.0,220.8,Dubaï,1,2944.0
P0040,A,1,0,0,5.4,0.0,4.64,224.0,268.8,Dubaï,1,0.0
P0040,A,2,0,0,5.4,0.0,0.0,224.0,268.8,Dubaï,1,0.0
P0040,A,3,0,0,5.4,0.0,0.0,224.0,268.8,Dubaï,1,0.0
P0041,C,1,6,1,0.0,1.72,2.72,280.0,336.0,Dubaï,1,1680.0
P0041,C,2,0,0,3.3,0.0,2.72,280.0,336.0,Dubaï,1,0.0
P0041,C,3,6,1,0.6,0.0,2.72,280.0,336.0,Dubaï,1,1680.0
P0042,A,1,0,0,12.4,0.0,5.56,320.0,384.0,Dubaï,1,0.0
P0042,A,2,0,0,12.4,0.0,0.0,320.0,384.0,Dubaï,1,0.0
P0042,A,3,0,0,12.4,0.0,0.0,320.0,384.0,Dubaï,1,0.0
P0043,A,1,9,1,0.0,6.41,12.41,544.0,652.8,Dubaï,1,4896.0
P0043,A,2,0,0,9.0,0.0,0.0,544.0,652.8,Dubaï,1,0.0
P0043,A,3,0,0,8.2,0.0,0.75,544.0,652.8,Dubaï,1,0.0
P0044,A,1,0,0,10.0,0.0,0.0,416.0,499.2,Dubaï,1,0.0
P0044,A,2,0,0,6.3,0.0,3.73,416.0,499.2,Dubaï,1,0.0
P0044,A,3,0,0,3.6,0.0,2.69,416.0,499.2,Dubaï,1,0.0
P0045,A,1,0,0,4.1,0.0,4.89,388.0,465.6,Dubaï,1,0.0
P0045,A,2,5,1,2.1,0.0,2.02,388.0,465.6,Dubaï,1,1940.0
P0045,A,3,0,0,7.1,0.0,0.0,388.0,465.6,Dubaï,1,0.0
P0046,A,1,11,1,4.5,0.0,3.5,288.0,345.6,Dubaï,1,3168.0
P0046,A,2,0,0,11.8,0.0,3.67,288.0,345.6,Dubaï,1,0.0
P0046,A,3,11,1,3.4,0.0,8.41,288.0,345.6,Dubaï,1,3168.0
P0047,C,1,0,0,14.0,0.0,0.0,132.0,158.4,Dubaï,1,0.0
P0047,C,2,0,0,14.0,0.0,0.0,132.0,158.4,Dubaï,1,0.0
P0047,C,3,0,0,14.0,0.0,0.0,132.0,158.4,Dubaï,1,0.0
P0048,B,1,0,0,0.0,0.0,0.0,96.0,115.2,Dubaï,1,0.0
P0048,B,2,0,0,0.0,0.0,0.0,96.0,115.2,Dubaï,1,0.0
P0048,B,3,0,0,0.0,0.0,0.0,96.0,115.2,Dubaï,1,0.0
P0049,C,1,13,1,1.7,0.0,6.33,72.0,86.4,Dubaï,1,936.0
P0049,C,2,0,0,8.3,0.0,6.33,72.0,86.4,Dubaï,1,0.0
P0049,C,3,13,1,2.0,0.0,6.33,72.0,86.4,Dubaï,1,936.0
P0050,C,1,15,1,0.0,0.31,7.31,84.0,100.8,Dubaï,1,1260.0
P0050,C,2,0,0,7.7,0.0,7.31,84.0,100.8,Dubaï,1,0.0
P0050,C,3,15,1,0.4,0.0,7.31,84.0,100.8,Dubaï,1,1260.0
P0051,A,1,0,0,0.0,0.0,0.0,720.0,864.0,Dubaï,1,0.0
P0051,A,2,0,0,0.0,0.0,0.0,720.0,864.0,Dubaï,1,0.0
P0051,A,3,0,0,0.0,0.0,0.0,720.0,864.0,Dubaï,1,0.0
P0052,A,1,4,1,0.0,3.2,5.2,552.0,662.4,Dubaï,1,2208.0
P0052,A,2,0,0,4.0,0.0,0.0,552.0,662.4,Dubaï,1,0.0
P0052,A,3,0,0,4.0,0.0,0.0,552.0,662.4,Dubaï,1,0.0
P0053,B,1,0,0,0.0,0.0,0.0,592.0,710.4,Dubaï,1,0.0
P0053,B,2,0,0,0.0,0.0,0.0,592.0,710.4,Dubaï,1,0.0
P0053,B,3,0,0,0.0,0.0,0.0,592.0,710.4,Dubaï,1,0.0
P0054,B,1,12,1,4.5,0.0,2.52,320.0,384.0,Dubaï,1,3840.0
P0054,B,2,0,0,11.4,0.0,5.04,320.0,384.0,Dubaï,1,0.0
P0054,B,3,12,1,2.1,0.0,9.32,320.0,384.0,Dubaï,1,3840.0
P0055,A,1,4,1,1.4,0.0,4.6,304.0,364.8,Dubaï,1,1216.0
P0055,A,2,0,0,5.4,0.0,0.0,304.0,364.8,Dubaï,1,0.0
P0055,A,3,0,0,5.4,0.0,0.0,304.0,364.8,Dubaï,1,0.0
P0056,A,1,15,1,5.9,0.0,7.08,280.0,336.0,Dubaï,1,4200.0
P0056,A,2,0,0,15.0,0.0,5.96,280.0,336.0,Dubaï,1,0.0
P0056,A,3,15,1,6.3,0.0,8.67,280.0,336.0,Dubaï,1,4200.0
P0057,B,1,0,0,13.0,0.0,0.0,224.0,268.8,Dubaï,1,0.0
P0057,B,2,0,0,13.0,0.0,0.0,224.0,268.8,Dubaï,1,0.0
P0057,B,3,0,0,13.0,0.0,0.0,224.0,268.8,Dubaï,1,0.0
P0058,B,1,10,1,0.0,7.48,8.48,280.0,336.0,Dubaï,1,2800.0
P0058,B,2,0,0,7.8,0.0,2.21,280.0,336.0,Dubaï,1,0.0
P0058,B,3,10,1,3.5,0.0,4.26,280.0,336.0,Dubaï,1,2800.0
P0059,C,1,11,1,0.0,2.03,5.03,72.0,86.4,Dubaï,1,792.0
P0059,C,2,0,0,6.0,0.0,5.03,72.0,86.4,Dubaï,1,0.0
P0059,C,3,11,1,0.9,0.0,5.03,72.0,86.4,Dubaï,1,792.0
P0060,A,1,17,1,0.0,2.18,5.18,420.0,504.0,Dubaï,1,7140.0
P0060,A,2,0,0,8.3,0.0,8.66,420.0,504.0,Dubaï,1,0.0
P0060,A,3,17,1,0.0,2.69,11.03,420.0,504.0,Dubaï,1,7140.0
P0061,B,1,0,0,13.1,0.0,2.91,280.0,336.0,Dubaï,1,0.0
P0061,B,2,0,0,7.4,0.0,5.73,280.0,336.0,Dubaï,1,0.0
P0061,B,3,0,0,5.2,0.0,2.14,280.0,336.0,Dubaï,1,0.0
P0062,A,1,0,0,7.6,0.0,1.43,360.0,432.0,Dubaï,1,0.0
P0062,A,2,0,0,3.9,0.0,3.63,360.0,432.0,Dubaï,1,0.0
P0062,A,3,8,1,0.0,2.37,6.32,360.0,432.0,Dubaï,1,2880.0
P0066,A,1,7,1,3.2,0.0,4.8,552.0,634.8,Dubaï,1,3864.0
P0066,A,2,0,0,8.6,0.0,1.56,552.0,634.8,Dubaï,1,0.0
P0066,A,3,0,0,4.6,0.0,4.0,552.0,634.8,Dubaï,1,0.0
P0067,A,1,0,0,0.0,0.0,0.0,722.0,830.3,Dubaï,1,0.0
P0067,A,2,0,0,0.0,0.0,0.0,722.0,830.3,Dubaï,1,0.0
P0067,A,3,0,0,0.0,0.0,0.0,722.0,830.3,Dubaï,1,0.0
P0068,A,1,3,1,0.0,0.73,1.73,833.0,957.95,Dubaï,1,2499.0
P0068,A,2,0,0,1.5,0.0,1.49,833.0,957.95,Dubaï,1,0.0
P0068,A,3,0,0,1.5,0.0,0.0,833.0,957.95,Dubaï,1,0.0
P0069,A,1,0,0,1.0,0.0,0.0,850.0,977.5,Dubaï,1,0.0
P0069,A,2,0,0,1.0,0.0,0.0,850.0,977.5,Dubaï,1,0.0
P0069,A,3,0,0,1.0,0.0,0.0,850.0,977.5,Dubaï,1,0.0
P0070,B,1,0,0,0.0,0.0,0.0,569.0,654.35,Dubaï,1,0.0
P0070,B,2,0,0,0.0,0.0,0.0,569.0,654.35,Dubaï,1,0.0
P0070,B,3,0,0,0.0,0.0,0.0,569.0,654.35,Dubaï,1,0.0
P0071,A,1,0,0,0.0,0.0,0.0,637.0,732.55,Dubaï,1,0.0
P0071,A,2,0,0,0.0,0.0,0.0,637.0,732.55,Dubaï,1,0.0
P0071,A,3,0,0,0.0,0.0,0.0,637.0,732.55,Dubaï,1,0.0
P0072,A,1,12,1,0.0,2.13,8.13,790.0,908.5,Dubaï,1,9480.0
P0072,A,2,0,0,7.2,0.0,4.82,790.0,908.5,Dubaï,1,0.0
P0072,A,3,12,1,3.5,0.0,3.65,790.0,908.5,Dubaï,1,9480.0
P0073,A,1,0,0,0.0,0.0,0.0,980.0,1127.0,Dubaï,1,0.0
P0073,A,2,0,0,0.0,0.0,0.0,980.0,1127.0,Dubaï,1,0.0
P0073,A,3,0,0,0.0,0.0,0.0,980.0,1127.0,Dubaï,1,0.0
P0074,B,1,0,0,2.9,0.0,3.12,1190.0,1368.5,Dubaï,1,0.0
P0074,B,2,0,0,2.9,0.0,0.0,1190.0,1368.5,Dubaï,1,0.0
P0074,B,3,5,1,0.0,0.11,2.99,1190.0,1368.5,Dubaï,1,5950.0
P0075,B,1,0,0,10.3,0.0,0.71,850.0,977.5,Dubaï,1,0.0
P0075,B,2,0,0,8.8,0.0,1.48,850.0,977.5,Dubaï,1,0.0
P0075,B,3,0,0,8.4,0.0,0.44,850.0,977.5,Dubaï,1,0.0
P0076,A,1,0,0,3.7,0.0,2.35,595.0,684.25,Dubaï,1,0.0
P0076,A,2,4,1,1.4,0.0,2.28,595.0,684.25,Dubaï,1,2380.0
P0076,A,3,0,0,5.4,0.0,0.0,595.0,684.25,Dubaï,1,0.0
P0077,C,1,0,0,0.0,0.0,0.0,1275.0,1466.25,Dubaï,1,0.0
P0077,C,2,0,0,0.0,0.0,0.0,1275.0,1466.25,Dubaï,1,0.0
P0077,C,3,0,0,0.0,0.0,0.0,1275.0,1466.25,Dubaï,1,0.0
P0078,A,1,10,1,1.7,0.0,4.26,935.0,1075.25,Dubaï,1,9350.0
P0078,A,2,10,1,2.3,0.0,9.4,935.0,1075.25,Dubaï,1,9350.0
P0078,A,3,0,0,12.3,0.0,0.0,935.0,1075.25,Dubaï,1,0.0
P0079,C,1,0,0,0.0,0.0,0.0,765.0,879.75,Dubaï,1,0.0
P0079,C,2,0,0,0.0,0.0,0.0,765.0,879.75,Dubaï,1,0.0
P0079,C,3,0,0,0.0,0.0,0.0,765.0,879.75,Dubaï,1,0.0
P0080,A,1,17,1,0.0,3.11,7.11,1105.0,1270.75,Dubaï,1,18785.0
P0080,A,2,17,1,7.2,0.0,9.81,1105.0,1270.75,Dubaï,1,18785.0
P0080,A,3,0,0,16.8,0.0,7.36,1105.0,1270.75,Dubaï,1,0.0
P0081,C,1,0,0,0.0,0.0,0.0,935.0,1075.25,Dubaï,1,0.0
P0081,C,2,0,0,0.0,0.0,0.0,935.0,1075.25,Dubaï,1,0.0
P0081,C,3,0,0,0.0,0.0,0.0,935.0,1075.25,Dubaï,1,0.0
P0082,C,1,0,0,0.0,0.0,0.0,510.0,586.5,Dubaï,1,0.0
P0082,C,2,0,0,0.0,0.0,0.0,510.0,586.5,Dubaï,1,0.0
P0082,C,3,0,0,0.0,0.0,0.0,510.0,586.5,Dubaï,1,0.0
P0083,C,1,0,0,0.0,0.0,0.0,765.0,879.75,Dubaï,1,0.0
P0083,C,2,0,0,0.0,0.0,0.0,765.0,879.75,Dubaï,1,0.0
P0083,C,3,0,0,0.0,0.0,0.0,765.0,879.75,Dubaï,1,0.0
P0086,B,1,26,1,3.4,0.0,12.59,200.0,240.0,Chine,2,5200.0
P0086,B,2,26,1,0.0,10.39,13.8,200.0,240.0,Chine,2,5200.0
P0086,B,3,0,0,14.8,0.0,11.25,200.0,240.0,Chine,2,0.0
P0087,B,1,0,0,0.0,0.0,0.0,304.0,364.8,Chine,2,0.0
P0087,B,2,0,0,0.0,0.0,0.0,304.0,364.8,Chine,2,0.0
P0087,B,3,0,0,0.0,0.0,0.0,304.0,364.8,Chine,2,0.0
P0088,A,1,9,1,0.8,0.0,5.15,464.0,556.8,Chine,2,4176.0
P0088,A,2,9,1,0.8,0.0,0.0,464.0,556.8,Chine,2,4176.0
P0088,A,3,9,1,2.4,0.0,7.43,464.0,556.8,Chine,2,4176.0
P0089,B,1,9,1,1.2,0.0,3.76,360.0,432.0,Dubaï,1,3240.0
P0089,B,2,9,1,2.2,0.0,8.05,360.0,432.0,Dubaï,1,3240.0
P0089,B,3,0,0,9.9,0.0,1.28,360.0,432.0,Dubaï,1,0.0
P0090,A,1,0,0,6.3,0.0,6.72,280.0,336.0,Dubaï,1,0.0
P0090,A,2,9,1,3.9,0.0,2.36,280.0,336.0,Dubaï,1,2520.0
P0090,A,3,0,0,8.7,0.0,4.25,280.0,336.0,Dubaï,1,0.0
P0091,A,1,0,0,8.8,0.0,7.24,416.0,499.2,Chine,2,0.0
P0091,A,2,0,0,6.4,0.0,2.35,416.0,499.2,Chine,2,0.0
P0091,A,3,11,1,0.1,0.0,6.3,416.0,499.2,Chine,2,4576.0
P0092,A,1,7,1,0.0,0.59,7.59,480.0,576.0,Dubaï,1,3360.0
P0092,A,2,0,0,7.0,0.0,0.0,480.0,576.0,Dubaï,1,0.0
P0092,A,3,0,0,5.1,0.0,1.88,480.0,576.0,Dubaï,1,0.0
P0094,A,1,20,1,0.0,1.33,11.33,245.0,318.5,Chine,2,4900.0
P0094,A,2,20,1,0.0,11.1,11.1,245.0,318.5,Chine,2,4900.0
P0094,A,3,0,0,13.2,0.0,6.85,245.0,318.5,Chine,2,0.0
P0095,B,1,63,1,0.0,32.96,45.96,75.0,97.5,Chine,2,4725.0
P0095,B,2,63,1,0.0,30.23,30.23,75.0,97.5,Chine,2,4725.0
P0095,B,3,0,0,45.0,0.0,17.97,75.0,97.5,Chine,2,0.0
P0096,A,1,24,1,1.0,0.0,14.02,98.0,127.4,Chine,2,2352.0
P0096,A,2,24,1,0.0,8.27,9.25,98.0,127.4,Chine,2,2352.0
P0096,A,3,24,1,11.7,0.0,12.31,98.0,127.4,Chine,2,2352.0
P0097,B,1,0,0,17.0,0.0,0.0,69.0,89.7,Chine,2,0.0
P0097,B,2,0,0,17.0,0.0,0.0,69.0,89.7,Chine,2,0.0
P0097,B,3,0,0,17.0,0.0,0.0,69.0,89.7,Chine,2,0.0
P0098,A,1,33,1,0.0,18.42,24.42,192.0,249.6,Chine,2,6336.0
P0098,A,2,33,1,0.0,16.95,16.95,192.0,249.6,Chine,2,6336.0
P0098,A,3,0,0,25.2,0.0,7.85,192.0,249.6,Chine,2,0.0
P0099,B,1,48,1,0.4,0.0,22.58,57.0,74.1,Chine,2,2736.0
P0099,B,2,48,1,0.0,29.18,29.6,57.0,74.1,Chine,2,2736.0
P0099,B,3,0,0,29.3,0.0,18.67,57.0,74.1,Chine,2,0.0
P0100,C,1,0,0,6.2,0.0,2.78,31.0,40.3,Chine,2,0.0
P0100,C,2,0,0,3.4,0.0,2.78,31.0,40.3,Chine,2,0.0
P0100,C,3,6,1,0.7,0.0,2.78,31.0,40.3,Chine,2,186.0
P0101,C,1,0,0,9.0,0.0,0.0,100.0,130.0,Chine,2,0.0
P0101,C,2,0,0,9.0,0.0,0.0,100.0,130.0,Chine,2,0.0
P0101,C,3,0,0,9.0,0.0,0.0,100.0,130.0,Chine,2,0.0
P0102,B,1,51,1,0.0,15.96,27.96,65.0,84.5,Chine,2,3315.0
P0102,B,2,51,1,0.0,27.08,27.08,65.0,84.5,Chine,2,3315.0
P0102,B,3,0,0,30.7,0.0,20.25,65.0,84.5,Chine,2,0.0
P0103,C,1,37,1,0.0,10.5,20.5,15.0,19.5,Chine,2,555.0
P0103,C,2,37,1,0.0,14.64,14.64,15.0,19.5,Chine,2,555.0
P0103,C,3,37,1,16.8,0.0,20.19,15.0,19.5,Chine,2,555.0
P0104,A,1,39,1,0.0,3.12,26.12,320.0,416.0,Dubaï,1,12480.0
P0104,A,2,0,0,21.2,0.0,17.79,320.0,416.0,Dubaï,1,0.0
P0104,A,3,39,1,7.9,0.0,13.35,320.0,416.0,Dubaï,1,12480.0
P0105,A,1,36,1,0.0,0.97,21.97,480.0,624.0,Dubaï,1,17280.0
P0105,A,2,36,1,15.6,0.0,20.41,480.0,624.0,Dubaï,1,17280.0
P0105,A,3,0,0,41.0,0.0,10.63,480.0,624.0,Dubaï,1,0.0
P0106,C,1,0,0,4.0,0.0,0.0,85.0,110.5,Chine,2,0.0
P0106,C,2,0,0,4.0,0.0,0.0,85.0,110.5,Chine,2,0.0
P0106,C,3,0,0,4.0,0.0,0.0,85.0,110.5,Chine,2,0.0
P0107,A,1,0,0,10.9,0.0,2.12,215.0,279.5,Chine,2,0.0
P0107,A,2,0,0,9.1,0.0,1.82,215.0,279.5,Chine,2,0.0
P0107,A,3,0,0,9.1,0.0,0.0,215.0,279.5,Chine,2,0.0
P0108,C,1,0,0,18.3,0.0,2.67,108.0,140.4,Chine,2,0.0
P0108,C,2,0,0,15.7,0.0,2.67,108.0,140.4,Chine,2,0.0
P0108,C,3,0,0,13.0,0.0,2.67,108.0,140.4,Chine,2,0.0
P0109,A,1,34,1,12.6,0.0,17.4,135.0,175.5,Chine,2,4590.0
P0109,A,2,34,1,0.0,6.43,19.03,135.0,175.5,Chine,2,4590.0
P0109,A,3,0,0,20.8,0.0,13.18,135.0,175.5,Chine,2,0.0
P0110,A,1,0,0,9.0,0.0,7.03,461.0,599.3,Dubaï,1,0.0
P0110,A,2,0,0,9.0,0.0,0.0,461.0,599.3,Dubaï,1,0.0
P0110,A,3,11,1,0.0,0.22,9.19,461.0,599.3,Dubaï,1,5071.0
P0111,B,1,0,0,6.0,0.0,0.0,45.0,58.5,Chine,2,0.0
P0111,B,2,0,0,6.0,0.0,0.0,45.0,58.5,Chine,2,0.0
P0111,B,3,0,0,6.0,0.0,0.0,45.0,58.5,Chine,2,0.0
P0112,B,1,47,1,10.7,0.0,21.35,88.0,114.4,Chine,2,4136.0
P0112,B,2,47,1,0.0,11.01,21.66,88.0,114.4,Chine,2,4136.0
P0112,B,3,47,1,19.7,0.0,27.3,88.0,114.4,Chine,2,4136.0
P0113,B,1,31,1,0.0,16.63,22.63,75.0,97.5,Chine,2,2325.0
P0113,B,2,31,1,0.0,9.96,9.96,75.0,97.5,Chine,2,2325.0
P0113,B,3,0,0,18.6,0.0,12.44,75.0,97.5,Chine,2,0.0
P0114,B,1,0,0,16.0,0.0,0.0,135.0,175.5,Chine,2,0.0
P0114,B,2,0,0,16.0,0.0,0.0,135.0,175.5,Chine,2,0.0
P0114,B,3,0,0,16.0,0.0,0.0,135.0,175.5,Chine,2,0.0
P0115,A,1,29,1,1.7,0.0,16.33,200.0,260.0,Chine,2,5800.0
P0115,A,2,29,1,0.0,10.73,12.39,200.0,260.0,Chine,2,5800.0
P0115,A,3,0,0,14.9,0.0,14.14,200.0,260.0,Chine,2,0.0
P0119,C,1,0,0,23.8,0.0,5.24,1.2,1.62,Chine,2,0.0
P0119,C,2,0,0,17.4,0.0,6.35,1.2,1.62,Chine,2,0.0
P0119,C,3,0,0,11.1,0.0,6.35,1.2,1.62,Chine,2,0.0
P0120,C,1,0,0,69.7,0.0,46.28,1.0,1.35,Chine,2,0.0
P0120,C,2,93,1,23.4,0.0,46.28,1.0,1.35,Chine,2,93.0
P0120,C,3,93,1,0.0,22.83,46.28,1.0,1.35,Chine,2,93.0
P0121,C,1,0,0,166.7,0.0,33.33,4.5,6.08,Chine,2,0.0
P0121,C,2,0,0,133.3,0.0,33.33,4.5,6.08,Chine,2,0.0
P0121,C,3,0,0,100.0,0.0,33.33,4.5,6.08,Chine,2,0.0
P0122,C,1,101,1,14.6,0.0,57.42,7.5,10.12,Chine,2,757.5
P0122,C,2,101,1,0.0,37.62,52.21,7.5,10.12,Chine,2,757.5
P0122,C,3,0,0,59.9,0.0,41.08,7.5,10.12,Chine,2,0.0
P0123,C,1,83,1,35.9,0.0,42.14,11.0,14.85,Chine,2,913.0
P0123,C,2,83,1,0.0,4.95,40.82,11.0,14.85,Chine,2,913.0
P0123,C,3,0,0,42.2,0.0,40.82,11.0,14.85,Chine,2,0.0
P0124,C,1,0,0,72.0,0.0,0.0,3.5,4.73,Chine,2,0.0
P0124,C,2,0,0,72.0,0.0,0.0,3.5,4.73,Chine,2,0.0
P0124,C,3,0,0,72.0,0.0,0.0,3.5,4.73,Chine,2,0.0
P0125,C,1,84,1,0.4,0.0,41.61,5.0,6.75,Chine,2,420.0
P0125,C,2,84,1,0.0,41.22,41.61,5.0,6.75,Chine,2,420.0
P0125,C,3,0,0,42.4,0.0,41.61,5.0,6.75,Chine,2,0.0
P0126,C,1,0,0,154.3,0.0,55.72,3.5,4.73,Chine,2,0.0
P0126,C,2,0,0,99.3,0.0,54.95,3.5,4.73,Chine,2,0.0
P0126,C,3,0,0,62.4,0.0,36.93,3.5,4.73,Chine,2,0.0
P0127,C,1,76,1,32.1,0.0,37.86,4.0,5.4,Chine,2,304.0
P0127,C,2,76,1,0.0,5.72,37.86,4.0,5.4,Chine,2,304.0
P0127,C,3,0,0,38.1,0.0,37.86,4.0,5.4,Chine,2,0.0
P0128,C,1,0,0,78.0,0.0,0.0,7.0,9.45,Chine,2,0.0
P0128,C,2,0,0,78.0,0.0,0.0,7.0,9.45,Chine,2,0.0
P0128,C,3,0,0,78.0,0.0,0.0,7.0,9.45,Chine,2,0.0
P0129,C,1,0,0,112.8,0.0,37.16,0.45,0.61,Chine,2,0.0
P0129,C,2,0,0,73.2,0.0,39.65,0.45,0.61,Chine,2,0.0
P0129,C,3,79,1,32.5,0.0,40.65,0.45,0.61,Chine,2,35.55
P0130,C,1,92,1,16.2,0.0,45.78,3.5,4.73,Chine,2,322.0
P0130,C,2,92,1,0.0,29.56,45.78,3.5,4.73,Chine,2,322.0
P0130,C,3,0,0,46.2,0.0,45.78,3.5,4.73,Chine,2,0.0
P0131,C,1,0,0,165.2,0.0,46.78,3.0,4.05,Chine,2,0.0
P0131,C,2,0,0,118.4,0.0,46.78,3.0,4.05,Chine,2,0.0
P0131,C,3,0,0,71.7,0.0,46.78,3.0,4.05,Chine,2,0.0
P0132,C,1,0,0,54.3,0.0,66.73,4.5,6.08,Chine,2,0.0
P0132,C,2,98,1,11.1,0.0,43.13,4.5,6.08,Chine,2,441.0
P0132,C,3,98,1,0.0,25.44,36.58,4.5,6.08,Chine,2,441.0
P0134,C,1,119,1,0.0,65.04,89.04,14.0,21.0,Chine,2,1666.0
P0134,C,2,119,1,0.0,41.04,41.04,14.0,21.0,Chine,2,1666.0
P0134,C,3,0,0,71.0,0.0,48.04,14.0,21.0,Chine,2,0.0
P0135,C,1,94,1,0.0,40.64,52.64,13.0,19.5,Chine,2,1222.0
P0135,C,2,94,1,0.0,45.53,45.53,13.0,19.5,Chine,2,1222.0
P0135,C,3,0,0,51.8,0.0,42.24,13.0,19.5,Chine,2,0.0
P0136,C,1,90,1,0.0,32.58,44.58,12.0,18.0,Chine,2,1080.0
P0136,C,2,90,1,0.0,44.58,44.58,12.0,18.0,Chine,2,1080.0
P0136,C,3,0,0,45.4,0.0,44.58,12.0,18.0,Chine,2,0.0
P0137,C,1,0,0,26.6,0.0,4.37,26.0,39.0,Chine,2,0.0
P0137,C,2,0,0,19.5,0.0,7.17,26.0,39.0,Chine,2,0.0
P0137,C,3,0,0,13.3,0.0,6.14,26.0,39.0,Chine,2,0.0
P0138,B,1,86,1,0.0,24.85,42.85,22.0,33.0,Chine,2,1892.0
P0138,B,2,86,1,0.0,47.06,47.06,22.0,33.0,Chine,2,1892.0
P0138,B,3,0,0,48.3,0.0,37.73,22.0,33.0,Chine,2,0.0
P0139,C,1,0,0,32.3,0.0,6.72,7.0,10.5,Chine,2,0.0
P0139,C,2,0,0,25.6,0.0,6.72,7.0,10.5,Chine,2,0.0
P0139,C,3,0,0,18.8,0.0,6.72,7.0,10.5,Chine,2,0.0
P0140,C,1,77,1,0.0,10.8,36.8,6.0,9.0,Chine,2,462.0
P0140,C,2,77,1,0.0,38.52,38.52,6.0,9.0,Chine,2,462.0
P0140,C,3,77,1,37.9,0.0,39.14,6.0,9.0,Chine,2,462.0
P0141,C,1,82,1,0.0,13.58,40.58,11.0,16.5,Chine,2,902.0
P0141,C,2,82,1,0.0,40.58,40.58,11.0,16.5,Chine,2,902.0
P0141,C,3,0,0,41.4,0.0,40.58,11.0,16.5,Chine,2,0.0
P0142,C,1,0,0,75.9,0.0,6.08,15.0,22.5,Chine,2,0.0
P0142,C,2,0,0,69.8,0.0,6.08,15.0,22.5,Chine,2,0.0
P0142,C,3,0,0,63.8,0.0,6.08,15.0,22.5,Chine,2,0.0
P0143,C,1,76,1,0.0,29.61,37.61,3.0,4.5,Chine,2,228.0
P0143,C,2,76,1,0.0,37.61,37.61,3.0,4.5,Chine,2,228.0
P0143,C,3,0,0,38.4,0.0,37.61,3.0,4.5,Chine,2,0.0
P0144,C,1,0,0,18.0,0.0,0.0,24.0,36.0,Chine,2,0.0
P0144,C,2,0,0,18.0,0.0,0.0,24.0,36.0,Chine,2,0.0
P0144,C,3,0,0,18.0,0.0,0.0,24.0,36.0,Chine,2,0.0
P0145,B,1,122,1,0.0,39.25,59.25,28.0,42.0,Chine,2,3416.0
P0145,B,2,122,1,0.0,69.66,69.66,28.0,42.0,Chine,2,3416.0
P0145,B,3,0,0,68.1,0.0,53.94,28.0,42.0,Chine,2,0.0
P0146,B,1,79,1,0.0,5.0,40.0,38.0,57.0,Dubaï,1,3002.0
P0146,B,2,0,0,39.6,0.0,39.41,38.0,57.0,Dubaï,1,0.0
P0146,B,3,79,1,1.8,0.0,37.76,38.0,57.0,Dubaï,1,3002.0
P0147,A,1,53,1,0.0,18.88,40.88,38.0,57.0,Dubaï,1,2014.0
P0147,A,2,0,0,39.3,0.0,13.68,38.0,57.0,Dubaï,1,0.0
P0147,A,3,53,1,15.2,0.0,24.14,38.0,57.0,Dubaï,1,2014.0
P0148,C,1,74,1,0.0,8.89,36.89,14.0,21.0,Chine,2,1036.0
P0148,C,2,74,1,0.0,36.89,36.89,14.0,21.0,Chine,2,1036.0
P0148,C,3,0,0,37.1,0.0,36.89,14.0,21.0,Chine,2,0.0
P0149,B,1,87,1,0.0,28.25,47.25,22.0,33.0,Chine,2,1914.0
P0149,B,2,87,1,0.0,37.0,37.0,22.0,33.0,Chine,2,1914.0
P0149,B,3,87,1,41.8,0.0,45.18,22.0,33.0,Chine,2,1914.0
P0150,C,1,0,0,45.1,0.0,31.92,18.0,27.0,Chine,2,0.0
P0150,C,2,64,1,13.2,0.0,31.92,18.0,27.0,Chine,2,1152.0
P0150,C,3,64,1,0.0,18.75,31.92,18.0,27.0,Chine,2,1152.0
P0151,C,1,90,1,0.0,36.08,52.08,9.0,13.5,Chine,2,810.0
P0151,C,2,90,1,0.0,42.93,42.93,9.0,13.5,Chine,2,810.0
P0151,C,3,0,0,50.6,0.0,39.44,9.0,13.5,Chine,2,0.0
P0152,B,1,101,1,0.0,15.6,39.6,18.0,27.0,Chine,2,1818.0
P0152,B,2,101,1,0.0,74.84,74.84,18.0,27.0,Chine,2,1818.0
P0152,B,3,0,0,64.4,0.0,36.6,18.0,27.0,Chine,2,0.0
P0153,C,1,84,1,0.0,16.0,56.0,5.0,7.5,Chine,2,420.0
P0153,C,2,84,1,0.0,35.0,35.0,5.0,7.5,Chine,2,420.0
P0153,C,3,0,0,49.0,0.0,35.0,5.0,7.5,Chine,2,0.0
P0154,B,1,115,1,0.0,17.9,48.9,104.0,156.0,Dubaï,1,11960.0
P0154,B,2,115,1,37.7,0.0,77.26,104.0,156.0,Dubaï,1,11960.0
P0154,B,3,0,0,106.5,0.0,46.29,104.0,156.0,Dubaï,1,0.0
P0155,B,1,58,1,10.6,0.0,25.41,22.0,33.0,Chine,2,1276.0
P0155,B,2,58,1,0.0,17.64,28.22,22.0,33.0,Chine,2,1276.0
P0155,B,3,58,1,25.0,0.0,32.96,22.0,33.0,Chine,2,1276.0
P0156,B,1,63,1,2.2,0.0,20.79,18.0,27.0,Chine,2,1134.0
P0156,B,2,63,1,0.0,32.38,34.59,18.0,27.0,Chine,2,1134.0
P0156,B,3,63,1,24.3,0.0,38.73,18.0,27.0,Chine,2,1134.0
P0157,B,1,84,1,0.0,12.43,37.43,38.0,57.0,Dubaï,1,3192.0
P0157,B,2,84,1,28.1,0.0,55.94,38.0,57.0,Dubaï,1,3192.0
P0157,B,3,0,0,79.5,0.0,32.56,38.0,57.0,Dubaï,1,0.0
P0158,B,1,88,1,0.0,22.41,38.41,32.0,48.0,Dubaï,1,2816.0
P0158,B,2,0,0,47.1,0.0,40.88,32.0,48.0,Dubaï,1,0.0
P0158,B,3,88,1,0.0,4.28,51.4,32.0,48.0,Dubaï,1,2816.0
P0159,B,1,89,1,0.0,17.27,39.27,28.0,42.0,Chine,2,2492.0
P0159,B,2,89,1,0.0,49.69,49.69,28.0,42.0,Chine,2,2492.0
P0159,B,3,0,0,45.0,0.0,44.03,28.0,42.0,Chine,2,0.0
P0160,C,1,97,1,0.0,59.4,72.4,8.0,12.0,Chine,2,776.0
P0160,C,2,97,1,0.0,42.26,42.26,8.0,12.0,Chine,2,776.0
P0160,C,3,0,0,66.8,0.0,30.22,8.0,12.0,Chine,2,0.0
P0161,C,1,0,0,21.8,0.0,5.24,9.0,13.5,Chine,2,0.0
P0161,C,2,0,0,16.5,0.0,5.24,9.0,13.5,Chine,2,0.0
P0161,C,3,0,0,11.3,0.0,5.24,9.0,13.5,Chine,2,0.0
P0162,C,1,0,0,13.0,0.0,0.0,7.0,10.5,Chine,2,0.0
P0162,C,2,0,0,13.0,0.0,0.0,7.0,10.5,Chine,2,0.0
P0162,C,3,0,0,13.0,0.0,0.0,7.0,10.5,Chine,2,0.0
P0163,C,1,110,1,0.0,28.0,104.0,8.0,12.0,Chine,2,880.0
P0163,C,2,110,1,0.0,38.0,38.0,8.0,12.0,Chine,2,880.0
P0163,C,3,0,0,87.0,0.0,23.0,8.0,12.0,Chine,2,0.0
P0169,C,1,0,0,9.6,0.0,5.45,4.0,5.4,Chine,2,0.0
P0169,C,2,11,1,4.1,0.0,5.45,4.0,5.4,Chine,2,44.0
P0169,C,3,11,1,0.0,1.35,5.45,4.0,5.4,Chine,2,44.0
P0170,C,1,0,0,21.0,0.0,0.0,6.0,8.1,Chine,2,0.0
P0170,C,2,0,0,21.0,0.0,0.0,6.0,8.1,Chine,2,0.0
P0170,C,3,0,0,21.0,0.0,0.0,6.0,8.1,Chine,2,0.0
P0171,C,1,67,1,1.6,0.0,33.39,9.0,12.15,Chine,2,603.0
P0171,C,2,67,1,0.0,31.78,33.39,9.0,12.15,Chine,2,603.0
P0171,C,3,0,0,33.6,0.0,33.39,9.0,12.15,Chine,2,0.0
P0172,C,1,0,0,28.0,0.0,6.98,13.0,17.55,Chine,2,0.0
P0172,C,2,0,0,21.0,0.0,6.98,13.0,17.55,Chine,2,0.0
P0172,C,3,0,0,14.1,0.0,6.98,13.0,17.55,Chine,2,0.0
P0173,C,1,17,1,0.0,3.17,8.17,22.0,29.7,Chine,2,374.0
P0173,C,2,17,1,0.0,8.17,8.17,22.0,29.7,Chine,2,374.0
P0173,C,3,0,0,8.8,0.0,8.17,22.0,29.7,Chine,2,0.0
P0174,C,1,61,1,0.0,25.19,30.19,11.0,14.85,Chine,2,671.0
P0174,C,2,61,1,0.0,30.19,30.19,11.0,14.85,Chine,2,671.0
P0174,C,3,0,0,30.8,0.0,30.19,11.0,14.85,Chine,2,0.0
P0175,C,1,57,1,0.0,2.05,30.05,18.0,24.3,Chine,2,1026.0
P0175,C,2,57,1,0.0,27.61,27.61,18.0,24.3,Chine,2,1026.0
P0175,C,3,0,0,29.4,0.0,27.61,18.0,24.3,Chine,2,0.0
P0176,B,1,66,1,24.5,0.0,26.54,26.0,35.1,Chine,2,1716.0
P0176,B,2,66,1,0.0,5.03,29.49,26.0,35.1,Chine,2,1716.0
P0176,B,3,66,1,24.0,0.0,41.96,26.0,35.1,Chine,2,1716.0
P0177,A,1,0,0,28.5,0.0,31.5,56.0,75.6,Dubaï,1,0.0
P0177,A,2,0,0,28.5,0.0,0.02,56.0,75.6,Dubaï,1,0.0
P0177,A,3,0,0,28.5,0.0,0.0,56.0,75.6,Dubaï,1,0.0
P0178,A,1,0,0,40.8,0.0,19.23,82.0,110.7,Dubaï,1,0.0
P0178,A,2,0,0,29.0,0.0,11.73,82.0,110.7,Dubaï,1,0.0
P0178,A,3,0,0,24.7,0.0,4.34,82.0,110.7,Dubaï,1,0.0
P0179,B,1,0,0,22.0,0.0,0.0,58.0,78.3,Dubaï,1,0.0
P0179,B,2,0,0,22.0,0.0,0.0,58.0,78.3,Dubaï,1,0.0
P0179,B,3,0,0,22.0,0.0,0.0,58.0,78.3,Dubaï,1,0.0
P0180,B,1,0,0,36.4,0.0,33.57,32.0,43.2,Dubaï,1,0.0
P0180,B,2,52,1,3.1,0.0,33.33,32.0,43.2,Dubaï,1,1664.0
P0180,B,3,0,0,44.9,0.0,10.23,32.0,43.2,Dubaï,1,0.0
P0181,C,1,0,0,9.5,0.0,6.5,48.0,64.8,Dubaï,1,0.0
P0181,C,2,13,1,3.0,0.0,6.5,48.0,64.8,Dubaï,1,624.0
P0181,C,3,0,0,9.5,0.0,6.5,48.0,64.8,Dubaï,1,0.0
P0184,B,1,42,1,0.0,15.81,24.81,96.0,120.0,Dubaï,1,4032.0
P0184,B,2,0,0,21.3,0.0,20.65,96.0,120.0,Dubaï,1,0.0
P0184,B,3,42,1,4.0,0.0,17.38,96.0,120.0,Dubaï,1,4032.0
P0185,C,1,9,1,0.6,0.0,5.45,112.0,140.0,Dubaï,1,1008.0
P0185,C,2,0,0,6.2,0.0,3.38,112.0,140.0,Dubaï,1,0.0
P0185,C,3,9,1,1.5,0.0,4.67,112.0,140.0,Dubaï,1,1008.0
P0186,A,1,0,0,14.0,0.0,0.0,152.0,190.0,Dubaï,1,0.0
P0186,A,2,0,0,14.0,0.0,0.0,152.0,190.0,Dubaï,1,0.0
P0186,A,3,0,0,5.4,0.0,8.56,152.0,190.0,Dubaï,1,0.0
P0187,C,1,6,1,2.5,0.0,2.52,184.0,230.0,Dubaï,1,1104.0
P0187,C,2,0,0,6.0,0.0,2.52,184.0,230.0,Dubaï,1,0.0
P0187,C,3,0,0,3.4,0.0,2.52,184.0,230.0,Dubaï,1,0.0
P0188,A,1,0,0,13.0,0.0,0.0,216.0,270.0,Dubaï,1,0.0
P0188,A,2,0,0,9.5,0.0,3.47,216.0,270.0,Dubaï,1,0.0
P0188,A,3,10,1,0.0,0.72,10.25,216.0,270.0,Dubaï,1,2160.0
P0189,A,1,26,1,0.0,14.59,19.59,144.0,180.0,Chine,2,3744.0
P0189,A,2,26,1,0.0,2.98,2.98,144.0,180.0,Chine,2,3744.0
P0189,A,3,26,1,10.6,0.0,15.41,144.0,180.0,Chine,2,3744.0
P0190,A,1,8,1,2.9,0.0,4.14,280.0,350.0,Dubaï,1,2240.0
P0190,A,2,0,0,9.7,0.0,1.14,280.0,350.0,Dubaï,1,0.0
P0190,A,3,8,1,3.2,0.0,6.48,280.0,350.0,Dubaï,1,2240.0
P0191,B,1,3,1,0.0,0.15,3.15,200.0,250.0,Chine,2,600.0
P0191,B,2,3,1,0.0,0.0,0.0,200.0,250.0,Chine,2,600.0
P0191,B,3,0,0,1.8,0.0,1.18,200.0,250.0,Chine,2,0.0
P0192,A,1,21,1,4.8,0.0,15.21,400.0,500.0,Dubaï,1,8400.0
P0192,A,2,0,0,22.0,0.0,3.82,400.0,500.0,Dubaï,1,0.0
P0192,A,3,21,1,9.9,0.0,12.05,400.0,500.0,Dubaï,1,8400.0
P0193,C,1,0,0,0.0,0.0,0.0,60.0,75.0,Chine,2,0.0
P0193,C,2,0,0,0.0,0.0,0.0,60.0,75.0,Chine,2,0.0
P0193,C,3,0,0,0.0,0.0,0.0,60.0,75.0,Chine,2,0.0
P0194,B,1,21,1,0.0,1.1,12.1,88.0,110.0,Chine,2,1848.0
P0194,B,2,21,1,0.0,7.55,7.55,88.0,110.0,Chine,2,1848.0
P0194,B,3,21,1,9.7,0.0,11.33,88.0,110.0,Chine,2,1848.0
P0196,C,1,0,0,44.0,0.0,0.0,4.2,5.88,Dubaï,1,0.0
P0196,C,2,0,0,44.0,0.0,0.0,4.2,5.88,Dubaï,1,0.0
P0196,C,3,0,0,44.0,0.0,0.0,4.2,5.88,Dubaï,1,0.0
P0197,C,1,111,1,0.0,30.42,55.42,8.5,11.9,Dubaï,1,943.5
P0197,C,2,0,0,55.6,0.0,55.42,8.5,11.9,Dubaï,1,0.0
P0197,C,3,111,1,0.2,0.0,55.42,8.5,11.9,Dubaï,1,943.5
P0198,C,1,97,1,17.9,0.0,48.11,3.8,5.32,Dubaï,1,368.6
P0198,C,2,0,0,66.8,0.0,48.11,3.8,5.32,Dubaï,1,0.0
P0198,C,3,97,1,18.7,0.0,48.11,3.8,5.32,Dubaï,1,368.6
P0199,C,1,0,0,26.0,0.0,0.0,4.5,6.3,Chine,2,0.0
P0199,C,2,0,0,26.0,0.0,0.0,4.5,6.3,Chine,2,0.0
P0199,C,3,0,0,26.0,0.0,0.0,4.5,6.3,Chine,2,0.0
P0200,C,1,228,1,0.0,96.88,179.88,1.5,2.1,Chine,2,342.0
P0200,C,2,228,1,0.0,65.88,65.88,1.5,2.1,Chine,2,342.0
P0200,C,3,0,0,132.1,0.0,95.88,1.5,2.1,Chine,2,0.0
P0201,C,1,125,1,0.0,39.58,61.58,9.0,12.6,Chine,2,1125.0
P0201,C,2,125,1,0.0,62.75,62.75,9.0,12.6,Chine,2,1125.0
P0201,C,3,125,1,61.9,0.0,63.13,9.0,12.6,Chine,2,1125.0
P0202,C,1,0,0,38.0,0.0,0.0,4.5,6.3,Chine,2,0.0
P0202,C,2,0,0,38.0,0.0,0.0,4.5,6.3,Chine,2,0.0
P0202,C,3,0,0,38.0,0.0,0.0,4.5,6.3,Chine,2,0.0
P0203,C,1,102,1,0.0,25.91,52.91,7.0,9.8,Chine,2,714.0
P0203,C,2,102,1,0.0,41.49,41.49,7.0,9.8,Chine,2,714.0
P0203,C,3,102,1,44.9,0.0,57.11,7.0,9.8,Chine,2,714.0
P0204,C,1,123,1,0.0,49.57,61.57,1.5,2.1,Chine,2,184.5
P0204,C,2,123,1,0.0,67.47,67.47,1.5,2.1,Chine,2,184.5
P0204,C,3,0,0,68.6,0.0,54.36,1.5,2.1,Chine,2,0.0
P0205,C,1,152,1,0.0,36.02,77.02,1.5,2.1,Chine,2,228.0
P0205,C,2,152,1,0.0,84.33,84.33,1.5,2.1,Chine,2,228.0
P0205,C,3,0,0,85.4,0.0,66.59,1.5,2.1,Chine,2,0.0
P0206,C,1,0,0,25.0,0.0,0.0,2.0,2.8,Chine,2,0.0
P0206,C,2,0,0,25.0,0.0,0.0,2.0,2.8,Chine,2,0.0
P0206,C,3,0,0,25.0,0.0,0.0,2.0,2.8,Chine,2,0.0
P0207,C,1,105,1,0.0,26.28,52.28,6.0,8.4,Chine,2,630.0
P0207,C,2,105,1,0.0,52.28,52.28,6.0,8.4,Chine,2,630.0
P0207,C,3,0,0,52.7,0.0,52.28,6.0,8.4,Chine,2,0.0
P0208,B,1,0,0,18.0,0.0,0.0,14.0,19.6,Chine,2,0.0
P0208,B,2,0,0,18.0,0.0,0.0,14.0,19.6,Chine,2,0.0
P0208,B,3,0,0,18.0,0.0,0.0,14.0,19.6,Chine,2,0.0
P0209,C,1,0,0,13.0,0.0,0.0,7.5,10.5,Chine,2,0.0
P0209,C,2,0,0,13.0,0.0,0.0,7.5,10.5,Chine,2,0.0
P0209,C,3,0,0,13.0,0.0,0.0,7.5,10.5,Chine,2,0.0
P0210,C,1,140,1,0.0,37.28,74.28,4.0,5.6,Chine,2,560.0
P0210,C,2,140,1,0.0,77.53,77.53,4.0,5.6,Chine,2,560.0
P0210,C,3,0,0,81.8,0.0,58.16,4.0,5.6,Chine,2,0.0
P0211,C,1,110,1,0.0,51.53,75.53,3.0,4.2,Chine,2,330.0
P0211,C,2,110,1,0.0,45.41,45.41,3.0,4.2,Chine,2,330.0
P0211,C,3,0,0,66.6,0.0,43.36,3.0,4.2,Chine,2,0.0
P0212,B,1,136,1,0.0,1.06,61.06,110.0,154.0,Chine,2,14960.0
P0212,B,2,136,1,0.0,64.37,64.37,110.0,154.0,Chine,2,14960.0
P0212,B,3,136,1,58.9,0.0,77.12,110.0,154.0,Chine,2,14960.0
P0213,C,1,0,0,19.0,0.0,0.0,50.0,70.0,Chine,2,0.0
P0213,C,2,0,0,19.0,0.0,0.0,50.0,70.0,Chine,2,0.0
P0213,C,3,0,0,19.0,0.0,0.0,50.0,70.0,Chine,2,0.0
P0216,B,1,29,1,8.1,0.0,15.86,82.0,94.3,Chine,2,2378.0
P0216,B,2,29,1,0.0,7.0,15.14,82.0,94.3,Chine,2,2378.0
P0216,B,3,0,0,17.5,0.0,11.53,82.0,94.3,Chine,2,0.0
P0217,C,1,24,1,0.0,3.64,11.64,55.0,63.25,Chine,2,1320.0
P0217,C,2,24,1,0.0,11.64,11.64,55.0,63.25,Chine,2,1320.0
P0217,C,3,0,0,12.4,0.0,11.64,55.0,63.25,Chine,2,0.0
P0218,B,1,36,1,0.0,10.37,20.37,95.0,109.25,Chine,2,3420.0
P0218,B,2,36,1,0.0,21.28,21.28,95.0,109.25,Chine,2,3420.0
P0218,B,3,0,0,25.0,0.0,10.97,95.0,109.25,Chine,2,0.0
P0219,A,1,20,1,0.0,1.81,11.81,165.0,189.75,Chine,2,3300.0
P0219,A,2,20,1,0.0,16.43,16.43,165.0,189.75,Chine,2,3300.0
P0219,A,3,0,0,19.6,0.0,0.43,165.0,189.75,Chine,2,0.0
P0220,B,1,45,1,0.0,14.4,23.4,130.0,149.5,Chine,2,5850.0
P0220,B,2,45,1,0.0,24.1,24.1,130.0,149.5,Chine,2,5850.0
P0220,B,3,0,0,25.4,0.0,19.63,130.0,149.5,Chine,2,0.0
P0221,A,1,9,1,2.1,0.0,8.92,165.0,189.75,Dubaï,1,1485.0
P0221,A,2,0,0,7.3,0.0,3.74,165.0,189.75,Dubaï,1,0.0
P0221,A,3,0,0,7.3,0.0,0.0,165.0,189.75,Dubaï,1,0.0
P0222,A,1,14,1,0.0,6.97,12.97,210.0,241.5,Dubaï,1,2940.0
P0222,A,2,0,0,10.5,0.0,3.46,210.0,241.5,Dubaï,1,0.0
P0222,A,3,14,1,6.3,0.0,4.26,210.0,241.5,Dubaï,1,2940.0
P0223,B,1,37,1,0.0,14.99,23.99,1235.0,1420.25,Dubaï,1,45695.0
P0223,B,2,37,1,16.5,0.0,20.47,1235.0,1420.25,Dubaï,1,45695.0
P0223,B,3,0,0,42.8,0.0,10.77,1235.0,1420.25,Dubaï,1,0.0
P0224,C,1,0,0,8.9,0.0,2.1,130.0,149.5,Chine,2,0.0
P0224,C,2,0,0,6.5,0.0,2.37,130.0,149.5,Chine,2,0.0
P0224,C,3,0,0,4.2,0.0,2.37,130.0,149.5,Chine,2,0.0
P0225,C,1,0,0,4.0,0.0,0.0,26.0,29.9,Dubaï,1,0.0
P0225,C,2,0,0,4.0,0.0,0.0,26.0,29.9,Dubaï,1,0.0
P0225,C,3,0,0,4.0,0.0,0.0,26.0,29.9,Dubaï,1,0.0
P0226,C,1,0,0,5.9,0.0,1.13,65.0,74.75,Dubaï,1,0.0
P0226,C,2,0,0,4.8,0.0,1.11,65.0,74.75,Dubaï,1,0.0
P0226,C,3,0,0,3.7,0.0,1.06,65.0,74.75,Dubaï,1,0.0
P0228,C,1,14,1,0.0,0.53,6.53,65.0,84.5,Chine,2,910.0
P0228,C,2,14,1,0.0,6.53,6.53,65.0,84.5,Chine,2,910.0
P0228,C,3,0,0,7.5,0.0,6.53,65.0,84.5,Chine,2,0.0
P0229,C,1,13,1,0.8,0.0,6.19,90.0,117.0,Chine,2,1170.0
P0229,C,2,13,1,0.0,5.39,6.19,90.0,117.0,Chine,2,1170.0
P0229,C,3,0,0,6.8,0.0,6.19,90.0,117.0,Chine,2,0.0
P0230,A,1,0,0,0.0,0.0,0.0,270.0,351.0,Chine,2,0.0
P0230,A,2,0,0,0.0,0.0,0.0,270.0,351.0,Chine,2,0.0
P0230,A,3,0,0,0.0,0.0,0.0,270.0,351.0,Chine,2,0.0
P0231,C,1,0,0,0.0,0.0,0.0,165.0,214.5,Chine,2,0.0
P0231,C,2,0,0,0.0,0.0,0.0,165.0,214.5,Chine,2,0.0
P0231,C,3,0,0,0.0,0.0,0.0,165.0,214.5,Chine,2,0.0
P0232,B,1,17,1,0.0,4.46,7.46,280.0,364.0,Chine,2,4760.0
P0232,B,2,17,1,0.0,4.67,4.67,280.0,364.0,Chine,2,4760.0
P0232,B,3,17,1,4.9,0.0,12.09,280.0,364.0,Chine,2,4760.0
P0233,C,1,0,0,13.0,0.0,0.0,100.0,130.0,Chine,2,0.0
P0233,C,2,0,0,13.0,0.0,0.0,100.0,130.0,Chine,2,0.0
P0233,C,3,0,0,13.0,0.0,0.0,100.0,130.0,Chine,2,0.0
P0234,C,1,0,0,0.0,0.0,0.0,70.0,91.0,Chine,2,0.0
P0234,C,2,0,0,0.0,0.0,0.0,70.0,91.0,Chine,2,0.0
P0234,C,3,0,0,0.0,0.0,0.0,70.0,91.0,Chine,2,0.0
P0236,C,1,78,1,0.3,0.0,38.69,2.0,3.0,Dubaï,1,156.0
P0236,C,2,0,0,39.6,0.0,38.69,2.0,3.0,Dubaï,1,0.0
P0236,C,3,78,1,0.9,0.0,38.69,2.0,3.0,Dubaï,1,156.0
P0237,C,1,0,0,44.3,0.0,33.67,1.8,2.7,Dubaï,1,0.0
P0237,C,2,79,1,0.0,0.63,44.96,1.8,2.7,Dubaï,1,142.2
P0237,C,3,0,0,40.3,0.0,38.69,1.8,2.7,Dubaï,1,0.0
P0238,C,1,113,1,0.0,25.28,64.28,0.8,1.2,Chine,2,90.4
P0238,C,2,113,1,0.0,49.59,49.59,0.8,1.2,Chine,2,90.4
P0238,C,3,0,0,57.5,0.0,55.55,0.8,1.2,Chine,2,0.0
P0239,C,1,80,1,0.0,20.66,42.66,0.5,0.75,Chine,2,40.0
P0239,C,2,80,1,0.0,54.67,54.67,0.5,0.75,Chine,2,40.0
P0239,C,3,0,0,57.3,0.0,22.67,0.5,0.75,Chine,2,0.0
P0240,C,1,78,1,5.2,0.0,38.78,1.5,2.25,Dubaï,1,117.0
P0240,C,2,0,0,44.4,0.0,38.78,1.5,2.25,Dubaï,1,0.0
P0240,C,3,78,1,5.7,0.0,38.78,1.5,2.25,Dubaï,1,117.0
P0241,C,1,0,0,50.0,0.0,0.0,16.0,24.0,Chine,2,0.0
P0241,C,2,0,0,50.0,0.0,0.0,16.0,24.0,Chine,2,0.0
P0241,C,3,0,0,50.0,0.0,0.0,16.0,24.0,Chine,2,0.0
P0242,C,1,0,0,95.0,0.0,60.01,22.0,33.0,Chine,2,0.0
P0242,C,2,0,0,48.1,0.0,46.91,22.0,33.0,Chine,2,0.0
P0242,C,3,95,1,13.1,0.0,35.01,22.0,33.0,Chine,2,2090.0
P0243,C,1,95,1,0.0,17.65,40.65,10.0,15.0,Dubaï,1,950.0
P0243,C,2,95,1,33.5,0.0,61.51,10.0,15.0,Dubaï,1,950.0
P0243,C,3,0,0,88.9,0.0,39.55,10.0,15.0,Dubaï,1,0.0
P0244,C,1,80,1,15.2,0.0,37.79,9.0,13.5,Dubaï,1,720.0
P0244,C,2,0,0,43.0,0.0,52.25,9.0,13.5,Dubaï,1,0.0
P0244,C,3,80,1,13.5,0.0,29.47,9.0,13.5,Dubaï,1,720.0
P0246,C,1,9,1,2.4,0.0,4.6,104.0,124.8,Dubaï,1,936.0
P0246,C,2,0,0,6.0,0.0,5.43,104.0,124.8,Dubaï,1,0.0
P0246,C,3,9,1,3.4,0.0,2.55,104.0,124.8,Dubaï,1,936.0
P0247,C,1,0,0,0.0,0.0,0.0,240.0,288.0,Dubaï,1,0.0
P0247,C,2,0,0,0.0,0.0,0.0,240.0,288.0,Dubaï,1,0.0
P0247,C,3,0,0,0.0,0.0,0.0,240.0,288.0,Dubaï,1,0.0
P0248,B,1,7,1,0.0,1.63,4.63,360.0,432.0,Dubaï,1,2520.0
P0248,B,2,7,1,2.7,0.0,4.28,360.0,432.0,Dubaï,1,2520.0
P0248,B,3,0,0,8.7,0.0,1.06,360.0,432.0,Dubaï,1,0.0
P0249,C,1,0,0,0.0,0.0,0.0,56.0,67.2,Dubaï,1,0.0
P0249,C,2,0,0,0.0,0.0,0.0,56.0,67.2,Dubaï,1,0.0
P0249,C,3,0,0,0.0,0.0,0.0,56.0,67.2,Dubaï,1,0.0
P0250,C,1,5,1,0.0,1.0,4.0,12.0,14.4,Dubaï,1,60.0
P0250,C,2,0,0,4.0,0.0,1.0,12.0,14.4,Dubaï,1,0.0
P0250,C,3,5,1,2.0,0.0,2.0,12.0,14.4,Dubaï,1,60.0
P0251,C,1,9,1,0.0,1.53,4.53,154.0,200.2,Chine,2,1386.0
P0251,C,2,9,1,0.0,4.01,4.01,154.0,200.2,Chine,2,1386.0
P0251,C,3,0,0,5.2,0.0,3.82,154.0,200.2,Chine,2,0.0
P0252,C,1,0,0,4.1,0.0,2.87,92.0,119.6,Chine,2,0.0
P0252,C,2,7,1,0.6,0.0,3.5,92.0,119.6,Chine,2,644.0
P0252,C,3,7,1,0.0,2.54,3.18,92.0,119.6,Chine,2,644.0
P0253,C,1,8,1,0.0,1.92,3.92,62.0,80.6,Chine,2,496.0
P0253,C,2,8,1,0.0,3.92,3.92,62.0,80.6,Chine,2,496.0
P0253,C,3,0,0,4.1,0.0,3.92,62.0,80.6,Chine,2,0.0
P0254,C,1,0,0,0.0,0.0,0.0,169.0,219.7,Chine,2,0.0
P0254,C,2,0,0,0.0,0.0,0.0,169.0,219.7,Chine,2,0.0
P0254,C,3,0,0,0.0,0.0,0.0,169.0,219.7,Chine,2,0.0
P0255,B,1,9,1,0.0,4.42,4.42,246.0,319.8,Chine,2,2214.0
P0255,B,2,9,1,0.0,5.95,5.95,246.0,319.8,Chine,2,2214.0
P0255,B,3,0,0,6.2,0.0,2.82,246.0,319.8,Chine,2,0.0
P0256,C,1,0,0,0.0,0.0,0.0,64.0,80.0,Chine,2,0.0
P0256,C,2,0,0,0.0,0.0,0.0,64.0,80.0,Chine,2,0.0
P0256,C,3,0,0,0.0,0.0,0.0,64.0,80.0,Chine,2,0.0
P0257,C,1,0,0,0.0,0.0,0.0,96.0,120.0,Chine,2,0.0
P0257,C,2,0,0,0.0,0.0,0.0,96.0,120.0,Chine,2,0.0
P0257,C,3,0,0,0.0,0.0,0.0,96.0,120.0,Chine,2,0.0
P0258,C,1,0,0,0.0,0.0,0.0,128.0,160.0,Chine,2,0.0
P0258,C,2,0,0,0.0,0.0,0.0,128.0,160.0,Chine,2,0.0
P0258,C,3,0,0,0.0,0.0,0.0,128.0,160.0,Chine,2,0.0
P0259,C,1,0,0,0.0,0.0,0.0,152.0,190.0,Chine,2,0.0
P0259,C,2,0,0,0.0,0.0,0.0,152.0,190.0,Chine,2,0.0
P0259,C,3,0,0,0.0,0.0,0.0,152.0,190.0,Chine,2,0.0
P0260,C,1,0,0,2.2,0.0,1.78,192.0,249.6,Chine,2,0.0
P0260,C,2,4,1,0.4,0.0,1.78,192.0,249.6,Chine,2,768.0
P0260,C,3,4,1,0.0,1.33,1.78,192.0,249.6,Chine,2,768.0
P0261,C,1,0,0,1.0,0.0,0.0,270.0,351.0,Chine,2,0.0
P0261,C,2,0,0,0.5,0.0,0.47,270.0,351.0,Chine,2,0.0
P0261,C,3,0,0,0.5,0.0,0.0,270.0,351.0,Chine,2,0.0
P0262,B,1,0,0,0.0,0.0,0.0,415.0,539.5,Chine,2,0.0
P0262,B,2,0,0,0.0,0.0,0.0,415.0,539.5,Chine,2,0.0
P0262,B,3,0,0,0.0,0.0,0.0,415.0,539.5,Chine,2,0.0
P0266,C,1,0,0,19.1,0.0,6.92,32.0,41.6,Dubaï,1,0.0
P0266,C,2,0,0,12.2,0.0,6.92,32.0,41.6,Dubaï,1,0.0
P0266,C,3,14,1,5.3,0.0,6.92,32.0,41.6,Dubaï,1,448.0
P0267,C,1,22,1,0.0,1.53,10.53,58.0,75.4,Dubaï,1,1276.0
P0267,C,2,0,0,11.5,0.0,10.53,58.0,75.4,Dubaï,1,0.0
P0267,C,3,22,1,0.9,0.0,10.53,58.0,75.4,Dubaï,1,1276.0
P0268,C,1,7,1,0.0,0.02,3.02,35.0,45.5,Dubaï,1,245.0
P0268,C,2,0,0,3.6,0.0,3.43,35.0,45.5,Dubaï,1,0.0
P0268,C,3,7,1,0.2,0.0,3.39,35.0,45.5,Dubaï,1,245.0
P0269,B,1,0,0,10.9,0.0,9.06,62.0,80.6,Dubaï,1,0.0
P0269,B,2,22,1,0.9,0.0,10.09,62.0,80.6,Dubaï,1,1364.0
P0269,B,3,22,1,9.6,0.0,13.27,62.0,80.6,Dubaï,1,1364.0
P0270,B,1,24,1,0.0,6.47,9.47,90.0,117.0,Dubaï,1,2160.0
P0270,B,2,24,1,9.8,0.0,14.19,90.0,117.0,Dubaï,1,2160.0
P0270,B,3,0,0,23.0,0.0,10.86,90.0,117.0,Dubaï,1,0.0
P0271,C,1,46,1,0.0,21.58,29.58,9.0,12.6,Dubaï,1,414.0
P0271,C,2,0,0,23.4,0.0,22.63,9.0,12.6,Dubaï,1,0.0
P0271,C,3,46,1,7.3,0.0,16.11,9.0,12.6,Dubaï,1,414.0
P0272,C,1,35,1,0.0,7.41,20.41,11.0,15.4,Dubaï,1,385.0
P0272,C,2,0,0,18.8,0.0,16.25,11.0,15.4,Dubaï,1,0.0
P0272,C,3,35,1,4.2,0.0,14.58,11.0,15.4,Dubaï,1,385.0
P0273,C,1,0,0,28.0,0.0,0.0,25.0,35.0,Dubaï,1,0.0
P0273,C,2,0,0,28.0,0.0,0.0,25.0,35.0,Dubaï,1,0.0
P0273,C,3,0,0,28.0,0.0,0.0,25.0,35.0,Dubaï,1,0.0
P0274,C,1,36,1,14.2,0.0,22.82,13.0,18.2,Dubaï,1,468.0
P0274,C,2,0,0,31.6,0.0,18.59,13.0,18.2,Dubaï,1,0.0
P0274,C,3,0,0,19.3,0.0,12.26,13.0,18.2,Dubaï,1,0.0
P0275,C,1,32,1,0.0,2.75,15.75,27.0,37.8,Dubaï,1,864.0
P0275,C,2,0,0,16.2,0.0,15.75,27.0,37.8,Dubaï,1,0.0
P0275,C,3,32,1,0.5,0.0,15.75,27.0,37.8,Dubaï,1,864.0
P0276,C,1,28,1,1.2,0.0,14.76,200.0,260.0,Chine,2,5600.0
P0276,C,2,28,1,0.0,11.93,13.18,200.0,260.0,Chine,2,5600.0
P0276,C,3,0,0,15.3,0.0,12.7,200.0,260.0,Chine,2,0.0
P0277,C,1,0,0,7.0,0.0,0.0,16.0,20.8,Chine,2,0.0
P0277,C,2,0,0,5.8,0.0,1.23,16.0,20.8,Chine,2,0.0
P0277,C,3,0,0,5.8,0.0,0.0,16.0,20.8,Chine,2,0.0
P0278,C,1,23,1,0.0,5.44,10.44,12.0,15.6,Chine,2,276.0
P0278,C,2,23,1,0.0,12.62,12.62,12.0,15.6,Chine,2,276.0
P0278,C,3,0,0,12.3,0.0,10.71,12.0,15.6,Chine,2,0.0
P0279,C,1,0,0,11.2,0.0,9.81,22.0,28.6,Dubaï,1,0.0
P0279,C,2,20,1,1.4,0.0,9.81,22.0,28.6,Dubaï,1,440.0
P0279,C,3,0,0,11.6,0.0,9.81,22.0,28.6,Dubaï,1,0.0
