produit_id,magasin,mois_offset,date_decision,fournisseur,classe_abc,quantite_commandee,cout_achat,montant_total,demande_prevue,stock_final,rupture,lead_time_mois
P0006,Kolwezi Mwangeshi,2,2026-06-01,Dubaï,B,1,145.0,145.0,9.5,4.1,0.0,1
P0006,Kolwezi Ville,2,2026-06-01,Dubaï,B,1,145.0,145.0,9.5,4.1,0.0,1
P0006,Likasi,2,2026-06-01,Dubaï,B,1,145.0,145.0,9.5,4.1,0.0,1
P0006,Lomami,2,2026-06-01,Dubaï,B,1,145.0,145.0,9.5,4.1,0.0,1
P0006,Maniema,2,2026-06-01,Dubaï,B,1,145.0,145.0,9.5,4.1,0.0,1
P0006,Mobutu 1,2,2026-06-01,Dubaï,B,1,145.0,145.0,9.5,4.1,0.0,1
P0006,Mobutu 2,2,2026-06-01,Dubaï,B,2,145.0,290.0,9.5,4.1,0.0,1
P0014,Kolwezi Mwangeshi,1,2026-06-01,Dubaï,A,1,180.0,180.0,39.24,0.0,15.24,1
P0014,Kolwezi Ville,1,2026-06-01,Dubaï,A,1,180.0,180.0,39.24,0.0,15.24,1
P0014,Lomami,1,2026-06-01,Dubaï,A,1,180.0,180.0,39.24,0.0,15.24,1
P0014,Maniema,1,2026-06-01,Dubaï,A,4,180.0,720.0,39.24,0.0,15.24,1
P0014,Mobutu 1,1,2026-06-01,Dubaï,A,1,180.0,180.0,39.24,0.0,15.24,1
P0014,Mobutu 2,1,2026-06-01,Dubaï,A,47,180.0,8460.0,39.24,0.0,15.24,1
P0014,Kolwezi Mwangeshi,2,2026-06-01,Dubaï,A,1,180.0,180.0,55.05,0.0,0.0,1
P0014,Kolwezi Ville,2,2026-06-01,Dubaï,A,1,180.0,180.0,55.05,0.0,0.0,1
P0014,Lomami,2,2026-06-01,Dubaï,A,1,180.0,180.0,55.05,0.0,0.0,1
P0014,Maniema,2,2026-06-01,Dubaï,A,3,180.0,540.0,55.05,0.0,0.0,1
P0014,Mobutu 2,2,2026-06-01,Dubaï,A,40,180.0,7200.0,55.05,0.0,0.0,1
P0015,Kolwezi Ville,2,2026-06-01,Dubaï,A,2,210.0,420.0,6.66,0.0,0.0,1
P0015,Likasi,2,2026-06-01,Dubaï,A,1,210.0,210.0,6.66,0.0,0.0,1
P0015,Lomami,2,2026-06-01,Dubaï,A,1,210.0,210.0,6.66,0.0,0.0,1
P0015,Maniema,2,2026-06-01,Dubaï,A,2,210.0,420.0,6.66,0.0,0.0,1
P0015,Mobutu 2,2,2026-06-01,Dubaï,A,1,210.0,210.0,6.66,0.0,0.0,1
P0016,Kolwezi Mwangeshi,1,2026-06-01,Dubaï,A,2,220.0,440.0,34.62,2.4,0.0,1
P0016,Lomami,1,2026-06-01,Dubaï,A,2,220.0,440.0,34.62,2.4,0.0,1
P0016,Mobutu 1,1,2026-06-01,Dubaï,A,3,220.0,660.0,34.62,2.4,0.0,1
P0016,Mobutu 2,1,2026-06-01,Dubaï,A,7,220.0,1540.0,34.62,2.4,0.0,1
P0016,Kolwezi Mwangeshi,2,2026-06-01,Dubaï,A,4,220.0,880.0,16.29,0.0,0.0,1
P0016,Kolwezi Ville,2,2026-06-01,Dubaï,A,1,220.0,220.0,16.29,0.0,0.0,1
P0016,Likasi,2,2026-06-01,Dubaï,A,1,220.0,220.0,16.29,0.0,0.0,1
P0016,Lomami,2,2026-06-01,Dubaï,A,7,220.0,1540.0,16.29,0.0,0.0,1
P0016,Maniema,2,2026-06-01,Dubaï,A,1,220.0,220.0,16.29,0.0,0.0,1
P0016,Mobutu 1,2,2026-06-01,Dubaï,A,7,220.0,1540.0,16.29,0.0,0.0,1
P0016,Mobutu 2,2,2026-06-01,Dubaï,A,17,220.0,3740.0,16.29,0.0,0.0,1
P0023,Kolwezi Ville,1,2026-06-01,Dubaï,A,1,250.0,250.0,18.91,7.1,0.0,1
P0023,Lomami,1,2026-06-01,Dubaï,A,1,250.0,250.0,18.91,7.1,0.0,1
P0023,Mobutu 1,1,2026-06-01,Dubaï,A,1,250.0,250.0,18.91,7.1,0.0,1
P0023,Mobutu 2,1,2026-06-01,Dubaï,A,4,250.0,1000.0,18.91,7.1,0.0,1
P0023,Kolwezi Ville,2,2026-06-01,Dubaï,A,2,250.0,500.0,14.19,0.0,0.0,1
P0023,Likasi,2,2026-06-01,Dubaï,A,1,250.0,250.0,14.19,0.0,0.0,1
P0023,Lomami,2,2026-06-01,Dubaï,A,3,250.0,750.0,14.19,0.0,0.0,1
P0023,Mobutu 1,2,2026-06-01,Dubaï,A,3,250.0,750.0,14.19,0.0,0.0,1
P0023,Mobutu 2,2,2026-06-01,Dubaï,A,12,250.0,3000.0,14.19,0.0,0.0,1
P0037,Lomami,1,2026-06-01,Dubaï,A,1,600.0,600.0,13.31,0.0,1.31,1
P0037,Maniema,1,2026-06-01,Dubaï,A,1,600.0,600.0,13.31,0.0,1.31,1
P0037,Mobutu 1,1,2026-06-01,Dubaï,A,1,600.0,600.0,13.31,0.0,1.31,1
P0037,Mobutu 2,1,2026-06-01,Dubaï,A,3,600.0,1800.0,13.31,0.0,1.31,1
P0037,Lomami,2,2026-06-01,Dubaï,A,2,600.0,1200.0,6.21,0.0,0.0,1
P0037,Mobutu 2,2,2026-06-01,Dubaï,A,1,600.0,600.0,6.21,0.0,0.0,1
P0039,Mobutu 2,1,2026-06-01,Dubaï,B,2,184.0,368.0,9.03,0.0,9.03,1
P0039,Kolwezi Ville,2,2026-06-01,Dubaï,B,1,184.0,184.0,2.33,0.0,0.0,1
P0039,Maniema,2,2026-06-01,Dubaï,B,2,184.0,368.0,2.33,0.0,0.0,1
P0039,Mobutu 2,2,2026-06-01,Dubaï,B,9,184.0,1656.0,2.33,0.0,0.0,1
P0041,Kolwezi Ville,1,2026-06-01,Dubaï,C,3,280.0,840.0,2.72,0.0,1.72,1
P0041,Kolwezi Ville,2,2026-06-01,Dubaï,C,3,280.0,840.0,2.72,0.0,0.0,1
P0043,Mobutu 2,2,2026-06-01,Dubaï,A,1,544.0,544.0,0.0,0.0,0.0,1
P0046,Lomami,2,2026-06-01,Dubaï,A,2,288.0,576.0,3.67,0.8,0.0,1
P0046,Mobutu 1,2,2026-06-01,Dubaï,A,2,288.0,576.0,3.67,0.8,0.0,1
P0046,Mobutu 2,2,2026-06-01,Dubaï,A,4,288.0,1152.0,3.67,0.8,0.0,1
P0049,Mobutu 2,1,2026-06-01,Dubaï,C,5,72.0,360.0,6.33,1.7,0.0,1
P0049,Maniema,2,2026-06-01,Dubaï,C,1,72.0,72.0,6.33,0.0,0.0,1
P0049,Mobutu 2,2,2026-06-01,Dubaï,C,5,72.0,360.0,6.33,0.0,0.0,1
P0050,Kolwezi Ville,1,2026-06-01,Dubaï,C,1,84.0,84.0,7.31,0.0,0.31,1
P0050,Likasi,1,2026-06-01,Dubaï,C,1,84.0,84.0,7.31,0.0,0.31,1
P0050,Maniema,1,2026-06-01,Dubaï,C,1,84.0,84.0,7.31,0.0,0.31,1
P0050,Mobutu 2,1,2026-06-01,Dubaï,C,4,84.0,336.0,7.31,0.0,0.31,1
P0050,Kolwezi Ville,2,2026-06-01,Dubaï,C,1,84.0,84.0,7.31,0.0,0.0,1
P0050,Likasi,2,2026-06-01,Dubaï,C,1,84.0,84.0,7.31,0.0,0.0,1
P0050,Maniema,2,2026-06-01,Dubaï,C,1,84.0,84.0,7.31,0.0,0.0,1
P0050,Mobutu 2,2,2026-06-01,Dubaï,C,4,84.0,336.0,7.31,0.0,0.0,1
P0054,Mobutu 2,1,2026-06-01,Dubaï,B,1,320.0,320.0,2.2,4.8,0.0,1
P0054,Kolwezi Ville,2,2026-06-01,Dubaï,B,1,320.0,320.0,5.32,0.0,0.0,1
P0054,Mobutu 1,2,2026-06-01,Dubaï,B,1,320.0,320.0,5.32,0.0,0.0,1
P0054,Mobutu 2,2,2026-06-01,Dubaï,B,7,320.0,2240.0,5.32,0.0,0.0,1
P0056,Maniema,2,2026-06-01,Dubaï,A,1,280.0,280.0,5.96,0.0,0.0,1
P0056,Mobutu 1,2,2026-06-01,Dubaï,A,2,280.0,560.0,5.96,0.0,0.0,1
P0056,Mobutu 2,2,2026-06-01,Dubaï,A,6,280.0,1680.0,5.96,0.0,0.0,1
P0058,Kolwezi Ville,1,2026-06-01,Dubaï,B,1,280.0,280.0,8.97,0.0,7.97,1
P0058,Mobutu 2,1,2026-06-01,Dubaï,B,3,280.0,840.0,8.97,0.0,7.97,1
P0058,Kolwezi Ville,2,2026-06-01,Dubaï,B,1,280.0,280.0,3.57,0.0,0.0,1
P0058,Mobutu 2,2,2026-06-01,Dubaï,B,3,280.0,840.0,3.57,0.0,0.0,1
P0059,Lomami,1,2026-06-01,Dubaï,C,3,72.0,216.0,5.03,0.0,2.03,1
P0059,Maniema,1,2026-06-01,Dubaï,C,1,72.0,72.0,5.03,0.0,2.03,1
P0059,Mobutu 2,1,2026-06-01,Dubaï,C,1,72.0,72.0,5.03,0.0,2.03,1
P0059,Lomami,2,2026-06-01,Dubaï,C,3,72.0,216.0,5.03,0.0,0.0,1
P0059,Maniema,2,2026-06-01,Dubaï,C,1,72.0,72.0,5.03,0.0,0.0,1
P0059,Mobutu 2,2,2026-06-01,Dubaï,C,1,72.0,72.0,5.03,0.0,0.0,1
P0060,Kolwezi Mwangeshi,1,2026-06-01,Dubaï,A,1,420.0,420.0,5.18,0.0,2.18,1
P0060,Kolwezi Ville,1,2026-06-01,Dubaï,A,1,420.0,420.0,5.18,0.0,2.18,1
P0060,Lomami,1,2026-06-01,Dubaï,A,2,420.0,840.0,5.18,0.0,2.18,1
P0060,Mobutu 1,1,2026-06-01,Dubaï,A,1,420.0,420.0,5.18,0.0,2.18,1
P0060,Mobutu 2,1,2026-06-01,Dubaï,A,4,420.0,1680.0,5.18,0.0,2.18,1
P0060,Kolwezi Mwangeshi,2,2026-06-01,Dubaï,A,2,420.0,840.0,8.66,0.0,0.0,1
P0060,Kolwezi Ville,2,2026-06-01,Dubaï,A,1,420.0,420.0,8.66,0.0,0.0,1
P0060,Likasi,2,2026-06-01,Dubaï,A,1,420.0,420.0,8.66,0.0,0.0,1
P0060,Lomami,2,2026-06-01,Dubaï,A,2,420.0,840.0,8.66,0.0,0.0,1
P0060,Mobutu 1,2,2026-06-01,Dubaï,A,1,420.0,420.0,8.66,0.0,0.0,1
P0060,Mobutu 2,2,2026-06-01,Dubaï,A,4,420.0,1680.0,8.66,0.0,0.0,1
P0062,Mobutu 2,2,2026-06-01,Dubaï,A,2,360.0,720.0,3.63,3.9,0.0,1
P0066,Mobutu 2,2,2026-06-01,Dubaï,A,2,552.0,1104.0,1.56,1.6,0.0,1
P0068,Kolwezi Mwangeshi,1,2026-06-01,Dubaï,A,1,833.0,833.0,1.73,0.0,0.73,1
P0072,Mobutu 2,1,2026-06-01,Dubaï,A,5,790.0,3950.0,8.13,0.0,2.13,1
P0072,Mobutu 2,2,2026-06-01,Dubaï,A,4,790.0,3160.0,4.82,0.0,0.0,1
P0078,Kolwezi Mwangeshi,1,2026-06-01,Dubaï,A,1,935.0,935.0,4.26,1.7,0.0,1
P0078,Lomami,1,2026-06-01,Dubaï,A,2,935.0,1870.0,4.26,1.7,0.0,1
P0078,Mobutu 1,1,2026-06-01,Dubaï,A,1,935.0,935.0,4.26,1.7,0.0,1
P0078,Mobutu 2,1,2026-06-01,Dubaï,A,4,935.0,3740.0,4.26,1.7,0.0,1
P0080,Kolwezi Mwangeshi,1,2026-06-01,Dubaï,A,1,1105.0,1105.0,7.11,0.0,3.11,1
P0080,Lomami,1,2026-06-01,Dubaï,A,1,1105.0,1105.0,7.11,0.0,3.11,1
P0080,Maniema,1,2026-06-01,Dubaï,A,1,1105.0,1105.0,7.11,0.0,3.11,1
P0080,Mobutu 1,1,2026-06-01,Dubaï,A,2,1105.0,2210.0,7.11,0.0,3.11,1
P0080,Mobutu 2,1,2026-06-01,Dubaï,A,5,1105.0,5525.0,7.11,0.0,3.11,1
P0080,Kolwezi Mwangeshi,2,2026-06-01,Dubaï,A,1,1105.0,1105.0,9.81,0.0,0.0,1
P0080,Lomami,2,2026-06-01,Dubaï,A,1,1105.0,1105.0,9.81,0.0,0.0,1
P0080,Mobutu 1,2,2026-06-01,Dubaï,A,2,1105.0,2210.0,9.81,0.0,0.0,1
P0080,Mobutu 2,2,2026-06-01,Dubaï,A,3,1105.0,3315.0,9.81,0.0,0.0,1
P0086,Kolwezi Mwangeshi,1,2026-06-01,Chine,B,1,200.0,200.0,13.1,2.9,0.0,2
P0086,Kolwezi Ville,1,2026-06-01,Chine,B,1,200.0,200.0,13.1,2.9,0.0,2
P0086,Lomami,1,2026-06-01,Chine,B,3,200.0,600.0,13.1,2.9,0.0,2
P0086,Mobutu 1,1,2026-06-01,Chine,B,1,200.0,200.0,13.1,2.9,0.0,2
P0086,Mobutu 2,1,2026-06-01,Chine,B,5,200.0,1000.0,13.1,2.9,0.0,2
P0088,Kolwezi Ville,1,2026-06-01,Chine,A,1,464.0,464.0,5.15,0.8,0.0,2
P0088,Lomami,1,2026-06-01,Chine,A,2,464.0,928.0,5.15,0.8,0.0,2
P0088,Maniema,1,2026-06-01,Chine,A,1,464.0,464.0,5.15,0.8,0.0,2
P0088,Mobutu 2,1,2026-06-01,Chine,A,3,464.0,1392.0,5.15,0.8,0.0,2
P0089,Kolwezi Mwangeshi,1,2026-06-01,Dubaï,B,1,360.0,360.0,3.62,1.4,0.0,1
P0089,Mobutu 2,1,2026-06-01,Dubaï,B,6,360.0,2160.0,3.62,1.4,0.0,1
P0089,Mobutu 2,2,2026-06-01,Dubaï,B,1,360.0,360.0,7.97,0.0,0.0,1
P0092,Mobutu 2,2,2026-06-01,Dubaï,A,2,480.0,960.0,0.0,0.0,0.0,1
P0094,Kolwezi Mwangeshi,1,2026-06-01,Chine,A,1,245.0,245.0,11.33,0.0,1.33,2
P0094,Kolwezi Ville,1,2026-06-01,Chine,A,1,245.0,245.0,11.33,0.0,1.33,2
P0094,Likasi,1,2026-06-01,Chine,A,1,245.0,245.0,11.33,0.0,1.33,2
P0094,Maniema,1,2026-06-01,Chine,A,1,245.0,245.0,11.33,0.0,1.33,2
P0094,Mobutu 1,1,2026-06-01,Chine,A,1,245.0,245.0,11.33,0.0,1.33,2
P0094,Mobutu 2,1,2026-06-01,Chine,A,2,245.0,490.0,11.33,0.0,1.33,2
P0095,Kolwezi Mwangeshi,1,2026-06-01,Chine,B,2,75.0,150.0,46.49,0.0,33.49,2
P0095,Kolwezi Ville,1,2026-06-01,Chine,B,2,75.0,150.0,46.49,0.0,33.49,2
P0095,Likasi,1,2026-06-01,Chine,B,1,75.0,75.0,46.49,0.0,33.49,2
P0095,Lomami,1,2026-06-01,Chine,B,4,75.0,300.0,46.49,0.0,33.49,2
P0095,Maniema,1,2026-06-01,Chine,B,1,75.0,75.0,46.49,0.0,33.49,2
P0095,Mobutu 1,1,2026-06-01,Chine,B,2,75.0,150.0,46.49,0.0,33.49,2
P0095,Mobutu 2,1,2026-06-01,Chine,B,6,75.0,450.0,46.49,0.0,33.49,2
P0096,Kolwezi Mwangeshi,1,2026-06-01,Chine,A,1,98.0,98.0,14.02,1.0,0.0,2
P0096,Kolwezi Ville,1,2026-06-01,Chine,A,1,98.0,98.0,14.02,1.0,0.0,2
P0096,Lomami,1,2026-06-01,Chine,A,2,98.0,196.0,14.02,1.0,0.0,2
P0096,Maniema,1,2026-06-01,Chine,A,2,98.0,196.0,14.02,1.0,0.0,2
P0096,Mobutu 1,1,2026-06-01,Chine,A,2,98.0,196.0,14.02,1.0,0.0,2
P0096,Mobutu 2,1,2026-06-01,Chine,A,4,98.0,392.0,14.02,1.0,0.0,2
P0098,Likasi,1,2026-06-01,Chine,A,1,192.0,192.0,24.42,0.0,18.42,2
P0098,Lomami,1,2026-06-01,Chine,A,2,192.0,384.0,24.42,0.0,18.42,2
P0098,Maniema,1,2026-06-01,Chine,A,1,192.0,192.0,24.42,0.0,18.42,2
P0098,Mobutu 1,1,2026-06-01,Chine,A,1,192.0,192.0,24.42,0.0,18.42,2
P0098,Mobutu 2,1,2026-06-01,Chine,A,3,192.0,576.0,24.42,0.0,18.42,2
P0099,Kolwezi Mwangeshi,1,2026-06-01,Chine,B,2,57.0,114.0,22.6,0.4,0.0,2
P0099,Kolwezi Ville,1,2026-06-01,Chine,B,2,57.0,114.0,22.6,0.4,0.0,2
P0099,Lomami,1,2026-06-01,Chine,B,3,57.0,171.0,22.6,0.4,0.0,2
P0099,Maniema,1,2026-06-01,Chine,B,2,57.0,114.0,22.6,0.4,0.0,2
P0099,Mobutu 1,1,2026-06-01,Chine,B,3,57.0,171.0,22.6,0.4,0.0,2
P0099,Mobutu 2,1,2026-06-01,Chine,B,7,57.0,399.0,22.6,0.4,0.0,2
P0102,Kolwezi Ville,1,2026-06-01,Chine,B,3,65.0,195.0,28.5,0.0,16.5,2
P0102,Likasi,1,2026-06-01,Chine,B,1,65.0,65.0,28.5,0.0,16.5,2
P0102,Lomami,1,2026-06-01,Chine,B,6,65.0,390.0,28.5,0.0,16.5,2
P0102,Maniema,1,2026-06-01,Chine,B,3,65.0,195.0,28.5,0.0,16.5,2
P0102,Mobutu 1,1,2026-06-01,Chine,B,4,65.0,260.0,28.5,0.0,16.5,2
P0102,Mobutu 2,1,2026-06-01,Chine,B,11,65.0,715.0,28.5,0.0,16.5,2
P0103,Kolwezi Mwangeshi,1,2026-06-01,Chine,C,2,15.0,30.0,20.5,0.0,10.5,2
P0103,Kolwezi Ville,1,2026-06-01,Chine,C,2,15.0,30.0,20.5,0.0,10.5,2
P0103,Lomami,1,2026-06-01,Chine,C,6,15.0,90.0,20.5,0.0,10.5,2
P0103,Maniema,1,2026-06-01,Chine,C,3,15.0,45.0,20.5,0.0,10.5,2
P0103,Mobutu 2,1,2026-06-01,Chine,C,7,15.0,105.0,20.5,0.0,10.5,2
P0104,Kolwezi Mwangeshi,1,2026-06-01,Dubaï,A,2,320.0,640.0,26.12,0.0,3.12,1
P0104,Kolwezi Ville,1,2026-06-01,Dubaï,A,2,320.0,640.0,26.12,0.0,3.12,1
P0104,Likasi,1,2026-06-01,Dubaï,A,1,320.0,320.0,26.12,0.0,3.12,1
P0104,Lomami,1,2026-06-01,Dubaï,A,4,320.0,1280.0,26.12,0.0,3.12,1
P0104,Maniema,1,2026-06-01,Dubaï,A,2,320.0,640.0,26.12,0.0,3.12,1
P0104,Mobutu 1,1,2026-06-01,Dubaï,A,3,320.0,960.0,26.12,0.0,3.12,1
P0104,Mobutu 2,1,2026-06-01,Dubaï,A,4,320.0,1280.0,26.12,0.0,3.12,1
P0104,Kolwezi Mwangeshi,2,2026-06-01,Dubaï,A,1,320.0,320.0,17.79,0.0,0.0,1
P0104,Kolwezi Ville,2,2026-06-01,Dubaï,A,1,320.0,320.0,17.79,0.0,0.0,1
P0104,Likasi,2,2026-06-01,Dubaï,A,1,320.0,320.0,17.79,0.0,0.0,1
P0104,Lomami,2,2026-06-01,Dubaï,A,3,320.0,960.0,17.79,0.0,0.0,1
P0104,Maniema,2,2026-06-01,Dubaï,A,2,320.0,640.0,17.79,0.0,0.0,1
P0104,Mobutu 1,2,2026-06-01,Dubaï,A,2,320.0,640.0,17.79,0.0,0.0,1
P0104,Mobutu 2,2,2026-06-01,Dubaï,A,3,320.0,960.0,17.79,0.0,0.0,1
P0105,Kolwezi Mwangeshi,1,2026-06-01,Dubaï,A,2,480.0,960.0,21.97,0.0,0.97,1
P0105,Kolwezi Ville,1,2026-06-01,Dubaï,A,2,480.0,960.0,21.97,0.0,0.97,1
P0105,Likasi,1,2026-06-01,Dubaï,A,1,480.0,480.0,21.97,0.0,0.97,1
P0105,Lomami,1,2026-06-01,Dubaï,A,4,480.0,1920.0,21.97,0.0,0.97,1
P0105,Mobutu 1,1,2026-06-01,Dubaï,A,3,480.0,1440.0,21.97,0.0,0.97,1
P0105,Mobutu 2,1,2026-06-01,Dubaï,A,8,480.0,3840.0,21.97,0.0,0.97,1
P0105,Kolwezi Mwangeshi,2,2026-06-01,Dubaï,A,1,480.0,480.0,20.41,0.0,0.0,1
P0105,Kolwezi Ville,2,2026-06-01,Dubaï,A,1,480.0,480.0,20.41,0.0,0.0,1
P0105,Likasi,2,2026-06-01,Dubaï,A,1,480.0,480.0,20.41,0.0,0.0,1
P0105,Lomami,2,2026-06-01,Dubaï,A,2,480.0,960.0,20.41,0.0,0.0,1
P0105,Mobutu 1,2,2026-06-01,Dubaï,A,2,480.0,960.0,20.41,0.0,0.0,1
P0105,Mobutu 2,2,2026-06-01,Dubaï,A,4,480.0,1920.0,20.41,0.0,0.0,1
P0109,Kolwezi Mwangeshi,1,2026-06-01,Chine,A,2,135.0,270.0,17.4,12.6,0.0,2
P0109,Kolwezi Ville,1,2026-06-01,Chine,A,1,135.0,135.0,17.4,12.6,0.0,2
P0109,Likasi,1,2026-06-01,Chine,A,1,135.0,135.0,17.4,12.6,0.0,2
P0109,Lomami,1,2026-06-01,Chine,A,3,135.0,405.0,17.4,12.6,0.0,2
P0109,Mobutu 2,1,2026-06-01,Chine,A,6,135.0,810.0,17.4,12.6,0.0,2
P0112,Kolwezi Mwangeshi,1,2026-06-01,Chine,B,2,88.0,176.0,21.35,10.7,0.0,2
P0112,Kolwezi Ville,1,2026-06-01,Chine,B,2,88.0,176.0,21.35,10.7,0.0,2
P0112,Likasi,1,2026-06-01,Chine,B,2,88.0,176.0,21.35,10.7,0.0,2
P0112,Lomami,1,2026-06-01,Chine,B,5,88.0,440.0,21.35,10.7,0.0,2
P0112,Maniema,1,2026-06-01,Chine,B,3,88.0,264.0,21.35,10.7,0.0,2
P0112,Mobutu 1,1,2026-06-01,Chine,B,3,88.0,264.0,21.35,10.7,0.0,2
P0112,Mobutu 2,1,2026-06-01,Chine,B,10,88.0,880.0,21.35,10.7,0.0,2
P0113,Kolwezi Mwangeshi,1,2026-06-01,Chine,B,2,75.0,150.0,21.74,0.0,15.74,2
P0113,Kolwezi Ville,1,2026-06-01,Chine,B,2,75.0,150.0,21.74,0.0,15.74,2
P0113,Likasi,1,2026-06-01,Chine,B,2,75.0,150.0,21.74,0.0,15.74,2
P0113,Maniema,1,2026-06-01,Chine,B,2,75.0,150.0,21.74,0.0,15.74,2
P0113,Mobutu 1,1,2026-06-01,Chine,B,5,75.0,375.0,21.74,0.0,15.74,2
P0115,Kolwezi Mwangeshi,1,2026-06-01,Chine,A,2,200.0,400.0,16.33,1.7,0.0,2
P0115,Kolwezi Ville,1,2026-06-01,Chine,A,1,200.0,200.0,16.33,1.7,0.0,2
P0115,Likasi,1,2026-06-01,Chine,A,1,200.0,200.0,16.33,1.7,0.0,2
P0115,Lomami,1,2026-06-01,Chine,A,3,200.0,600.0,16.33,1.7,0.0,2
P0115,Maniema,1,2026-06-01,Chine,A,2,200.0,400.0,16.33,1.7,0.0,2
P0115,Mobutu 2,1,2026-06-01,Chine,A,5,200.0,1000.0,16.33,1.7,0.0,2
P0120,Kolwezi Mwangeshi,1,2026-06-01,Chine,C,2,1.0,2.0,46.28,69.7,0.0,2
P0120,Kolwezi Ville,1,2026-06-01,Chine,C,1,1.0,1.0,46.28,69.7,0.0,2
P0120,Likasi,1,2026-06-01,Chine,C,2,1.0,2.0,46.28,69.7,0.0,2
P0120,Lomami,1,2026-06-01,Chine,C,5,1.0,5.0,46.28,69.7,0.0,2
P0120,Maniema,1,2026-06-01,Chine,C,3,1.0,3.0,46.28,69.7,0.0,2
P0120,Mobutu 1,1,2026-06-01,Chine,C,4,1.0,4.0,46.28,69.7,0.0,2
P0120,Mobutu 2,1,2026-06-01,Chine,C,6,1.0,6.0,46.28,69.7,0.0,2
P0122,Kolwezi Mwangeshi,1,2026-06-01,Chine,C,4,7.5,30.0,57.42,14.6,0.0,2
P0122,Kolwezi Ville,1,2026-06-01,Chine,C,3,7.5,22.5,57.42,14.6,0.0,2
P0122,Likasi,1,2026-06-01,Chine,C,3,7.5,22.5,57.42,14.6,0.0,2
P0122,Lomami,1,2026-06-01,Chine,C,7,7.5,52.5,57.42,14.6,0.0,2
P0122,Maniema,1,2026-06-01,Chine,C,5,7.5,37.5,57.42,14.6,0.0,2
P0122,Mobutu 1,1,2026-06-01,Chine,C,7,7.5,52.5,57.42,14.6,0.0,2
P0122,Mobutu 2,1,2026-06-01,Chine,C,12,7.5,90.0,57.42,14.6,0.0,2
P0123,Kolwezi Mwangeshi,1,2026-06-01,Chine,C,3,11.0,33.0,42.14,35.9,0.0,2
P0123,Kolwezi Ville,1,2026-06-01,Chine,C,4,11.0,44.0,42.14,35.9,0.0,2
P0123,Likasi,1,2026-06-01,Chine,C,4,11.0,44.0,42.14,35.9,0.0,2
P0123,Lomami,1,2026-06-01,Chine,C,9,11.0,99.0,42.14,35.9,0.0,2
P0123,Maniema,1,2026-06-01,Chine,C,5,11.0,55.0,42.14,35.9,0.0,2
P0123,Mobutu 1,1,2026-06-01,Chine,C,5,11.0,55.0,42.14,35.9,0.0,2
P0123,Mobutu 2,1,2026-06-01,Chine,C,11,11.0,121.0,42.14,35.9,0.0,2
P0125,Kolwezi Mwangeshi,1,2026-06-01,Chine,C,3,5.0,15.0,41.61,0.4,0.0,2
P0125,Kolwezi Ville,1,2026-06-01,Chine,C,4,5.0,20.0,41.61,0.4,0.0,2
P0125,Likasi,1,2026-06-01,Chine,C,5,5.0,25.0,41.61,0.4,0.0,2
P0125,Lomami,1,2026-06-01,Chine,C,9,5.0,45.0,41.61,0.4,0.0,2
P0125,Maniema,1,2026-06-01,Chine,C,5,5.0,25.0,41.61,0.4,0.0,2
P0125,Mobutu 1,1,2026-06-01,Chine,C,5,5.0,25.0,41.61,0.4,0.0,2
P0125,Mobutu 2,1,2026-06-01,Chine,C,11,5.0,55.0,41.61,0.4,0.0,2
P0127,Kolwezi Mwangeshi,1,2026-06-01,Chine,C,3,4.0,12.0,37.86,32.1,0.0,2
P0127,Kolwezi Ville,1,2026-06-01,Chine,C,3,4.0,12.0,37.86,32.1,0.0,2
P0127,Likasi,1,2026-06-01,Chine,C,3,4.0,12.0,37.86,32.1,0.0,2
P0127,Lomami,1,2026-06-01,Chine,C,8,4.0,32.0,37.86,32.1,0.0,2
P0127,Maniema,1,2026-06-01,Chine,C,5,4.0,20.0,37.86,32.1,0.0,2
P0127,Mobutu 1,1,2026-06-01,Chine,C,6,4.0,24.0,37.86,32.1,0.0,2
P0127,Mobutu 2,1,2026-06-01,Chine,C,10,4.0,40.0,37.86,32.1,0.0,2
P0130,Kolwezi Mwangeshi,1,2026-06-01,Chine,C,4,3.5,14.0,45.78,16.2,0.0,2
P0130,Kolwezi Ville,1,2026-06-01,Chine,C,4,3.5,14.0,45.78,16.2,0.0,2
P0130,Likasi,1,2026-06-01,Chine,C,3,3.5,10.5,45.78,16.2,0.0,2
P0130,Lomami,1,2026-06-01,Chine,C,10,3.5,35.0,45.78,16.2,0.0,2
P0130,Maniema,1,2026-06-01,Chine,C,4,3.5,14.0,45.78,16.2,0.0,2
P0130,Mobutu 1,1,2026-06-01,Chine,C,8,3.5,28.0,45.78,16.2,0.0,2
P0130,Mobutu 2,1,2026-06-01,Chine,C,13,3.5,45.5,45.78,16.2,0.0,2
P0132,Kolwezi Mwangeshi,1,2026-06-01,Chine,C,3,4.5,13.5,66.35,54.7,0.0,2
P0132,Kolwezi Ville,1,2026-06-01,Chine,C,2,4.5,9.0,66.35,54.7,0.0,2
P0132,Likasi,1,2026-06-01,Chine,C,2,4.5,9.0,66.35,54.7,0.0,2
P0132,Lomami,1,2026-06-01,Chine,C,5,4.5,22.5,66.35,54.7,0.0,2
P0132,Maniema,1,2026-06-01,Chine,C,3,4.5,13.5,66.35,54.7,0.0,2
P0132,Mobutu 1,1,2026-06-01,Chine,C,3,4.5,13.5,66.35,54.7,0.0,2
P0132,Mobutu 2,1,2026-06-01,Chine,C,7,4.5,31.5,66.35,54.7,0.0,2
P0134,Kolwezi Mwangeshi,1,2026-06-01,Chine,C,1,14.0,14.0,89.04,0.0,65.04,2
P0134,Kolwezi Ville,1,2026-06-01,Chine,C,4,14.0,56.0,89.04,0.0,65.04,2
P0134,Likasi,1,2026-06-01,Chine,C,4,14.0,56.0,89.04,0.0,65.04,2
P0134,Lomami,1,2026-06-01,Chine,C,13,14.0,182.0,89.04,0.0,65.04,2
P0134,Maniema,1,2026-06-01,Chine,C,4,14.0,56.0,89.04,0.0,65.04,2
P0134,Mobutu 1,1,2026-06-01,Chine,C,7,14.0,98.0,89.04,0.0,65.04,2
P0134,Mobutu 2,1,2026-06-01,Chine,C,15,14.0,210.0,89.04,0.0,65.04,2
P0135,Kolwezi Mwangeshi,1,2026-06-01,Chine,C,5,13.0,65.0,52.64,0.0,40.64,2
P0135,Kolwezi Ville,1,2026-06-01,Chine,C,3,13.0,39.0,52.64,0.0,40.64,2
P0135,Likasi,1,2026-06-01,Chine,C,4,13.0,52.0,52.64,0.0,40.64,2
P0135,Lomami,1,2026-06-01,Chine,C,10,13.0,130.0,52.64,0.0,40.64,2
P0135,Maniema,1,2026-06-01,Chine,C,3,13.0,39.0,52.64,0.0,40.64,2
P0135,Mobutu 1,1,2026-06-01,Chine,C,5,13.0,65.0,52.64,0.0,40.64,2
P0135,Mobutu 2,1,2026-06-01,Chine,C,12,13.0,156.0,52.64,0.0,40.64,2
P0136,Kolwezi Mwangeshi,1,2026-06-01,Chine,C,5,12.0,60.0,44.58,0.0,32.58,2
P0136,Kolwezi Ville,1,2026-06-01,Chine,C,5,12.0,60.0,44.58,0.0,32.58,2
P0136,Likasi,1,2026-06-01,Chine,C,3,12.0,36.0,44.58,0.0,32.58,2
P0136,Lomami,1,2026-06-01,Chine,C,9,12.0,108.0,44.58,0.0,32.58,2
P0136,Maniema,1,2026-06-01,Chine,C,6,12.0,72.0,44.58,0.0,32.58,2
P0136,Mobutu 1,1,2026-06-01,Chine,C,4,12.0,48.0,44.58,0.0,32.58,2
P0136,Mobutu 2,1,2026-06-01,Chine,C,13,12.0,156.0,44.58,0.0,32.58,2
P0138,Kolwezi Mwangeshi,1,2026-06-01,Chine,B,5,22.0,110.0,42.36,0.0,24.36,2
P0138,Kolwezi Ville,1,2026-06-01,Chine,B,4,22.0,88.0,42.36,0.0,24.36,2
P0138,Likasi,1,2026-06-01,Chine,B,3,22.0,66.0,42.36,0.0,24.36,2
P0138,Lomami,1,2026-06-01,Chine,B,1,22.0,22.0,42.36,0.0,24.36,2
P0138,Maniema,1,2026-06-01,Chine,B,4,22.0,88.0,42.36,0.0,24.36,2
P0138,Mobutu 1,1,2026-06-01,Chine,B,7,22.0,154.0,42.36,0.0,24.36,2
P0138,Mobutu 2,1,2026-06-01,Chine,B,9,22.0,198.0,42.36,0.0,24.36,2
P0140,Kolwezi Mwangeshi,1,2026-06-01,Chine,C,4,6.0,24.0,36.8,0.0,10.8,2
P0140,Kolwezi Ville,1,2026-06-01,Chine,C,3,6.0,18.0,36.8,0.0,10.8,2
P0140,Likasi,1,2026-06-01,Chine,C,2,6.0,12.0,36.8,0.0,10.8,2
P0140,Lomami,1,2026-06-01,Chine,C,7,6.0,42.0,36.8,0.0,10.8,2
P0140,Maniema,1,2026-06-01,Chine,C,2,6.0,12.0,36.8,0.0,10.8,2
P0140,Mobutu 1,1,2026-06-01,Chine,C,7,6.0,42.0,36.8,0.0,10.8,2
P0140,Mobutu 2,1,2026-06-01,Chine,C,14,6.0,84.0,36.8,0.0,10.8,2
P0141,Kolwezi Mwangeshi,1,2026-06-01,Chine,C,6,11.0,66.0,40.58,0.0,13.58,2
P0141,Kolwezi Ville,1,2026-06-01,Chine,C,5,11.0,55.0,40.58,0.0,13.58,2
P0141,Likasi,1,2026-06-01,Chine,C,3,11.0,33.0,40.58,0.0,13.58,2
P0141,Lomami,1,2026-06-01,Chine,C,9,11.0,99.0,40.58,0.0,13.58,2
P0141,Maniema,1,2026-06-01,Chine,C,4,11.0,44.0,40.58,0.0,13.58,2
P0141,Mobutu 1,1,2026-06-01,Chine,C,1,11.0,11.0,40.58,0.0,13.58,2
P0141,Mobutu 2,1,2026-06-01,Chine,C,13,11.0,143.0,40.58,0.0,13.58,2
P0143,Kolwezi Mwangeshi,1,2026-06-01,Chine,C,4,3.0,12.0,37.61,0.0,29.61,2
P0143,Kolwezi Ville,1,2026-06-01,Chine,C,1,3.0,3.0,37.61,0.0,29.61,2
P0143,Likasi,1,2026-06-01,Chine,C,1,3.0,3.0,37.61,0.0,29.61,2
P0143,Lomami,1,2026-06-01,Chine,C,9,3.0,27.0,37.61,0.0,29.61,2
P0143,Maniema,1,2026-06-01,Chine,C,5,3.0,15.0,37.61,0.0,29.61,2
P0143,Mobutu 1,1,2026-06-01,Chine,C,6,3.0,18.0,37.61,0.0,29.61,2
P0143,Mobutu 2,1,2026-06-01,Chine,C,12,3.0,36.0,37.61,0.0,29.61,2
P0145,Kolwezi Mwangeshi,1,2026-06-01,Chine,B,4,28.0,112.0,56.54,0.0,36.54,2
P0145,Kolwezi Ville,1,2026-06-01,Chine,B,5,28.0,140.0,56.54,0.0,36.54,2
P0145,Likasi,1,2026-06-01,Chine,B,6,28.0,168.0,56.54,0.0,36.54,2
P0145,Lomami,1,2026-06-01,Chine,B,12,28.0,336.0,56.54,0.0,36.54,2
P0145,Maniema,1,2026-06-01,Chine,B,5,28.0,140.0,56.54,0.0,36.54,2
P0145,Mobutu 1,1,2026-06-01,Chine,B,9,28.0,252.0,56.54,0.0,36.54,2
P0145,Mobutu 2,1,2026-06-01,Chine,B,17,28.0,476.0,56.54,0.0,36.54,2
P0146,Kolwezi Mwangeshi,1,2026-06-01,Dubaï,B,6,38.0,228.0,37.65,0.0,2.65,1
P0146,Kolwezi Ville,1,2026-06-01,Dubaï,B,5,38.0,190.0,37.65,0.0,2.65,1
P0146,Likasi,1,2026-06-01,Dubaï,B,4,38.0,152.0,37.65,0.0,2.65,1
P0146,Lomami,1,2026-06-01,Dubaï,B,1,38.0,38.0,37.65,0.0,2.65,1
P0146,Maniema,1,2026-06-01,Dubaï,B,1,38.0,38.0,37.65,0.0,2.65,1
P0146,Mobutu 1,1,2026-06-01,Dubaï,B,9,38.0,342.0,37.65,0.0,2.65,1
P0146,Mobutu 2,1,2026-06-01,Dubaï,B,14,38.0,532.0,37.65,0.0,2.65,1
P0146,Kolwezi Mwangeshi,2,2026-06-01,Dubaï,B,5,38.0,190.0,39.81,0.0,0.0,1
P0146,Kolwezi Ville,2,2026-06-01,Dubaï,B,4,38.0,152.0,39.81,0.0,0.0,1
P0146,Likasi,2,2026-06-01,Dubaï,B,4,38.0,152.0,39.81,0.0,0.0,1
P0146,Lomami,2,2026-06-01,Dubaï,B,1,38.0,38.0,39.81,0.0,0.0,1
P0146,Mobutu 1,2,2026-06-01,Dubaï,B,8,38.0,304.0,39.81,0.0,0.0,1
P0146,Mobutu 2,2,2026-06-01,Dubaï,B,16,38.0,608.0,39.81,0.0,0.0,1
P0147,Kolwezi Mwangeshi,1,2026-06-01,Dubaï,A,1,38.0,38.0,40.88,0.0,18.88,1
P0147,Kolwezi Ville,1,2026-06-01,Dubaï,A,1,38.0,38.0,40.88,0.0,18.88,1
P0147,Likasi,1,2026-06-01,Dubaï,A,1,38.0,38.0,40.88,0.0,18.88,1
P0147,Lomami,1,2026-06-01,Dubaï,A,3,38.0,114.0,40.88,0.0,18.88,1
P0147,Maniema,1,2026-06-01,Dubaï,A,1,38.0,38.0,40.88,0.0,18.88,1
P0147,Mobutu 1,1,2026-06-01,Dubaï,A,2,38.0,76.0,40.88,0.0,18.88,1
P0147,Mobutu 2,1,2026-06-01,Dubaï,A,5,38.0,190.0,40.88,0.0,18.88,1
P0147,Kolwezi Mwangeshi,2,2026-06-01,Dubaï,A,2,38.0,76.0,13.68,0.0,0.0,1
P0147,Kolwezi Ville,2,2026-06-01,Dubaï,A,2,38.0,76.0,13.68,0.0,0.0,1
P0147,Likasi,2,2026-06-01,Dubaï,A,2,38.0,76.0,13.68,0.0,0.0,1
P0147,Lomami,2,2026-06-01,Dubaï,A,6,38.0,228.0,13.68,0.0,0.0,1
P0147,Maniema,2,2026-06-01,Dubaï,A,2,38.0,76.0,13.68,0.0,0.0,1
P0147,Mobutu 1,2,2026-06-01,Dubaï,A,4,38.0,152.0,13.68,0.0,0.0,1
P0147,Mobutu 2,2,2026-06-01,Dubaï,A,6,38.0,228.0,13.68,0.0,0.0,1
P0148,Kolwezi Mwangeshi,1,2026-06-01,Chine,C,5,14.0,70.0,36.89,0.0,8.89,2
P0148,Kolwezi Ville,1,2026-06-01,Chine,C,4,14.0,56.0,36.89,0.0,8.89,2
P0148,Likasi,1,2026-06-01,Chine,C,3,14.0,42.0,36.89,0.0,8.89,2
P0148,Lomami,1,2026-06-01,Chine,C,1,14.0,14.0,36.89,0.0,8.89,2
P0148,Maniema,1,2026-06-01,Chine,C,5,14.0,70.0,36.89,0.0,8.89,2
P0148,Mobutu 1,1,2026-06-01,Chine,C,6,14.0,84.0,36.89,0.0,8.89,2
P0148,Mobutu 2,1,2026-06-01,Chine,C,13,14.0,182.0,36.89,0.0,8.89,2
P0149,Kolwezi Mwangeshi,1,2026-06-01,Chine,B,3,22.0,66.0,54.4,0.0,35.4,2
P0149,Kolwezi Ville,1,2026-06-01,Chine,B,3,22.0,66.0,54.4,0.0,35.4,2
P0149,Likasi,1,2026-06-01,Chine,B,3,22.0,66.0,54.4,0.0,35.4,2
P0149,Lomami,1,2026-06-01,Chine,B,6,22.0,132.0,54.4,0.0,35.4,2
P0149,Maniema,1,2026-06-01,Chine,B,3,22.0,66.0,54.4,0.0,35.4,2
P0149,Mobutu 1,1,2026-06-01,Chine,B,6,22.0,132.0,54.4,0.0,35.4,2
P0149,Mobutu 2,1,2026-06-01,Chine,B,11,22.0,242.0,54.4,0.0,35.4,2
P0150,Kolwezi Ville,1,2026-06-01,Chine,C,2,18.0,36.0,31.92,45.1,0.0,2
P0150,Likasi,1,2026-06-01,Chine,C,2,18.0,36.0,31.92,45.1,0.0,2
P0150,Lomami,1,2026-06-01,Chine,C,4,18.0,72.0,31.92,45.1,0.0,2
P0150,Mobutu 1,1,2026-06-01,Chine,C,3,18.0,54.0,31.92,45.1,0.0,2
P0150,Mobutu 2,1,2026-06-01,Chine,C,8,18.0,144.0,31.92,45.1,0.0,2
P0151,Kolwezi Mwangeshi,1,2026-06-01,Chine,C,3,9.0,27.0,52.08,0.0,36.08,2
P0151,Likasi,1,2026-06-01,Chine,C,4,9.0,36.0,52.08,0.0,36.08,2
P0151,Lomami,1,2026-06-01,Chine,C,12,9.0,108.0,52.08,0.0,36.08,2
P0151,Maniema,1,2026-06-01,Chine,C,5,9.0,45.0,52.08,0.0,36.08,2
P0151,Mobutu 2,1,2026-06-01,Chine,C,15,9.0,135.0,52.08,0.0,36.08,2
P0152,Kolwezi Mwangeshi,1,2026-06-01,Chine,B,4,18.0,72.0,39.1,0.0,15.1,2
P0152,Kolwezi Ville,1,2026-06-01,Chine,B,3,18.0,54.0,39.1,0.0,15.1,2
P0152,Likasi,1,2026-06-01,Chine,B,3,18.0,54.0,39.1,0.0,15.1,2
P0152,Lomami,1,2026-06-01,Chine,B,6,18.0,108.0,39.1,0.0,15.1,2
P0152,Maniema,1,2026-06-01,Chine,B,4,18.0,72.0,39.1,0.0,15.1,2
P0152,Mobutu 1,1,2026-06-01,Chine,B,5,18.0,90.0,39.1,0.0,15.1,2
P0152,Mobutu 2,1,2026-06-01,Chine,B,11,18.0,198.0,39.1,0.0,15.1,2
P0153,Kolwezi Mwangeshi,1,2026-06-01,Chine,C,2,5.0,10.0,56.0,0.0,16.0,2
P0153,Likasi,1,2026-06-01,Chine,C,4,5.0,20.0,56.0,0.0,16.0,2
P0153,Lomami,1,2026-06-01,Chine,C,8,5.0,40.0,56.0,0.0,16.0,2
P0153,Maniema,1,2026-06-01,Chine,C,4,5.0,20.0,56.0,0.0,16.0,2
P0153,Mobutu 1,1,2026-06-01,Chine,C,4,5.0,20.0,56.0,0.0,16.0,2
P0153,Mobutu 2,1,2026-06-01,Chine,C,13,5.0,65.0,56.0,0.0,16.0,2
P0154,Kolwezi Mwangeshi,1,2026-06-01,Dubaï,B,7,104.0,728.0,52.11,0.0,21.11,1
P0154,Kolwezi Ville,1,2026-06-01,Dubaï,B,6,104.0,624.0,52.11,0.0,21.11,1
P0154,Likasi,1,2026-06-01,Dubaï,B,5,104.0,520.0,52.11,0.0,21.11,1
P0154,Lomami,1,2026-06-01,Dubaï,B,15,104.0,1560.0,52.11,0.0,21.11,1
P0154,Maniema,1,2026-06-01,Dubaï,B,10,104.0,1040.0,52.11,0.0,21.11,1
P0154,Mobutu 1,1,2026-06-01,Dubaï,B,12,104.0,1248.0,52.11,0.0,21.11,1
P0154,Mobutu 2,1,2026-06-01,Dubaï,B,22,104.0,2288.0,52.11,0.0,21.11,1
P0154,Kolwezi Mwangeshi,2,2026-06-01,Dubaï,B,5,104.0,520.0,76.94,0.0,0.0,1
P0154,Kolwezi Ville,2,2026-06-01,Dubaï,B,4,104.0,416.0,76.94,0.0,0.0,1
P0154,Likasi,2,2026-06-01,Dubaï,B,4,104.0,416.0,76.94,0.0,0.0,1
P0154,Lomami,2,2026-06-01,Dubaï,B,10,104.0,1040.0,76.94,0.0,0.0,1
P0154,Maniema,2,2026-06-01,Dubaï,B,7,104.0,728.0,76.94,0.0,0.0,1
P0154,Mobutu 1,2,2026-06-01,Dubaï,B,8,104.0,832.0,76.94,0.0,0.0,1
P0154,Mobutu 2,2,2026-06-01,Dubaï,B,13,104.0,1352.0,76.94,0.0,0.0,1
P0155,Kolwezi Mwangeshi,1,2026-06-01,Chine,B,4,22.0,88.0,25.54,10.5,0.0,2
P0155,Kolwezi Ville,1,2026-06-01,Chine,B,4,22.0,88.0,25.54,10.5,0.0,2
P0155,Likasi,1,2026-06-01,Chine,B,3,22.0,66.0,25.54,10.5,0.0,2
P0155,Lomami,1,2026-06-01,Chine,B,1,22.0,22.0,25.54,10.5,0.0,2
P0155,Maniema,1,2026-06-01,Chine,B,6,22.0,132.0,25.54,10.5,0.0,2
P0155,Mobutu 1,1,2026-06-01,Chine,B,5,22.0,110.0,25.54,10.5,0.0,2
P0155,Mobutu 2,1,2026-06-01,Chine,B,10,22.0,220.0,25.54,10.5,0.0,2
P0156,Kolwezi Mwangeshi,1,2026-06-01,Chine,B,4,18.0,72.0,25.24,0.0,2.24,2
P0156,Kolwezi Ville,1,2026-06-01,Chine,B,4,18.0,72.0,25.24,0.0,2.24,2
P0156,Likasi,1,2026-06-01,Chine,B,4,18.0,72.0,25.24,0.0,2.24,2
P0156,Lomami,1,2026-06-01,Chine,B,2,18.0,36.0,25.24,0.0,2.24,2
P0156,Maniema,1,2026-06-01,Chine,B,5,18.0,90.0,25.24,0.0,2.24,2
P0156,Mobutu 1,1,2026-06-01,Chine,B,6,18.0,108.0,25.24,0.0,2.24,2
P0156,Mobutu 2,1,2026-06-01,Chine,B,14,18.0,252.0,25.24,0.0,2.24,2
P0157,Kolwezi Mwangeshi,1,2026-06-01,Dubaï,B,8,38.0,304.0,37.23,0.0,12.23,1
P0157,Kolwezi Ville,1,2026-06-01,Dubaï,B,5,38.0,190.0,37.23,0.0,12.23,1
P0157,Likasi,1,2026-06-01,Dubaï,B,6,38.0,228.0,37.23,0.0,12.23,1
P0157,Lomami,1,2026-06-01,Dubaï,B,1,38.0,38.0,37.23,0.0,12.23,1
P0157,Maniema,1,2026-06-01,Dubaï,B,10,38.0,380.0,37.23,0.0,12.23,1
P0157,Mobutu 1,1,2026-06-01,Dubaï,B,11,38.0,418.0,37.23,0.0,12.23,1
P0157,Mobutu 2,1,2026-06-01,Dubaï,B,19,38.0,722.0,37.23,0.0,12.23,1
P0157,Kolwezi Mwangeshi,2,2026-06-01,Dubaï,B,5,38.0,190.0,60.2,0.0,0.0,1
P0157,Kolwezi Ville,2,2026-06-01,Dubaï,B,3,38.0,114.0,60.2,0.0,0.0,1
P0157,Likasi,2,2026-06-01,Dubaï,B,4,38.0,152.0,60.2,0.0,0.0,1
P0157,Lomami,2,2026-06-01,Dubaï,B,1,38.0,38.0,60.2,0.0,0.0,1
P0157,Maniema,2,2026-06-01,Dubaï,B,6,38.0,228.0,60.2,0.0,0.0,1
P0157,Mobutu 1,2,2026-06-01,Dubaï,B,7,38.0,266.0,60.2,0.0,0.0,1
P0157,Mobutu 2,2,2026-06-01,Dubaï,B,10,38.0,380.0,60.2,0.0,0.0,1
P0158,Kolwezi Mwangeshi,1,2026-06-01,Dubaï,B,4,32.0,128.0,38.89,0.0,22.89,1
P0158,Kolwezi Ville,1,2026-06-01,Dubaï,B,4,32.0,128.0,38.89,0.0,22.89,1
P0158,Likasi,1,2026-06-01,Dubaï,B,3,32.0,96.0,38.89,0.0,22.89,1
P0158,Lomami,1,2026-06-01,Dubaï,B,7,32.0,224.0,38.89,0.0,22.89,1
P0158,Maniema,1,2026-06-01,Dubaï,B,5,32.0,160.0,38.89,0.0,22.89,1
P0158,Mobutu 1,1,2026-06-01,Dubaï,B,5,32.0,160.0,38.89,0.0,22.89,1
P0158,Mobutu 2,1,2026-06-01,Dubaï,B,14,32.0,448.0,38.89,0.0,22.89,1
P0158,Kolwezi Mwangeshi,2,2026-06-01,Dubaï,B,5,32.0,160.0,41.82,0.0,0.0,1
P0158,Kolwezi Ville,2,2026-06-01,Dubaï,B,5,32.0,160.0,41.82,0.0,0.0,1
P0158,Likasi,2,2026-06-01,Dubaï,B,4,32.0,128.0,41.82,0.0,0.0,1
P0158,Lomami,2,2026-06-01,Dubaï,B,9,32.0,288.0,41.82,0.0,0.0,1
P0158,Maniema,2,2026-06-01,Dubaï,B,6,32.0,192.0,41.82,0.0,0.0,1
P0158,Mobutu 1,2,2026-06-01,Dubaï,B,6,32.0,192.0,41.82,0.0,0.0,1
P0158,Mobutu 2,2,2026-06-01,Dubaï,B,16,32.0,512.0,41.82,0.0,0.0,1
P0159,Kolwezi Mwangeshi,1,2026-06-01,Chine,B,4,28.0,112.0,44.59,0.0,22.59,2
P0159,Kolwezi Ville,1,2026-06-01,Chine,B,4,28.0,112.0,44.59,0.0,22.59,2
P0159,Likasi,1,2026-06-01,Chine,B,4,28.0,112.0,44.59,0.0,22.59,2
P0159,Lomami,1,2026-06-01,Chine,B,8,28.0,224.0,44.59,0.0,22.59,2
P0159,Maniema,1,2026-06-01,Chine,B,4,28.0,112.0,44.59,0.0,22.59,2
P0159,Mobutu 1,1,2026-06-01,Chine,B,6,28.0,168.0,44.59,0.0,22.59,2
P0159,Mobutu 2,1,2026-06-01,Chine,B,14,28.0,392.0,44.59,0.0,22.59,2
P0160,Kolwezi Ville,1,2026-06-01,Chine,C,3,8.0,24.0,72.4,0.0,59.4,2
P0160,Likasi,1,2026-06-01,Chine,C,2,8.0,16.0,72.4,0.0,59.4,2
P0160,Lomami,1,2026-06-01,Chine,C,7,8.0,56.0,72.4,0.0,59.4,2
P0160,Maniema,1,2026-06-01,Chine,C,4,8.0,32.0,72.4,0.0,59.4,2
P0160,Mobutu 1,1,2026-06-01,Chine,C,5,8.0,40.0,72.4,0.0,59.4,2
P0160,Mobutu 2,1,2026-06-01,Chine,C,9,8.0,72.0,72.4,0.0,59.4,2
P0163,Kolwezi Mwangeshi,1,2026-06-01,Chine,C,2,8.0,16.0,104.0,0.0,28.0,2
P0163,Likasi,1,2026-06-01,Chine,C,2,8.0,16.0,104.0,0.0,28.0,2
P0163,Lomami,1,2026-06-01,Chine,C,4,8.0,32.0,104.0,0.0,28.0,2
P0163,Maniema,1,2026-06-01,Chine,C,3,8.0,24.0,104.0,0.0,28.0,2
P0163,Mobutu 1,1,2026-06-01,Chine,C,3,8.0,24.0,104.0,0.0,28.0,2
P0163,Mobutu 2,1,2026-06-01,Chine,C,9,8.0,72.0,104.0,0.0,28.0,2
P0169,Kolwezi Mwangeshi,1,2026-06-01,Chine,C,1,4.0,4.0,5.45,9.6,0.0,2
P0171,Kolwezi Mwangeshi,1,2026-06-01,Chine,C,4,9.0,36.0,33.39,1.6,0.0,2
P0171,Kolwezi Ville,1,2026-06-01,Chine,C,3,9.0,27.0,33.39,1.6,0.0,2
P0171,Likasi,1,2026-06-01,Chine,C,2,9.0,18.0,33.39,1.6,0.0,2
P0171,Lomami,1,2026-06-01,Chine,C,7,9.0,63.0,33.39,1.6,0.0,2
P0171,Maniema,1,2026-06-01,Chine,C,4,9.0,36.0,33.39,1.6,0.0,2
P0171,Mobutu 1,1,2026-06-01,Chine,C,3,9.0,27.0,33.39,1.6,0.0,2
P0171,Mobutu 2,1,2026-06-01,Chine,C,10,9.0,90.0,33.39,1.6,0.0,2
P0173,Kolwezi Mwangeshi,1,2026-06-01,Chine,C,1,22.0,22.0,8.17,0.0,3.17,2
P0173,Kolwezi Ville,1,2026-06-01,Chine,C,1,22.0,22.0,8.17,0.0,3.17,2
P0173,Likasi,1,2026-06-01,Chine,C,1,22.0,22.0,8.17,0.0,3.17,2
P0173,Lomami,1,2026-06-01,Chine,C,1,22.0,22.0,8.17,0.0,3.17,2
P0173,Maniema,1,2026-06-01,Chine,C,1,22.0,22.0,8.17,0.0,3.17,2
P0173,Mobutu 1,1,2026-06-01,Chine,C,2,22.0,44.0,8.17,0.0,3.17,2
P0173,Mobutu 2,1,2026-06-01,Chine,C,1,22.0,22.0,8.17,0.0,3.17,2
P0174,Kolwezi Ville,1,2026-06-01,Chine,C,3,11.0,33.0,30.19,0.0,25.19,2
P0174,Likasi,1,2026-06-01,Chine,C,3,11.0,33.0,30.19,0.0,25.19,2
P0174,Lomami,1,2026-06-01,Chine,C,5,11.0,55.0,30.19,0.0,25.19,2
P0174,Maniema,1,2026-06-01,Chine,C,4,11.0,44.0,30.19,0.0,25.19,2
P0174,Mobutu 1,1,2026-06-01,Chine,C,4,11.0,44.0,30.19,0.0,25.19,2
P0174,Mobutu 2,1,2026-06-01,Chine,C,11,11.0,121.0,30.19,0.0,25.19,2
P0175,Kolwezi Mwangeshi,1,2026-06-01,Chine,C,2,18.0,36.0,30.05,0.0,2.05,2
P0175,Kolwezi Ville,1,2026-06-01,Chine,C,4,18.0,72.0,30.05,0.0,2.05,2
P0175,Likasi,1,2026-06-01,Chine,C,3,18.0,54.0,30.05,0.0,2.05,2
P0175,Lomami,1,2026-06-01,Chine,C,3,18.0,54.0,30.05,0.0,2.05,2
P0175,Maniema,1,2026-06-01,Chine,C,3,18.0,54.0,30.05,0.0,2.05,2
P0175,Mobutu 1,1,2026-06-01,Chine,C,3,18.0,54.0,30.05,0.0,2.05,2
P0175,Mobutu 2,1,2026-06-01,Chine,C,10,18.0,180.0,30.05,0.0,2.05,2
P0176,Likasi,1,2026-06-01,Chine,B,4,26.0,104.0,37.92,13.1,0.0,2
P0176,Lomami,1,2026-06-01,Chine,B,11,26.0,286.0,37.92,13.1,0.0,2
P0176,Maniema,1,2026-06-01,Chine,B,5,26.0,130.0,37.92,13.1,0.0,2
P0176,Mobutu 1,1,2026-06-01,Chine,B,5,26.0,130.0,37.92,13.1,0.0,2
P0176,Mobutu 2,1,2026-06-01,Chine,B,14,26.0,364.0,37.92,13.1,0.0,2
P0180,Kolwezi Ville,2,2026-06-01,Dubaï,B,1,32.0,32.0,33.58,2.3,0.0,1
P0180,Likasi,2,2026-06-01,Dubaï,B,1,32.0,32.0,33.58,2.3,0.0,1
P0180,Lomami,2,2026-06-01,Dubaï,B,2,32.0,64.0,33.58,2.3,0.0,1
P0180,Maniema,2,2026-06-01,Dubaï,B,1,32.0,32.0,33.58,2.3,0.0,1
P0180,Mobutu 1,2,2026-06-01,Dubaï,B,1,32.0,32.0,33.58,2.3,0.0,1
P0180,Mobutu 2,2,2026-06-01,Dubaï,B,2,32.0,64.0,33.58,2.3,0.0,1
P0181,Kolwezi Mwangeshi,2,2026-06-01,Dubaï,C,1,48.0,48.0,6.5,3.0,0.0,1
P0181,Lomami,2,2026-06-01,Dubaï,C,1,48.0,48.0,6.5,3.0,0.0,1
P0181,Mobutu 1,2,2026-06-01,Dubaï,C,1,48.0,48.0,6.5,3.0,0.0,1
P0181,Mobutu 2,2,2026-06-01,Dubaï,C,1,48.0,48.0,6.5,3.0,0.0,1
P0184,Kolwezi Mwangeshi,1,2026-06-01,Dubaï,B,2,96.0,192.0,24.66,0.0,15.66,1
P0184,Lomami,1,2026-06-01,Dubaï,B,5,96.0,480.0,24.66,0.0,15.66,1
P0184,Mobutu 1,1,2026-06-01,Dubaï,B,4,96.0,384.0,24.66,0.0,15.66,1
P0184,Mobutu 2,1,2026-06-01,Dubaï,B,10,96.0,960.0,24.66,0.0,15.66,1
P0184,Kolwezi Mwangeshi,2,2026-06-01,Dubaï,B,2,96.0,192.0,21.24,0.0,0.0,1
P0184,Lomami,2,2026-06-01,Dubaï,B,5,96.0,480.0,21.24,0.0,0.0,1
P0184,Mobutu 1,2,2026-06-01,Dubaï,B,4,96.0,384.0,21.24,0.0,0.0,1
P0184,Mobutu 2,2,2026-06-01,Dubaï,B,8,96.0,768.0,21.24,0.0,0.0,1
P0185,Kolwezi Ville,1,2026-06-01,Dubaï,C,2,112.0,224.0,5.45,0.6,0.0,1
P0185,Mobutu 1,1,2026-06-01,Dubaï,C,1,112.0,112.0,5.45,0.6,0.0,1
P0185,Kolwezi Ville,2,2026-06-01,Dubaï,C,1,112.0,112.0,3.38,0.0,0.0,1
P0185,Maniema,2,2026-06-01,Dubaï,C,1,112.0,112.0,3.38,0.0,0.0,1
P0185,Mobutu 1,2,2026-06-01,Dubaï,C,3,112.0,336.0,3.38,0.0,0.0,1
P0187,Maniema,2,2026-06-01,Dubaï,C,2,184.0,368.0,2.52,0.0,0.0,1
P0187,Mobutu 1,2,2026-06-01,Dubaï,C,1,184.0,184.0,2.52,0.0,0.0,1
P0188,Kolwezi Mwangeshi,2,2026-06-01,Dubaï,A,1,216.0,216.0,3.47,9.5,0.0,1
P0189,Kolwezi Mwangeshi,1,2026-06-01,Chine,A,1,144.0,144.0,19.59,0.0,14.59,2
P0189,Kolwezi Ville,1,2026-06-01,Chine,A,1,144.0,144.0,19.59,0.0,14.59,2
P0189,Lomami,1,2026-06-01,Chine,A,4,144.0,576.0,19.59,0.0,14.59,2
P0189,Maniema,1,2026-06-01,Chine,A,1,144.0,144.0,19.59,0.0,14.59,2
P0189,Mobutu 1,1,2026-06-01,Chine,A,2,144.0,288.0,19.59,0.0,14.59,2
P0189,Mobutu 2,1,2026-06-01,Chine,A,6,144.0,864.0,19.59,0.0,14.59,2
P0190,Lomami,2,2026-06-01,Dubaï,A,2,280.0,560.0,1.14,1.7,0.0,1
P0190,Maniema,2,2026-06-01,Dubaï,A,1,280.0,280.0,1.14,1.7,0.0,1
P0190,Mobutu 2,2,2026-06-01,Dubaï,A,2,280.0,560.0,1.14,1.7,0.0,1
P0192,Kolwezi Ville,2,2026-06-01,Dubaï,A,1,400.0,400.0,3.82,1.0,0.0,1
P0192,Mobutu 1,2,2026-06-01,Dubaï,A,3,400.0,1200.0,3.82,1.0,0.0,1
P0192,Mobutu 2,2,2026-06-01,Dubaï,A,7,400.0,2800.0,3.82,1.0,0.0,1
P0194,Kolwezi Mwangeshi,1,2026-06-01,Chine,B,1,88.0,88.0,11.69,0.0,0.69,2
P0194,Likasi,1,2026-06-01,Chine,B,2,88.0,176.0,11.69,0.0,0.69,2
P0194,Maniema,1,2026-06-01,Chine,B,2,88.0,176.0,11.69,0.0,0.69,2
P0194,Mobutu 2,1,2026-06-01,Chine,B,8,88.0,704.0,11.69,0.0,0.69,2
P0197,Kolwezi Mwangeshi,1,2026-06-01,Dubaï,C,6,8.5,51.0,55.42,0.0,30.42,1
P0197,Kolwezi Ville,1,2026-06-01,Dubaï,C,5,8.5,42.5,55.42,0.0,30.42,1
P0197,Likasi,1,2026-06-01,Dubaï,C,4,8.5,34.0,55.42,0.0,30.42,1
P0197,Lomami,1,2026-06-01,Dubaï,C,10,8.5,85.0,55.42,0.0,30.42,1
P0197,Maniema,1,2026-06-01,Dubaï,C,6,8.5,51.0,55.42,0.0,30.42,1
P0197,Mobutu 1,1,2026-06-01,Dubaï,C,9,8.5,76.5,55.42,0.0,30.42,1
P0197,Mobutu 2,1,2026-06-01,Dubaï,C,15,8.5,127.5,55.42,0.0,30.42,1
P0197,Kolwezi Mwangeshi,2,2026-06-01,Dubaï,C,6,8.5,51.0,55.42,0.0,0.0,1
P0197,Kolwezi Ville,2,2026-06-01,Dubaï,C,5,8.5,42.5,55.42,0.0,0.0,1
P0197,Likasi,2,2026-06-01,Dubaï,C,4,8.5,34.0,55.42,0.0,0.0,1
P0197,Lomami,2,2026-06-01,Dubaï,C,10,8.5,85.0,55.42,0.0,0.0,1
P0197,Maniema,2,2026-06-01,Dubaï,C,6,8.5,51.0,55.42,0.0,0.0,1
P0197,Mobutu 1,2,2026-06-01,Dubaï,C,9,8.5,76.5,55.42,0.0,0.0,1
P0197,Mobutu 2,2,2026-06-01,Dubaï,C,15,8.5,127.5,55.42,0.0,0.0,1
P0198,Kolwezi Ville,1,2026-06-01,Dubaï,C,2,3.8,7.6,48.11,17.9,0.0,1
P0198,Lomami,1,2026-06-01,Dubaï,C,8,3.8,30.4,48.11,17.9,0.0,1
P0198,Maniema,1,2026-06-01,Dubaï,C,4,3.8,15.2,48.11,17.9,0.0,1
P0198,Mobutu 1,1,2026-06-01,Dubaï,C,5,3.8,19.0,48.11,17.9,0.0,1
P0198,Mobutu 2,1,2026-06-01,Dubaï,C,11,3.8,41.8,48.11,17.9,0.0,1
P0198,Kolwezi Mwangeshi,2,2026-06-01,Dubaï,C,1,3.8,3.8,48.11,0.0,0.0,1
P0198,Kolwezi Ville,2,2026-06-01,Dubaï,C,4,3.8,15.2,48.11,0.0,0.0,1
P0198,Lomami,2,2026-06-01,Dubaï,C,12,3.8,45.6,48.11,0.0,0.0,1
P0198,Maniema,2,2026-06-01,Dubaï,C,6,3.8,22.8,48.11,0.0,0.0,1
P0198,Mobutu 1,2,2026-06-01,Dubaï,C,8,3.8,30.4,48.11,0.0,0.0,1
P0198,Mobutu 2,2,2026-06-01,Dubaï,C,17,3.8,64.6,48.11,0.0,0.0,1
P0200,Kolwezi Mwangeshi,1,2026-06-01,Chine,C,7,1.5,10.5,179.88,0.0,96.88,2
P0200,Kolwezi Ville,1,2026-06-01,Chine,C,8,1.5,12.0,179.88,0.0,96.88,2
P0200,Likasi,1,2026-06-01,Chine,C,6,1.5,9.0,179.88,0.0,96.88,2
P0200,Lomami,1,2026-06-01,Chine,C,20,1.5,30.0,179.88,0.0,96.88,2
P0200,Maniema,1,2026-06-01,Chine,C,8,1.5,12.0,179.88,0.0,96.88,2
P0200,Mobutu 1,1,2026-06-01,Chine,C,14,1.5,21.0,179.88,0.0,96.88,2
P0200,Mobutu 2,1,2026-06-01,Chine,C,33,1.5,49.5,179.88,0.0,96.88,2
P0201,Kolwezi Mwangeshi,1,2026-06-01,Chine,C,5,9.0,45.0,61.58,0.0,39.58,2
P0201,Kolwezi Ville,1,2026-06-01,Chine,C,4,9.0,36.0,61.58,0.0,39.58,2
P0201,Likasi,1,2026-06-01,Chine,C,4,9.0,36.0,61.58,0.0,39.58,2
P0201,Lomami,1,2026-06-01,Chine,C,15,9.0,135.0,61.58,0.0,39.58,2
P0201,Maniema,1,2026-06-01,Chine,C,7,9.0,63.0,61.58,0.0,39.58,2
P0201,Mobutu 1,1,2026-06-01,Chine,C,9,9.0,81.0,61.58,0.0,39.58,2
P0201,Mobutu 2,1,2026-06-01,Chine,C,19,9.0,171.0,61.58,0.0,39.58,2
P0203,Kolwezi Mwangeshi,1,2026-06-01,Chine,C,4,7.0,28.0,52.91,0.0,25.91,2
P0203,Kolwezi Ville,1,2026-06-01,Chine,C,1,7.0,7.0,52.91,0.0,25.91,2
P0203,Likasi,1,2026-06-01,Chine,C,7,7.0,49.0,52.91,0.0,25.91,2
P0203,Lomami,1,2026-06-01,Chine,C,12,7.0,84.0,52.91,0.0,25.91,2
P0203,Maniema,1,2026-06-01,Chine,C,7,7.0,49.0,52.91,0.0,25.91,2
P0203,Mobutu 1,1,2026-06-01,Chine,C,8,7.0,56.0,52.91,0.0,25.91,2
P0203,Mobutu 2,1,2026-06-01,Chine,C,18,7.0,126.0,52.91,0.0,25.91,2
P0204,Kolwezi Mwangeshi,1,2026-06-01,Chine,C,8,1.5,12.0,61.57,0.0,49.57,2
P0204,Kolwezi Ville,1,2026-06-01,Chine,C,6,1.5,9.0,61.57,0.0,49.57,2
P0204,Likasi,1,2026-06-01,Chine,C,6,1.5,9.0,61.57,0.0,49.57,2
P0204,Lomami,1,2026-06-01,Chine,C,1,1.5,1.5,61.57,0.0,49.57,2
P0204,Maniema,1,2026-06-01,Chine,C,7,1.5,10.5,61.57,0.0,49.57,2
P0204,Mobutu 1,1,2026-06-01,Chine,C,10,1.5,15.0,61.57,0.0,49.57,2
P0204,Mobutu 2,1,2026-06-01,Chine,C,16,1.5,24.0,61.57,0.0,49.57,2
P0205,Kolwezi Mwangeshi,1,2026-06-01,Chine,C,5,1.5,7.5,77.02,0.0,36.02,2
P0205,Kolwezi Ville,1,2026-06-01,Chine,C,5,1.5,7.5,77.02,0.0,36.02,2
P0205,Likasi,1,2026-06-01,Chine,C,5,1.5,7.5,77.02,0.0,36.02,2
P0205,Lomami,1,2026-06-01,Chine,C,15,1.5,22.5,77.02,0.0,36.02,2
P0205,Maniema,1,2026-06-01,Chine,C,9,1.5,13.5,77.02,0.0,36.02,2
P0205,Mobutu 1,1,2026-06-01,Chine,C,9,1.5,13.5,77.02,0.0,36.02,2
P0205,Mobutu 2,1,2026-06-01,Chine,C,19,1.5,28.5,77.02,0.0,36.02,2
P0207,Kolwezi Mwangeshi,1,2026-06-01,Chine,C,5,6.0,30.0,52.28,0.0,26.28,2
P0207,Kolwezi Ville,1,2026-06-01,Chine,C,5,6.0,30.0,52.28,0.0,26.28,2
P0207,Likasi,1,2026-06-01,Chine,C,3,6.0,18.0,52.28,0.0,26.28,2
P0207,Lomami,1,2026-06-01,Chine,C,9,6.0,54.0,52.28,0.0,26.28,2
P0207,Maniema,1,2026-06-01,Chine,C,8,6.0,48.0,52.28,0.0,26.28,2
P0207,Mobutu 1,1,2026-06-01,Chine,C,8,6.0,48.0,52.28,0.0,26.28,2
P0207,Mobutu 2,1,2026-06-01,Chine,C,14,6.0,84.0,52.28,0.0,26.28,2
P0210,Kolwezi Mwangeshi,1,2026-06-01,Chine,C,6,4.0,24.0,74.12,0.0,37.12,2
P0210,Kolwezi Ville,1,2026-06-01,Chine,C,5,4.0,20.0,74.12,0.0,37.12,2
P0210,Likasi,1,2026-06-01,Chine,C,4,4.0,16.0,74.12,0.0,37.12,2
P0210,Lomami,1,2026-06-01,Chine,C,12,4.0,48.0,74.12,0.0,37.12,2
P0210,Maniema,1,2026-06-01,Chine,C,6,4.0,24.0,74.12,0.0,37.12,2
P0210,Mobutu 1,1,2026-06-01,Chine,C,10,4.0,40.0,74.12,0.0,37.12,2
P0210,Mobutu 2,1,2026-06-01,Chine,C,15,4.0,60.0,74.12,0.0,37.12,2
P0211,Kolwezi Mwangeshi,1,2026-06-01,Chine,C,4,3.0,12.0,75.53,0.0,51.53,2
P0211,Kolwezi Ville,1,2026-06-01,Chine,C,5,3.0,15.0,75.53,0.0,51.53,2
P0211,Likasi,1,2026-06-01,Chine,C,4,3.0,12.0,75.53,0.0,51.53,2
P0211,Lomami,1,2026-06-01,Chine,C,10,3.0,30.0,75.53,0.0,51.53,2
P0211,Maniema,1,2026-06-01,Chine,C,6,3.0,18.0,75.53,0.0,51.53,2
P0211,Mobutu 1,1,2026-06-01,Chine,C,1,3.0,3.0,75.53,0.0,51.53,2
P0211,Mobutu 2,1,2026-06-01,Chine,C,13,3.0,39.0,75.53,0.0,51.53,2
P0212,Kolwezi Mwangeshi,1,2026-06-01,Chine,B,6,110.0,660.0,63.51,0.0,3.51,2
P0212,Kolwezi Ville,1,2026-06-01,Chine,B,6,110.0,660.0,63.51,0.0,3.51,2
P0212,Likasi,1,2026-06-01,Chine,B,6,110.0,660.0,63.51,0.0,3.51,2
P0212,Lomami,1,2026-06-01,Chine,B,14,110.0,1540.0,63.51,0.0,3.51,2
P0212,Maniema,1,2026-06-01,Chine,B,7,110.0,770.0,63.51,0.0,3.51,2
P0212,Mobutu 1,1,2026-06-01,Chine,B,10,110.0,1100.0,63.51,0.0,3.51,2
P0212,Mobutu 2,1,2026-06-01,Chine,B,19,110.0,2090.0,63.51,0.0,3.51,2
P0216,Kolwezi Ville,1,2026-06-01,Chine,B,1,82.0,82.0,16.35,7.7,0.0,2
P0216,Likasi,1,2026-06-01,Chine,B,1,82.0,82.0,16.35,7.7,0.0,2
P0216,Lomami,1,2026-06-01,Chine,B,3,82.0,246.0,16.35,7.7,0.0,2
P0216,Maniema,1,2026-06-01,Chine,B,2,82.0,164.0,16.35,7.7,0.0,2
P0216,Mobutu 1,1,2026-06-01,Chine,B,2,82.0,164.0,16.35,7.7,0.0,2
P0216,Mobutu 2,1,2026-06-01,Chine,B,3,82.0,246.0,16.35,7.7,0.0,2
P0217,Kolwezi Mwangeshi,1,2026-06-01,Chine,C,2,55.0,110.0,11.64,0.0,3.64,2
P0217,Kolwezi Ville,1,2026-06-01,Chine,C,1,55.0,55.0,11.64,0.0,3.64,2
P0217,Maniema,1,2026-06-01,Chine,C,2,55.0,110.0,11.64,0.0,3.64,2
P0217,Mobutu 1,1,2026-06-01,Chine,C,2,55.0,110.0,11.64,0.0,3.64,2
P0217,Mobutu 2,1,2026-06-01,Chine,C,5,55.0,275.0,11.64,0.0,3.64,2
P0218,Kolwezi Mwangeshi,1,2026-06-01,Chine,B,1,95.0,95.0,20.38,0.0,10.38,2
P0218,Kolwezi Ville,1,2026-06-01,Chine,B,1,95.0,95.0,20.38,0.0,10.38,2
P0218,Likasi,1,2026-06-01,Chine,B,1,95.0,95.0,20.38,0.0,10.38,2
P0218,Lomami,1,2026-06-01,Chine,B,2,95.0,190.0,20.38,0.0,10.38,2
P0218,Maniema,1,2026-06-01,Chine,B,1,95.0,95.0,20.38,0.0,10.38,2
P0218,Mobutu 1,1,2026-06-01,Chine,B,2,95.0,190.0,20.38,0.0,10.38,2
P0218,Mobutu 2,1,2026-06-01,Chine,B,3,95.0,285.0,20.38,0.0,10.38,2
P0220,Kolwezi Mwangeshi,1,2026-06-01,Chine,B,3,130.0,390.0,23.48,0.0,14.48,2
P0220,Kolwezi Ville,1,2026-06-01,Chine,B,1,130.0,130.0,23.48,0.0,14.48,2
P0220,Likasi,1,2026-06-01,Chine,B,1,130.0,130.0,23.48,0.0,14.48,2
P0220,Lomami,1,2026-06-01,Chine,B,5,130.0,650.0,23.48,0.0,14.48,2
P0220,Mobutu 1,1,2026-06-01,Chine,B,3,130.0,390.0,23.48,0.0,14.48,2
P0220,Mobutu 2,1,2026-06-01,Chine,B,7,130.0,910.0,23.48,0.0,14.48,2
P0221,Mobutu 2,1,2026-06-01,Dubaï,A,2,165.0,330.0,8.92,2.1,0.0,1
P0222,Mobutu 1,1,2026-06-01,Dubaï,A,2,210.0,420.0,12.97,0.0,6.97,1
P0222,Mobutu 2,1,2026-06-01,Dubaï,A,1,210.0,210.0,12.97,0.0,6.97,1
P0222,Likasi,2,2026-06-01,Dubaï,A,1,210.0,210.0,3.46,0.0,0.0,1
P0222,Maniema,2,2026-06-01,Dubaï,A,1,210.0,210.0,3.46,0.0,0.0,1
P0222,Mobutu 1,2,2026-06-01,Dubaï,A,1,210.0,210.0,3.46,0.0,0.0,1
P0222,Mobutu 2,2,2026-06-01,Dubaï,A,1,210.0,210.0,3.46,0.0,0.0,1
P0223,Kolwezi Mwangeshi,1,2026-06-01,Dubaï,B,2,1235.0,2470.0,23.06,0.0,14.06,1
P0223,Kolwezi Ville,1,2026-06-01,Dubaï,B,2,1235.0,2470.0,23.06,0.0,14.06,1
P0223,Likasi,1,2026-06-01,Dubaï,B,1,1235.0,1235.0,23.06,0.0,14.06,1
P0223,Lomami,1,2026-06-01,Dubaï,B,5,1235.0,6175.0,23.06,0.0,14.06,1
P0223,Maniema,1,2026-06-01,Dubaï,B,2,1235.0,2470.0,23.06,0.0,14.06,1
P0223,Mobutu 2,1,2026-06-01,Dubaï,B,6,1235.0,7410.0,23.06,0.0,14.06,1
P0223,Kolwezi Mwangeshi,2,2026-06-01,Dubaï,B,2,1235.0,2470.0,17.78,0.0,0.0,1
P0223,Kolwezi Ville,2,2026-06-01,Dubaï,B,2,1235.0,2470.0,17.78,0.0,0.0,1
P0223,Likasi,2,2026-06-01,Dubaï,B,1,1235.0,1235.0,17.78,0.0,0.0,1
P0223,Lomami,2,2026-06-01,Dubaï,B,4,1235.0,4940.0,17.78,0.0,0.0,1
P0223,Maniema,2,2026-06-01,Dubaï,B,1,1235.0,1235.0,17.78,0.0,0.0,1
P0223,Mobutu 2,2,2026-06-01,Dubaï,B,5,1235.0,6175.0,17.78,0.0,0.0,1
P0228,Kolwezi Mwangeshi,1,2026-06-01,Chine,C,1,65.0,65.0,6.53,0.0,0.53,2
P0228,Kolwezi Ville,1,2026-06-01,Chine,C,1,65.0,65.0,6.53,0.0,0.53,2
P0228,Mobutu 1,1,2026-06-01,Chine,C,1,65.0,65.0,6.53,0.0,0.53,2
P0228,Mobutu 2,1,2026-06-01,Chine,C,4,65.0,260.0,6.53,0.0,0.53,2
P0229,Lomami,1,2026-06-01,Chine,C,1,90.0,90.0,6.19,0.8,0.0,2
P0229,Mobutu 1,1,2026-06-01,Chine,C,1,90.0,90.0,6.19,0.8,0.0,2
P0229,Mobutu 2,1,2026-06-01,Chine,C,4,90.0,360.0,6.19,0.8,0.0,2
P0232,Likasi,1,2026-06-01,Chine,B,1,280.0,280.0,8.67,0.0,5.67,2
P0232,Lomami,1,2026-06-01,Chine,B,1,280.0,280.0,8.67,0.0,5.67,2
P0232,Maniema,1,2026-06-01,Chine,B,2,280.0,560.0,8.67,0.0,5.67,2
P0232,Mobutu 2,1,2026-06-01,Chine,B,7,280.0,1960.0,8.67,0.0,5.67,2
P0236,Kolwezi Mwangeshi,1,2026-06-01,Dubaï,C,3,2.0,6.0,38.69,0.3,0.0,1
P0236,Kolwezi Ville,1,2026-06-01,Dubaï,C,3,2.0,6.0,38.69,0.3,0.0,1
P0236,Likasi,1,2026-06-01,Dubaï,C,2,2.0,4.0,38.69,0.3,0.0,1
P0236,Lomami,1,2026-06-01,Dubaï,C,9,2.0,18.0,38.69,0.3,0.0,1
P0236,Maniema,1,2026-06-01,Dubaï,C,6,2.0,12.0,38.69,0.3,0.0,1
P0236,Mobutu 1,1,2026-06-01,Dubaï,C,5,2.0,10.0,38.69,0.3,0.0,1
P0236,Mobutu 2,1,2026-06-01,Dubaï,C,10,2.0,20.0,38.69,0.3,0.0,1
P0236,Kolwezi Mwangeshi,2,2026-06-01,Dubaï,C,3,2.0,6.0,38.69,0.0,0.0,1
P0236,Kolwezi Ville,2,2026-06-01,Dubaï,C,3,2.0,6.0,38.69,0.0,0.0,1
P0236,Likasi,2,2026-06-01,Dubaï,C,2,2.0,4.0,38.69,0.0,0.0,1
P0236,Lomami,2,2026-06-01,Dubaï,C,9,2.0,18.0,38.69,0.0,0.0,1
P0236,Maniema,2,2026-06-01,Dubaï,C,6,2.0,12.0,38.69,0.0,0.0,1
P0236,Mobutu 1,2,2026-06-01,Dubaï,C,5,2.0,10.0,38.69,0.0,0.0,1
P0236,Mobutu 2,2,2026-06-01,Dubaï,C,11,2.0,22.0,38.69,0.0,0.0,1
P0237,Kolwezi Mwangeshi,1,2026-06-01,Dubaï,C,1,1.8,1.8,33.67,44.3,0.0,1
P0237,Kolwezi Mwangeshi,2,2026-06-01,Dubaï,C,3,1.8,5.4,44.96,0.0,0.0,1
P0237,Kolwezi Ville,2,2026-06-01,Dubaï,C,4,1.8,7.2,44.96,0.0,0.0,1
P0237,Likasi,2,2026-06-01,Dubaï,C,3,1.8,5.4,44.96,0.0,0.0,1
P0237,Lomami,2,2026-06-01,Dubaï,C,8,1.8,14.4,44.96,0.0,0.0,1
P0237,Maniema,2,2026-06-01,Dubaï,C,6,1.8,10.8,44.96,0.0,0.0,1
P0237,Mobutu 1,2,2026-06-01,Dubaï,C,4,1.8,7.2,44.96,0.0,0.0,1
P0237,Mobutu 2,2,2026-06-01,Dubaï,C,11,1.8,19.8,44.96,0.0,0.0,1
P0238,Kolwezi Mwangeshi,1,2026-06-01,Chine,C,6,0.8,4.8,64.28,0.0,25.28,2
P0238,Kolwezi Ville,1,2026-06-01,Chine,C,4,0.8,3.2,64.28,0.0,25.28,2
P0238,Likasi,1,2026-06-01,Chine,C,5,0.8,4.0,64.28,0.0,25.28,2
P0238,Lomami,1,2026-06-01,Chine,C,10,0.8,8.0,64.28,0.0,25.28,2
P0238,Maniema,1,2026-06-01,Chine,C,6,0.8,4.8,64.28,0.0,25.28,2
P0238,Mobutu 1,1,2026-06-01,Chine,C,8,0.8,6.4,64.28,0.0,25.28,2
P0238,Mobutu 2,1,2026-06-01,Chine,C,17,0.8,13.6,64.28,0.0,25.28,2
P0239,Kolwezi Mwangeshi,1,2026-06-01,Chine,C,2,0.5,1.0,42.66,0.0,20.66,2
P0239,Kolwezi Ville,1,2026-06-01,Chine,C,4,0.5,2.0,42.66,0.0,20.66,2
P0239,Likasi,1,2026-06-01,Chine,C,1,0.5,0.5,42.66,0.0,20.66,2
P0239,Lomami,1,2026-06-01,Chine,C,5,0.5,2.5,42.66,0.0,20.66,2
P0239,Mobutu 1,1,2026-06-01,Chine,C,4,0.5,2.0,42.66,0.0,20.66,2
P0239,Mobutu 2,1,2026-06-01,Chine,C,7,0.5,3.5,42.66,0.0,20.66,2
P0240,Kolwezi Mwangeshi,1,2026-06-01,Dubaï,C,4,1.5,6.0,38.78,5.2,0.0,1
P0240,Kolwezi Ville,1,2026-06-01,Dubaï,C,3,1.5,4.5,38.78,5.2,0.0,1
P0240,Likasi,1,2026-06-01,Dubaï,C,3,1.5,4.5,38.78,5.2,0.0,1
P0240,Lomami,1,2026-06-01,Dubaï,C,8,1.5,12.0,38.78,5.2,0.0,1
P0240,Maniema,1,2026-06-01,Dubaï,C,3,1.5,4.5,38.78,5.2,0.0,1
P0240,Mobutu 1,1,2026-06-01,Dubaï,C,4,1.5,6.0,38.78,5.2,0.0,1
P0240,Mobutu 2,1,2026-06-01,Dubaï,C,9,1.5,13.5,38.78,5.2,0.0,1
P0240,Kolwezi Mwangeshi,2,2026-06-01,Dubaï,C,5,1.5,7.5,38.78,0.0,0.0,1
P0240,Kolwezi Ville,2,2026-06-01,Dubaï,C,3,1.5,4.5,38.78,0.0,0.0,1
P0240,Likasi,2,2026-06-01,Dubaï,C,3,1.5,4.5,38.78,0.0,0.0,1
P0240,Lomami,2,2026-06-01,Dubaï,C,10,1.5,15.0,38.78,0.0,0.0,1
P0240,Maniema,2,2026-06-01,Dubaï,C,3,1.5,4.5,38.78,0.0,0.0,1
P0240,Mobutu 1,2,2026-06-01,Dubaï,C,5,1.5,7.5,38.78,0.0,0.0,1
P0240,Mobutu 2,2,2026-06-01,Dubaï,C,10,1.5,15.0,38.78,0.0,0.0,1
P0243,Kolwezi Mwangeshi,1,2026-06-01,Dubaï,C,5,10.0,50.0,40.65,0.0,17.65,1
P0243,Kolwezi Ville,1,2026-06-01,Dubaï,C,7,10.0,70.0,40.65,0.0,17.65,1
P0243,Likasi,1,2026-06-01,Dubaï,C,5,10.0,50.0,40.65,0.0,17.65,1
P0243,Lomami,1,2026-06-01,Dubaï,C,16,10.0,160.0,40.65,0.0,17.65,1
P0243,Maniema,1,2026-06-01,Dubaï,C,5,10.0,50.0,40.65,0.0,17.65,1
P0243,Mobutu 1,1,2026-06-01,Dubaï,C,7,10.0,70.0,40.65,0.0,17.65,1
P0243,Mobutu 2,1,2026-06-01,Dubaï,C,17,10.0,170.0,40.65,0.0,17.65,1
P0243,Kolwezi Mwangeshi,2,2026-06-01,Dubaï,C,3,10.0,30.0,61.51,0.0,0.0,1
P0243,Kolwezi Ville,2,2026-06-01,Dubaï,C,5,10.0,50.0,61.51,0.0,0.0,1
P0243,Likasi,2,2026-06-01,Dubaï,C,3,10.0,30.0,61.51,0.0,0.0,1
P0243,Lomami,2,2026-06-01,Dubaï,C,10,10.0,100.0,61.51,0.0,0.0,1
P0243,Maniema,2,2026-06-01,Dubaï,C,3,10.0,30.0,61.51,0.0,0.0,1
P0243,Mobutu 1,2,2026-06-01,Dubaï,C,4,10.0,40.0,61.51,0.0,0.0,1
P0243,Mobutu 2,2,2026-06-01,Dubaï,C,12,10.0,120.0,61.51,0.0,0.0,1
P0244,Kolwezi Mwangeshi,1,2026-06-01,Dubaï,C,3,9.0,27.0,37.79,15.2,0.0,1
P0244,Kolwezi Ville,1,2026-06-01,Dubaï,C,3,9.0,27.0,37.79,15.2,0.0,1
P0244,Likasi,1,2026-06-01,Dubaï,C,3,9.0,27.0,37.79,15.2,0.0,1
P0244,Lomami,1,2026-06-01,Dubaï,C,6,9.0,54.0,37.79,15.2,0.0,1
P0244,Maniema,1,2026-06-01,Dubaï,C,5,9.0,45.0,37.79,15.2,0.0,1
P0244,Mobutu 1,1,2026-06-01,Dubaï,C,6,9.0,54.0,37.79,15.2,0.0,1
P0244,Mobutu 2,1,2026-06-01,Dubaï,C,11,9.0,99.0,37.79,15.2,0.0,1
P0244,Kolwezi Mwangeshi,2,2026-06-01,Dubaï,C,3,9.0,27.0,52.25,0.0,0.0,1
P0244,Kolwezi Ville,2,2026-06-01,Dubaï,C,2,9.0,18.0,52.25,0.0,0.0,1
P0244,Likasi,2,2026-06-01,Dubaï,C,3,9.0,27.0,52.25,0.0,0.0,1
P0244,Lomami,2,2026-06-01,Dubaï,C,5,9.0,45.0,52.25,0.0,0.0,1
P0244,Maniema,2,2026-06-01,Dubaï,C,4,9.0,36.0,52.25,0.0,0.0,1
P0244,Mobutu 1,2,2026-06-01,Dubaï,C,5,9.0,45.0,52.25,0.0,0.0,1
P0244,Mobutu 2,2,2026-06-01,Dubaï,C,7,9.0,63.0,52.25,0.0,0.0,1
P0246,Mobutu 2,1,2026-06-01,Dubaï,C,3,104.0,312.0,4.6,2.4,0.0,1
P0246,Mobutu 2,2,2026-06-01,Dubaï,C,3,104.0,312.0,5.43,0.0,0.0,1
P0248,Lomami,1,2026-06-01,Dubaï,B,1,360.0,360.0,4.09,0.0,1.09,1
P0248,Mobutu 2,1,2026-06-01,Dubaï,B,4,360.0,1440.0,4.09,0.0,1.09,1
P0248,Mobutu 2,2,2026-06-01,Dubaï,B,1,360.0,360.0,5.17,0.0,0.0,1
P0250,Mobutu 2,1,2026-06-01,Dubaï,C,1,12.0,12.0,4.0,0.0,1.0,1
P0250,Mobutu 2,2,2026-06-01,Dubaï,C,2,12.0,24.0,1.0,0.0,0.0,1
P0251,Mobutu 1,1,2026-06-01,Chine,C,1,154.0,154.0,4.53,0.0,1.53,2
P0251,Mobutu 2,1,2026-06-01,Chine,C,3,154.0,462.0,4.53,0.0,1.53,2
P0252,Mobutu 2,1,2026-06-01,Chine,C,3,92.0,276.0,2.87,4.1,0.0,2
P0253,Lomami,1,2026-06-01,Chine,C,1,62.0,62.0,3.92,0.0,1.92,2
P0253,Mobutu 2,1,2026-06-01,Chine,C,3,62.0,186.0,3.92,0.0,1.92,2
P0255,Lomami,1,2026-06-01,Chine,B,1,246.0,246.0,4.35,0.0,4.35,2
P0255,Mobutu 2,1,2026-06-01,Chine,B,2,246.0,492.0,4.35,0.0,4.35,2
P0260,Mobutu 2,1,2026-06-01,Chine,C,1,192.0,192.0,1.78,2.2,0.0,2
P0267,Kolwezi Mwangeshi,1,2026-06-01,Dubaï,C,1,58.0,58.0,10.53,0.0,1.53,1
P0267,Likasi,1,2026-06-01,Dubaï,C,1,58.0,58.0,10.53,0.0,1.53,1
P0267,Lomami,1,2026-06-01,Dubaï,C,4,58.0,232.0,10.53,0.0,1.53,1
P0267,Mobutu 1,1,2026-06-01,Dubaï,C,2,58.0,116.0,10.53,0.0,1.53,1
P0267,Mobutu 2,1,2026-06-01,Dubaï,C,3,58.0,174.0,10.53,0.0,1.53,1
P0267,Kolwezi Mwangeshi,2,2026-06-01,Dubaï,C,1,58.0,58.0,10.53,0.0,0.0,1
P0267,Likasi,2,2026-06-01,Dubaï,C,1,58.0,58.0,10.53,0.0,0.0,1
P0267,Lomami,2,2026-06-01,Dubaï,C,4,58.0,232.0,10.53,0.0,0.0,1
P0267,Mobutu 1,2,2026-06-01,Dubaï,C,2,58.0,116.0,10.53,0.0,0.0,1
P0267,Mobutu 2,2,2026-06-01,Dubaï,C,3,58.0,174.0,10.53,0.0,0.0,1
P0268,Lomami,1,2026-06-01,Dubaï,C,2,35.0,70.0,3.02,0.0,0.02,1
P0268,Mobutu 2,1,2026-06-01,Dubaï,C,1,35.0,35.0,3.02,0.0,0.02,1
P0268,Lomami,2,2026-06-01,Dubaï,C,2,35.0,70.0,3.43,0.0,0.0,1
P0268,Mobutu 2,2,2026-06-01,Dubaï,C,1,35.0,35.0,3.43,0.0,0.0,1
P0269,Kolwezi Mwangeshi,2,2026-06-01,Dubaï,B,1,62.0,62.0,10.38,0.5,0.0,1
P0269,Kolwezi Ville,2,2026-06-01,Dubaï,B,2,62.0,124.0,10.38,0.5,0.0,1
P0269,Lomami,2,2026-06-01,Dubaï,B,2,62.0,124.0,10.38,0.5,0.0,1
P0269,Maniema,2,2026-06-01,Dubaï,B,1,62.0,62.0,10.38,0.5,0.0,1
P0269,Mobutu 1,2,2026-06-01,Dubaï,B,2,62.0,124.0,10.38,0.5,0.0,1
P0269,Mobutu 2,2,2026-06-01,Dubaï,B,5,62.0,310.0,10.38,0.5,0.0,1
P0270,Likasi,1,2026-06-01,Dubaï,B,1,90.0,90.0,9.48,0.0,6.48,1
P0270,Lomami,1,2026-06-01,Dubaï,B,3,90.0,270.0,9.48,0.0,6.48,1
P0270,Maniema,1,2026-06-01,Dubaï,B,2,90.0,180.0,9.48,0.0,6.48,1
P0270,Mobutu 1,1,2026-06-01,Dubaï,B,3,90.0,270.0,9.48,0.0,6.48,1
P0270,Mobutu 2,1,2026-06-01,Dubaï,B,5,90.0,450.0,9.48,0.0,6.48,1
P0270,Likasi,2,2026-06-01,Dubaï,B,1,90.0,90.0,14.48,0.0,0.0,1
P0270,Lomami,2,2026-06-01,Dubaï,B,3,90.0,270.0,14.48,0.0,0.0,1
P0270,Maniema,2,2026-06-01,Dubaï,B,2,90.0,180.0,14.48,0.0,0.0,1
P0270,Mobutu 1,2,2026-06-01,Dubaï,B,2,90.0,180.0,14.48,0.0,0.0,1
P0270,Mobutu 2,2,2026-06-01,Dubaï,B,3,90.0,270.0,14.48,0.0,0.0,1
P0271,Kolwezi Mwangeshi,1,2026-06-01,Dubaï,C,2,9.0,18.0,29.58,0.0,21.58,1
P0271,Kolwezi Ville,1,2026-06-01,Dubaï,C,2,9.0,18.0,29.58,0.0,21.58,1
P0271,Likasi,1,2026-06-01,Dubaï,C,2,9.0,18.0,29.58,0.0,21.58,1
P0271,Lomami,1,2026-06-01,Dubaï,C,5,9.0,45.0,29.58,0.0,21.58,1
P0271,Maniema,1,2026-06-01,Dubaï,C,3,9.0,27.0,29.58,0.0,21.58,1
P0271,Mobutu 1,1,2026-06-01,Dubaï,C,3,9.0,27.0,29.58,0.0,21.58,1
P0271,Mobutu 2,1,2026-06-01,Dubaï,C,6,9.0,54.0,29.58,0.0,21.58,1
P0271,Kolwezi Mwangeshi,2,2026-06-01,Dubaï,C,1,9.0,9.0,22.63,0.0,0.0,1
P0271,Kolwezi Ville,2,2026-06-01,Dubaï,C,1,9.0,9.0,22.63,0.0,0.0,1
P0271,Likasi,2,2026-06-01,Dubaï,C,1,9.0,9.0,22.63,0.0,0.0,1
P0271,Lomami,2,2026-06-01,Dubaï,C,3,9.0,27.0,22.63,0.0,0.0,1
P0271,Maniema,2,2026-06-01,Dubaï,C,2,9.0,18.0,22.63,0.0,0.0,1
P0271,Mobutu 1,2,2026-06-01,Dubaï,C,2,9.0,18.0,22.63,0.0,0.0,1
P0271,Mobutu 2,2,2026-06-01,Dubaï,C,6,9.0,54.0,22.63,0.0,0.0,1
P0272,Kolwezi Mwangeshi,1,2026-06-01,Dubaï,C,2,11.0,22.0,20.41,0.0,7.41,1
P0272,Kolwezi Ville,1,2026-06-01,Dubaï,C,1,11.0,11.0,20.41,0.0,7.41,1
P0272,Likasi,1,2026-06-01,Dubaï,C,1,11.0,11.0,20.41,0.0,7.41,1
P0272,Maniema,1,2026-06-01,Dubaï,C,2,11.0,22.0,20.41,0.0,7.41,1
P0272,Mobutu 1,1,2026-06-01,Dubaï,C,3,11.0,33.0,20.41,0.0,7.41,1
P0272,Mobutu 2,1,2026-06-01,Dubaï,C,7,11.0,77.0,20.41,0.0,7.41,1
P0272,Kolwezi Mwangeshi,2,2026-06-01,Dubaï,C,2,11.0,22.0,16.25,0.0,0.0,1
P0272,Kolwezi Ville,2,2026-06-01,Dubaï,C,1,11.0,11.0,16.25,0.0,0.0,1
P0272,Likasi,2,2026-06-01,Dubaï,C,1,11.0,11.0,16.25,0.0,0.0,1
P0272,Maniema,2,2026-06-01,Dubaï,C,2,11.0,22.0,16.25,0.0,0.0,1
P0272,Mobutu 1,2,2026-06-01,Dubaï,C,3,11.0,33.0,16.25,0.0,0.0,1
P0272,Mobutu 2,2,2026-06-01,Dubaï,C,6,11.0,66.0,16.25,0.0,0.0,1
P0274,Kolwezi Mwangeshi,1,2026-06-01,Dubaï,C,1,13.0,13.0,22.82,14.2,0.0,1
P0274,Lomami,1,2026-06-01,Dubaï,C,1,13.0,13.0,22.82,14.2,0.0,1
P0274,Mobutu 1,1,2026-06-01,Dubaï,C,1,13.0,13.0,22.82,14.2,0.0,1
P0274,Mobutu 2,1,2026-06-01,Dubaï,C,1,13.0,13.0,22.82,14.2,0.0,1
P0274,Kolwezi Mwangeshi,2,2026-06-01,Dubaï,C,2,13.0,26.0,18.59,0.0,0.0,1
P0274,Kolwezi Ville,2,2026-06-01,Dubaï,C,1,13.0,13.0,18.59,0.0,0.0,1
P0274,Lomami,2,2026-06-01,Dubaï,C,2,13.0,26.0,18.59,0.0,0.0,1
P0274,Maniema,2,2026-06-01,Dubaï,C,1,13.0,13.0,18.59,0.0,0.0,1
P0274,Mobutu 1,2,2026-06-01,Dubaï,C,2,13.0,26.0,18.59,0.0,0.0,1
P0274,Mobutu 2,2,2026-06-01,Dubaï,C,4,13.0,52.0,18.59,0.0,0.0,1
P0275,Kolwezi Mwangeshi,1,2026-06-01,Dubaï,C,2,27.0,54.0,15.75,0.0,2.75,1
P0275,Likasi,1,2026-06-01,Dubaï,C,2,27.0,54.0,15.75,0.0,2.75,1
P0275,Lomami,1,2026-06-01,Dubaï,C,3,27.0,81.0,15.75,0.0,2.75,1
P0275,Mobutu 1,1,2026-06-01,Dubaï,C,3,27.0,81.0,15.75,0.0,2.75,1
P0275,Mobutu 2,1,2026-06-01,Dubaï,C,6,27.0,162.0,15.75,0.0,2.75,1
P0275,Kolwezi Mwangeshi,2,2026-06-01,Dubaï,C,2,27.0,54.0,15.75,0.0,0.0,1
P0275,Likasi,2,2026-06-01,Dubaï,C,2,27.0,54.0,15.75,0.0,0.0,1
P0275,Lomami,2,2026-06-01,Dubaï,C,3,27.0,81.0,15.75,0.0,0.0,1
P0275,Mobutu 1,2,2026-06-01,Dubaï,C,3,27.0,81.0,15.75,0.0,0.0,1
P0275,Mobutu 2,2,2026-06-01,Dubaï,C,6,27.0,162.0,15.75,0.0,0.0,1
P0276,Kolwezi Ville,1,2026-06-01,Chine,C,1,200.0,200.0,14.76,1.2,0.0,2
P0276,Likasi,1,2026-06-01,Chine,C,1,200.0,200.0,14.76,1.2,0.0,2
P0276,Lomami,1,2026-06-01,Chine,C,3,200.0,600.0,14.76,1.2,0.0,2
P0276,Maniema,1,2026-06-01,Chine,C,2,200.0,400.0,14.76,1.2,0.0,2
P0276,Mobutu 1,1,2026-06-01,Chine,C,2,200.0,400.0,14.76,1.2,0.0,2
P0276,Mobutu 2,1,2026-06-01,Chine,C,4,200.0,800.0,14.76,1.2,0.0,2
P0278,Kolwezi Mwangeshi,1,2026-06-01,Chine,C,1,12.0,12.0,10.44,0.0,5.44,2
P0278,Kolwezi Ville,1,2026-06-01,Chine,C,1,12.0,12.0,10.44,0.0,5.44,2
P0278,Likasi,1,2026-06-01,Chine,C,1,12.0,12.0,10.44,0.0,5.44,2
P0278,Lomami,1,2026-06-01,Chine,C,2,12.0,24.0,10.44,0.0,5.44,2
P0278,Maniema,1,2026-06-01,Chine,C,2,12.0,24.0,10.44,0.0,5.44,2
P0278,Mobutu 2,1,2026-06-01,Chine,C,4,12.0,48.0,10.44,0.0,5.44,2
P0279,Kolwezi Mwangeshi,2,2026-06-01,Dubaï,C,1,22.0,22.0,9.81,1.4,0.0,1
P0279,Kolwezi Ville,2,2026-06-01,Dubaï,C,1,22.0,22.0,9.81,1.4,0.0,1
P0279,Likasi,2,2026-06-01,Dubaï,C,1,22.0,22.0,9.81,1.4,0.0,1
P0279,Maniema,2,2026-06-01,Dubaï,C,1,22.0,22.0,9.81,1.4,0.0,1
P0279,Mobutu 1,2,2026-06-01,Dubaï,C,1,22.0,22.0,9.81,1.4,0.0,1
P0279,Mobutu 2,2,2026-06-01,Dubaï,C,3,22.0,66.0,9.81,1.4,0.0,1
