produit_id,mois_offset,date_decision,quantite_commandee,stock_final,rupture,demande_prevue,commande_passee,classe_abc,cout_achat,prix_vente,fournisseur,lead_time_mois,montant_total
P0005,1,2026-06-01,0,27.0,0.0,0.0,0,A,130.0,182.0,Dubaï,1,0.0
P0005,2,2026-06-01,0,26.7,0.0,0.28,0,A,130.0,182.0,Dubaï,1,0.0
P0005,3,2026-07-01,0,26.7,0.0,0.0,0,A,130.0,182.0,Dubaï,1,0.0
P0006,1,2026-06-01,0,13.6,0.0,1.41,0,B,145.0,203.0,Dubaï,1,0.0
P0006,2,2026-06-01,8,4.1,0.0,9.5,1,B,145.0,203.0,Dubaï,1,1160.0
P0006,3,2026-07-01,0,0.0,0.0,11.8,0,B,145.0,203.0,Dubaï,1,0.0
P0014,1,2026-06-01,55,0.0,15.24,39.24,1,A,180.0,252.0,Dubaï,1,9900.0
P0014,2,2026-06-01,46,0.0,0.0,55.05,1,A,180.0,252.0,Dubaï,1,8280.0
P0014,3,2026-07-01,0,0.0,0.0,46.48,0,A,180.0,252.0,Dubaï,1,0.0
P0015,1,2026-06-01,0,6.3,0.0,6.66,0,A,210.0,294.0,Dubaï,1,0.0
P0015,2,2026-06-01,7,0.0,0.0,6.66,1,A,210.0,294.0,Dubaï,1,1470.0
P0015,3,2026-07-01,0,0.0,0.0,6.66,0,A,210.0,294.0,Dubaï,1,0.0
P0016,1,2026-06-01,14,2.4,0.0,34.62,1,A,220.0,308.0,Dubaï,1,3080.0
P0016,2,2026-06-01,38,0.0,0.0,16.29,1,A,220.0,308.0,Dubaï,1,8360.0
P0016,3,2026-07-01,0,0.0,0.0,37.82,0,A,220.0,308.0,Dubaï,1,0.0
P0023,1,2026-06-01,7,7.1,0.0,18.91,1,A,250.0,350.0,Dubaï,1,1750.0
P0023,2,2026-06-01,21,0.0,0.0,14.19,1,A,250.0,350.0,Dubaï,1,5250.0
P0023,3,2026-07-01,0,0.0,0.0,21.34,0,A,250.0,350.0,Dubaï,1,0.0
P0024,1,2026-06-01,0,20.5,0.0,8.5,0,A,260.0,364.0,Dubaï,1,0.0
P0024,2,2026-06-01,0,17.8,0.0,2.67,0,A,260.0,364.0,Dubaï,1,0.0
P0024,3,2026-07-01,0,4.4,0.0,13.47,0,A,260.0,364.0,Dubaï,1,0.0
P0025,1,2026-06-01,0,1.6,0.0,9.41,0,A,270.0,378.0,Dubaï,1,0.0
P0025,2,2026-06-01,0,1.6,0.0,0.0,0,A,270.0,378.0,Dubaï,1,0.0
P0025,3,2026-07-01,0,1.6,0.0,0.0,0,A,270.0,378.0,Dubaï,1,0.0
P0036,1,2026-06-01,0,14.1,0.0,2.92,0,C,132.0,158.4,Dubaï,1,0.0
P0036,2,2026-06-01,0,11.2,0.0,2.92,0,C,132.0,158.4,Dubaï,1,0.0
P0036,3,2026-07-01,0,8.2,0.0,2.92,0,C,132.0,158.4,Dubaï,1,0.0
P0037,1,2026-06-01,6,0.0,1.31,13.31,1,A,600.0,720.0,Dubaï,1,3600.0
P0037,2,2026-06-01,3,0.0,0.0,6.21,1,A,600.0,720.0,Dubaï,1,1800.0
P0037,3,2026-07-01,0,0.0,0.0,3.05,0,A,600.0,720.0,Dubaï,1,0.0
P0038,1,2026-06-01,0,6.7,0.0,2.3,0,B,680.0,816.0,Dubaï,1,0.0
P0038,2,2026-06-01,0,4.1,0.0,2.64,0,B,680.0,816.0,Dubaï,1,0.0
P0038,3,2026-07-01,0,3.3,0.0,0.73,0,B,680.0,816.0,Dubaï,1,0.0
P0039,1,2026-06-01,2,0.0,9.03,9.03,1,B,184.0,220.8,Dubaï,1,368.0
P0039,2,2026-06-01,12,0.0,0.0,2.33,1,B,184.0,220.8,Dubaï,1,2208.0
P0039,3,2026-07-01,0,0.0,0.0,12.35,0,B,184.0,220.8,Dubaï,1,0.0
P0040,1,2026-06-01,0,5.4,0.0,4.64,0,A,224.0,268.8,Dubaï,1,0.0
P0040,2,2026-06-01,0,5.4,0.0,0.0,0,A,224.0,268.8,Dubaï,1,0.0
P0040,3,2026-07-01,0,5.4,0.0,0.0,0,A,224.0,268.8,Dubaï,1,0.0
P0041,1,2026-06-01,3,0.0,1.72,2.72,1,C,280.0,336.0,Dubaï,1,840.0
P0041,2,2026-06-01,3,0.0,0.0,2.72,1,C,280.0,336.0,Dubaï,1,840.0
P0041,3,2026-07-01,0,0.0,0.0,2.72,0,C,280.0,336.0,Dubaï,1,0.0
P0042,1,2026-06-01,0,12.4,0.0,5.56,0,A,320.0,384.0,Dubaï,1,0.0
P0042,2,2026-06-01,0,12.4,0.0,0.0,0,A,320.0,384.0,Dubaï,1,0.0
P0042,3,2026-07-01,0,12.4,0.0,0.0,0,A,320.0,384.0,Dubaï,1,0.0
P0043,1,2026-06-01,0,0.0,6.41,12.41,0,A,544.0,652.8,Dubaï,1,0.0
P0043,2,2026-06-01,1,0.0,0.0,0.0,1,A,544.0,652.8,Dubaï,1,544.0
P0043,3,2026-07-01,0,0.0,0.0,0.75,0,A,544.0,652.8,Dubaï,1,0.0
P0044,1,2026-06-01,0,10.0,0.0,0.0,0,A,416.0,499.2,Dubaï,1,0.0
P0044,2,2026-06-01,0,6.3,0.0,3.73,0,A,416.0,499.2,Dubaï,1,0.0
P0044,3,2026-07-01,0,3.6,0.0,2.69,0,A,416.0,499.2,Dubaï,1,0.0
P0045,1,2026-06-01,0,4.1,0.0,4.89,0,A,388.0,465.6,Dubaï,1,0.0
P0045,2,2026-06-01,0,2.1,0.0,2.02,0,A,388.0,465.6,Dubaï,1,0.0
P0045,3,2026-07-01,0,2.1,0.0,0.0,0,A,388.0,465.6,Dubaï,1,0.0
P0046,1,2026-06-01,0,4.5,0.0,3.5,0,A,288.0,345.6,Dubaï,1,0.0
P0046,2,2026-06-01,8,0.8,0.0,3.67,1,A,288.0,345.6,Dubaï,1,2304.0
P0046,3,2026-07-01,0,0.0,0.0,8.41,0,A,288.0,345.6,Dubaï,1,0.0
P0049,1,2026-06-01,5,1.7,0.0,6.33,1,C,72.0,86.4,Dubaï,1,360.0
P0049,2,2026-06-01,6,0.0,0.0,6.33,1,C,72.0,86.4,Dubaï,1,432.0
P0049,3,2026-07-01,0,0.0,0.0,6.33,0,C,72.0,86.4,Dubaï,1,0.0
P0050,1,2026-06-01,7,0.0,0.31,7.31,1,C,84.0,100.8,Dubaï,1,588.0
P0050,2,2026-06-01,7,0.0,0.0,7.31,1,C,84.0,100.8,Dubaï,1,588.0
P0050,3,2026-07-01,0,0.0,0.0,7.31,0,C,84.0,100.8,Dubaï,1,0.0
P0051,1,2026-06-01,0,0.0,0.0,0.0,0,A,720.0,864.0,Dubaï,1,0.0
P0051,2,2026-06-01,0,0.0,0.0,0.0,0,A,720.0,864.0,Dubaï,1,0.0
P0051,3,2026-07-01,0,0.0,0.0,0.0,0,A,720.0,864.0,Dubaï,1,0.0
P0052,1,2026-06-01,0,0.0,3.2,5.2,0,A,552.0,662.4,Dubaï,1,0.0
P0052,2,2026-06-01,0,0.0,0.0,0.0,0,A,552.0,662.4,Dubaï,1,0.0
P0052,3,2026-07-01,0,0.0,0.0,0.0,0,A,552.0,662.4,Dubaï,1,0.0
P0054,1,2026-06-01,1,4.8,0.0,2.2,1,B,320.0,384.0,Dubaï,1,320.0
P0054,2,2026-06-01,9,0.0,0.0,5.32,1,B,320.0,384.0,Dubaï,1,2880.0
P0054,3,2026-07-01,0,0.0,0.0,8.54,0,B,320.0,384.0,Dubaï,1,0.0
P0055,1,2026-06-01,0,1.4,0.0,4.6,0,A,304.0,364.8,Dubaï,1,0.0
P0055,2,2026-06-01,0,1.4,0.0,0.0,0,A,304.0,364.8,Dubaï,1,0.0
P0055,3,2026-07-01,0,1.4,0.0,0.0,0,A,304.0,364.8,Dubaï,1,0.0
P0056,1,2026-06-01,0,5.9,0.0,7.08,0,A,280.0,336.0,Dubaï,1,0.0
P0056,2,2026-06-01,9,0.0,0.0,5.96,1,A,280.0,336.0,Dubaï,1,2520.0
P0056,3,2026-07-01,0,0.0,0.0,8.67,0,A,280.0,336.0,Dubaï,1,0.0
P0058,1,2026-06-01,4,0.0,7.97,8.97,1,B,280.0,336.0,Dubaï,1,1120.0
P0058,2,2026-06-01,4,0.0,0.0,3.57,1,B,280.0,336.0,Dubaï,1,1120.0
P0058,3,2026-07-01,0,0.0,0.0,3.63,0,B,280.0,336.0,Dubaï,1,0.0
P0059,1,2026-06-01,5,0.0,2.03,5.03,1,C,72.0,86.4,Dubaï,1,360.0
P0059,2,2026-06-01,5,0.0,0.0,5.03,1,C,72.0,86.4,Dubaï,1,360.0
P0059,3,2026-07-01,0,0.0,0.0,5.03,0,C,72.0,86.4,Dubaï,1,0.0
P0060,1,2026-06-01,9,0.0,2.18,5.18,1,A,420.0,504.0,Dubaï,1,3780.0
P0060,2,2026-06-01,11,0.0,0.0,8.66,1,A,420.0,504.0,Dubaï,1,4620.0
P0060,3,2026-07-01,0,0.0,0.0,11.03,0,A,420.0,504.0,Dubaï,1,0.0
P0061,1,2026-06-01,0,13.1,0.0,2.9,0,B,280.0,336.0,Dubaï,1,0.0
P0061,2,2026-06-01,0,7.4,0.0,5.72,0,B,280.0,336.0,Dubaï,1,0.0
P0061,3,2026-07-01,0,5.3,0.0,2.07,0,B,280.0,336.0,Dubaï,1,0.0
P0062,1,2026-06-01,0,7.6,0.0,1.43,0,A,360.0,432.0,Dubaï,1,0.0
P0062,2,2026-06-01,2,3.9,0.0,3.63,1,A,360.0,432.0,Dubaï,1,720.0
P0062,3,2026-07-01,0,0.0,0.0,6.32,0,A,360.0,432.0,Dubaï,1,0.0
P0066,1,2026-06-01,0,3.2,0.0,4.8,0,A,552.0,634.8,Dubaï,1,0.0
P0066,2,2026-06-01,2,1.6,0.0,1.56,1,A,552.0,634.8,Dubaï,1,1104.0
P0066,3,2026-07-01,0,0.0,0.0,4.0,0,A,552.0,634.8,Dubaï,1,0.0
P0068,1,2026-06-01,1,0.0,0.73,1.73,1,A,833.0,957.95,Dubaï,1,833.0
P0068,2,2026-06-01,0,0.0,0.0,1.49,0,A,833.0,957.95,Dubaï,1,0.0
P0068,3,2026-07-01,0,0.0,0.0,0.0,0,A,833.0,957.95,Dubaï,1,0.0
P0072,1,2026-06-01,5,0.0,2.13,8.13,1,A,790.0,908.5,Dubaï,1,3950.0
P0072,2,2026-06-01,4,0.0,0.0,4.82,1,A,790.0,908.5,Dubaï,1,3160.0
P0072,3,2026-07-01,0,0.0,0.0,3.65,0,A,790.0,908.5,Dubaï,1,0.0
P0074,1,2026-06-01,0,3.1,0.0,2.92,0,B,1190.0,1368.5,Dubaï,1,0.0
P0074,2,2026-06-01,0,3.1,0.0,0.0,0,B,1190.0,1368.5,Dubaï,1,0.0
P0074,3,2026-07-01,0,0.2,0.0,2.89,0,B,1190.0,1368.5,Dubaï,1,0.0
P0075,1,2026-06-01,0,10.2,0.0,0.75,0,B,850.0,977.5,Dubaï,1,0.0
P0075,2,2026-06-01,0,9.0,0.0,1.27,0,B,850.0,977.5,Dubaï,1,0.0
P0075,3,2026-07-01,0,8.2,0.0,0.78,0,B,850.0,977.5,Dubaï,1,0.0
P0076,1,2026-06-01,0,3.7,0.0,2.35,0,A,595.0,684.25,Dubaï,1,0.0
P0076,2,2026-06-01,0,1.4,0.0,2.28,0,A,595.0,684.25,Dubaï,1,0.0
P0076,3,2026-07-01,0,1.4,0.0,0.0,0,A,595.0,684.25,Dubaï,1,0.0
P0078,1,2026-06-01,8,1.7,0.0,4.26,1,A,935.0,1075.25,Dubaï,1,7480.0
P0078,2,2026-06-01,0,0.0,0.0,9.4,0,A,935.0,1075.25,Dubaï,1,0.0
P0078,3,2026-07-01,0,0.0,0.0,0.0,0,A,935.0,1075.25,Dubaï,1,0.0
P0080,1,2026-06-01,10,0.0,3.11,7.11,1,A,1105.0,1270.75,Dubaï,1,11050.0
P0080,2,2026-06-01,7,0.0,0.0,9.81,1,A,1105.0,1270.75,Dubaï,1,7735.0
P0080,3,2026-07-01,0,0.0,0.0,7.36,0,A,1105.0,1270.75,Dubaï,1,0.0
P0086,1,2026-06-01,11,2.9,0.0,13.1,1,B,200.0,240.0,Chine,2,2200.0
P0086,2,2026-06-01,0,0.0,10.91,13.81,0,B,200.0,240.0,Chine,2,0.0
P0086,3,2026-07-01,0,0.0,0.0,11.28,0,B,200.0,240.0,Chine,2,0.0
P0088,1,2026-06-01,7,0.8,0.0,5.15,1,A,464.0,556.8,Chine,2,3248.0
P0088,2,2026-06-01,0,0.8,0.0,0.0,0,A,464.0,556.8,Chine,2,0.0
P0088,3,2026-07-01,0,0.0,0.0,7.43,0,A,464.0,556.8,Chine,2,0.0
P0089,1,2026-06-01,7,1.4,0.0,3.62,1,B,360.0,432.0,Dubaï,1,2520.0
P0089,2,2026-06-01,1,0.0,0.0,7.97,1,B,360.0,432.0,Dubaï,1,360.0
P0089,3,2026-07-01,0,0.0,0.0,1.28,0,B,360.0,432.0,Dubaï,1,0.0
P0090,1,2026-06-01,0,6.3,0.0,6.72,0,A,280.0,336.0,Dubaï,1,0.0
P0090,2,2026-06-01,0,3.9,0.0,2.36,0,A,280.0,336.0,Dubaï,1,0.0
P0090,3,2026-07-01,0,0.0,0.0,4.25,0,A,280.0,336.0,Dubaï,1,0.0
P0091,1,2026-06-01,0,8.8,0.0,7.24,0,A,416.0,499.2,Chine,2,0.0
P0091,2,2026-06-01,0,6.4,0.0,2.35,0,A,416.0,499.2,Chine,2,0.0
P0091,3,2026-07-01,0,0.1,0.0,6.3,0,A,416.0,499.2,Chine,2,0.0
P0092,1,2026-06-01,0,0.0,0.59,7.59,0,A,480.0,576.0,Dubaï,1,0.0
P0092,2,2026-06-01,2,0.0,0.0,0.0,1,A,480.0,576.0,Dubaï,1,960.0
P0092,3,2026-07-01,0,0.0,0.0,1.88,0,A,480.0,576.0,Dubaï,1,0.0
P0094,1,2026-06-01,7,0.0,1.33,11.33,1,A,245.0,318.5,Chine,2,1715.0
P0094,2,2026-06-01,0,0.0,11.1,11.1,0,A,245.0,318.5,Chine,2,0.0
P0094,3,2026-07-01,0,0.0,0.0,6.85,0,A,245.0,318.5,Chine,2,0.0
P0095,1,2026-06-01,18,0.0,33.49,46.49,1,B,75.0,97.5,Chine,2,1350.0
P0095,2,2026-06-01,0,0.0,30.18,30.18,0,B,75.0,97.5,Chine,2,0.0
P0095,3,2026-07-01,0,0.0,0.0,18.28,0,B,75.0,97.5,Chine,2,0.0
P0096,1,2026-06-01,12,1.0,0.0,14.02,1,A,98.0,127.4,Chine,2,1176.0
P0096,2,2026-06-01,0,0.0,8.27,9.25,0,A,98.0,127.4,Chine,2,0.0
P0096,3,2026-07-01,0,0.0,0.0,12.31,0,A,98.0,127.4,Chine,2,0.0
P0098,1,2026-06-01,8,0.0,18.42,24.42,1,A,192.0,249.6,Chine,2,1536.0
P0098,2,2026-06-01,0,0.0,16.95,16.95,0,A,192.0,249.6,Chine,2,0.0
P0098,3,2026-07-01,0,0.0,0.0,7.85,0,A,192.0,249.6,Chine,2,0.0
P0099,1,2026-06-01,19,0.4,0.0,22.6,1,B,57.0,74.1,Chine,2,1083.0
P0099,2,2026-06-01,0,0.0,29.12,29.52,0,B,57.0,74.1,Chine,2,0.0
P0099,3,2026-07-01,0,0.0,0.0,18.72,0,B,57.0,74.1,Chine,2,0.0
P0100,1,2026-06-01,0,6.2,0.0,2.78,0,C,31.0,40.3,Chine,2,0.0
P0100,2,2026-06-01,0,3.4,0.0,2.78,0,C,31.0,40.3,Chine,2,0.0
P0100,3,2026-07-01,0,0.7,0.0,2.78,0,C,31.0,40.3,Chine,2,0.0
P0102,1,2026-06-01,28,0.0,16.5,28.5,1,B,65.0,84.5,Chine,2,1820.0
P0102,2,2026-06-01,0,0.0,32.78,32.78,0,B,65.0,84.5,Chine,2,0.0
P0102,3,2026-07-01,0,0.0,0.0,28.0,0,B,65.0,84.5,Chine,2,0.0
P0103,1,2026-06-01,20,0.0,10.5,20.5,1,C,15.0,19.5,Chine,2,300.0
P0103,2,2026-06-01,0,0.0,14.64,14.64,0,C,15.0,19.5,Chine,2,0.0
P0103,3,2026-07-01,0,0.0,0.0,20.19,0,C,15.0,19.5,Chine,2,0.0
P0104,1,2026-06-01,18,0.0,3.12,26.12,1,A,320.0,416.0,Dubaï,1,5760.0
P0104,2,2026-06-01,13,0.0,0.0,17.79,1,A,320.0,416.0,Dubaï,1,4160.0
P0104,3,2026-07-01,0,0.0,0.0,13.35,0,A,320.0,416.0,Dubaï,1,0.0
P0105,1,2026-06-01,20,0.0,0.97,21.97,1,A,480.0,624.0,Dubaï,1,9600.0
P0105,2,2026-06-01,11,0.0,0.0,20.41,1,A,480.0,624.0,Dubaï,1,5280.0
P0105,3,2026-07-01,0,0.0,0.0,10.63,0,A,480.0,624.0,Dubaï,1,0.0
P0107,1,2026-06-01,0,10.9,0.0,2.12,0,A,215.0,279.5,Chine,2,0.0
P0107,2,2026-06-01,0,9.1,0.0,1.82,0,A,215.0,279.5,Chine,2,0.0
P0107,3,2026-07-01,0,9.1,0.0,0.0,0,A,215.0,279.5,Chine,2,0.0
P0108,1,2026-06-01,0,18.3,0.0,2.67,0,C,108.0,140.4,Chine,2,0.0
P0108,2,2026-06-01,0,15.7,0.0,2.67,0,C,108.0,140.4,Chine,2,0.0
P0108,3,2026-07-01,0,13.0,0.0,2.67,0,C,108.0,140.4,Chine,2,0.0
P0109,1,2026-06-01,13,12.6,0.0,17.4,1,A,135.0,175.5,Chine,2,1755.0
P0109,2,2026-06-01,0,0.0,6.43,19.03,0,A,135.0,175.5,Chine,2,0.0
P0109,3,2026-07-01,0,0.0,0.0,13.18,0,A,135.0,175.5,Chine,2,0.0
P0110,1,2026-06-01,0,9.0,0.0,7.03,0,A,461.0,599.3,Dubaï,1,0.0
P0110,2,2026-06-01,0,9.0,0.0,0.0,0,A,461.0,599.3,Dubaï,1,0.0
P0110,3,2026-07-01,0,0.0,0.0,9.19,0,A,461.0,599.3,Dubaï,1,0.0
P0112,1,2026-06-01,27,10.7,0.0,21.35,1,B,88.0,114.4,Chine,2,2376.0
P0112,2,2026-06-01,0,0.0,11.01,21.66,0,B,88.0,114.4,Chine,2,0.0
P0112,3,2026-07-01,0,0.0,0.0,27.3,0,B,88.0,114.4,Chine,2,0.0
P0113,1,2026-06-01,13,0.0,15.74,21.74,1,B,75.0,97.5,Chine,2,975.0
P0113,2,2026-06-01,0,0.0,9.96,9.96,0,B,75.0,97.5,Chine,2,0.0
P0113,3,2026-07-01,0,0.0,0.0,13.42,0,B,75.0,97.5,Chine,2,0.0
P0115,1,2026-06-01,14,1.7,0.0,16.33,1,A,200.0,260.0,Chine,2,2800.0
P0115,2,2026-06-01,0,0.0,10.73,12.39,0,A,200.0,260.0,Chine,2,0.0
P0115,3,2026-07-01,0,0.0,0.0,14.14,0,A,200.0,260.0,Chine,2,0.0
P0119,1,2026-06-01,0,23.8,0.0,5.24,0,C,1.2,1.62,Chine,2,0.0
P0119,2,2026-06-01,0,17.4,0.0,6.35,0,C,1.2,1.62,Chine,2,0.0
P0119,3,2026-07-01,0,11.1,0.0,6.35,0,C,1.2,1.62,Chine,2,0.0
P0120,1,2026-06-01,23,69.7,0.0,46.28,1,C,1.0,1.35,Chine,2,23.0
P0120,2,2026-06-01,0,23.4,0.0,46.28,0,C,1.0,1.35,Chine,2,0.0
P0120,3,2026-07-01,0,0.0,0.0,46.28,0,C,1.0,1.35,Chine,2,0.0
P0121,1,2026-06-01,0,166.7,0.0,33.33,0,C,4.5,6.08,Chine,2,0.0
P0121,2,2026-06-01,0,133.3,0.0,33.33,0,C,4.5,6.08,Chine,2,0.0
P0121,3,2026-07-01,0,100.0,0.0,33.33,0,C,4.5,6.08,Chine,2,0.0
P0122,1,2026-06-01,41,14.6,0.0,57.42,1,C,7.5,10.12,Chine,2,307.5
P0122,2,2026-06-01,0,0.0,37.62,52.21,0,C,7.5,10.12,Chine,2,0.0
P0122,3,2026-07-01,0,0.0,0.0,41.08,0,C,7.5,10.12,Chine,2,0.0
P0123,1,2026-06-01,41,35.9,0.0,42.14,1,C,11.0,14.85,Chine,2,451.0
P0123,2,2026-06-01,0,0.0,4.95,40.82,0,C,11.0,14.85,Chine,2,0.0
P0123,3,2026-07-01,0,0.0,0.0,40.82,0,C,11.0,14.85,Chine,2,0.0
P0125,1,2026-06-01,42,0.4,0.0,41.61,1,C,5.0,6.75,Chine,2,210.0
P0125,2,2026-06-01,0,0.0,41.22,41.61,0,C,5.0,6.75,Chine,2,0.0
P0125,3,2026-07-01,0,0.0,0.0,41.61,0,C,5.0,6.75,Chine,2,0.0
P0126,1,2026-06-01,0,154.3,0.0,55.72,0,C,3.5,4.73,Chine,2,0.0
P0126,2,2026-06-01,0,99.3,0.0,54.95,0,C,3.5,4.73,Chine,2,0.0
P0126,3,2026-07-01,0,62.4,0.0,36.93,0,C,3.5,4.73,Chine,2,0.0
P0127,1,2026-06-01,38,32.1,0.0,37.86,1,C,4.0,5.4,Chine,2,152.0
P0127,2,2026-06-01,0,0.0,5.72,37.86,0,C,4.0,5.4,Chine,2,0.0
P0127,3,2026-07-01,0,0.0,0.0,37.86,0,C,4.0,5.4,Chine,2,0.0
P0129,1,2026-06-01,0,112.8,0.0,37.16,0,C,0.45,0.61,Chine,2,0.0
P0129,2,2026-06-01,0,73.2,0.0,39.65,0,C,0.45,0.61,Chine,2,0.0
P0129,3,2026-07-01,0,32.5,0.0,40.65,0,C,0.45,0.61,Chine,2,0.0
P0130,1,2026-06-01,46,16.2,0.0,45.78,1,C,3.5,4.73,Chine,2,161.0
P0130,2,2026-06-01,0,0.0,29.56,45.78,0,C,3.5,4.73,Chine,2,0.0
P0130,3,2026-07-01,0,0.0,0.0,45.78,0,C,3.5,4.73,Chine,2,0.0
P0131,1,2026-06-01,0,165.2,0.0,46.78,0,C,3.0,4.05,Chine,2,0.0
P0131,2,2026-06-01,0,118.4,0.0,46.78,0,C,3.0,4.05,Chine,2,0.0
P0131,3,2026-07-01,0,71.7,0.0,46.78,0,C,3.0,4.05,Chine,2,0.0
P0132,1,2026-06-01,25,54.7,0.0,66.35,1,C,4.5,6.08,Chine,2,112.5
P0132,2,2026-06-01,0,11.6,0.0,43.09,0,C,4.5,6.08,Chine,2,0.0
P0132,3,2026-07-01,0,0.0,0.0,36.64,0,C,4.5,6.08,Chine,2,0.0
P0134,1,2026-06-01,48,0.0,65.04,89.04,1,C,14.0,21.0,Chine,2,672.0
P0134,2,2026-06-01,0,0.0,41.04,41.04,0,C,14.0,21.0,Chine,2,0.0
P0134,3,2026-07-01,0,0.0,0.0,48.04,0,C,14.0,21.0,Chine,2,0.0
P0135,1,2026-06-01,42,0.0,40.64,52.64,1,C,13.0,19.5,Chine,2,546.0
P0135,2,2026-06-01,0,0.0,45.53,45.53,0,C,13.0,19.5,Chine,2,0.0
P0135,3,2026-07-01,0,0.0,0.0,42.24,0,C,13.0,19.5,Chine,2,0.0
P0136,1,2026-06-01,45,0.0,32.58,44.58,1,C,12.0,18.0,Chine,2,540.0
P0136,2,2026-06-01,0,0.0,44.58,44.58,0,C,12.0,18.0,Chine,2,0.0
P0136,3,2026-07-01,0,0.0,0.0,44.58,0,C,12.0,18.0,Chine,2,0.0
P0137,1,2026-06-01,0,26.6,0.0,4.37,0,C,26.0,39.0,Chine,2,0.0
P0137,2,2026-06-01,0,19.5,0.0,7.17,0,C,26.0,39.0,Chine,2,0.0
P0137,3,2026-07-01,0,13.3,0.0,6.14,0,C,26.0,39.0,Chine,2,0.0
P0138,1,2026-06-01,33,0.0,24.36,42.36,1,B,22.0,33.0,Chine,2,726.0
P0138,2,2026-06-01,0,0.0,44.72,44.72,0,B,22.0,33.0,Chine,2,0.0
P0138,3,2026-07-01,0,0.0,0.0,33.37,0,B,22.0,33.0,Chine,2,0.0
P0139,1,2026-06-01,0,32.3,0.0,6.72,0,C,7.0,10.5,Chine,2,0.0
P0139,2,2026-06-01,0,25.6,0.0,6.72,0,C,7.0,10.5,Chine,2,0.0
P0139,3,2026-07-01,0,18.8,0.0,6.72,0,C,7.0,10.5,Chine,2,0.0
P0140,1,2026-06-01,39,0.0,10.8,36.8,1,C,6.0,9.0,Chine,2,234.0
P0140,2,2026-06-01,0,0.0,38.52,38.52,0,C,6.0,9.0,Chine,2,0.0
P0140,3,2026-07-01,0,0.0,0.0,39.14,0,C,6.0,9.0,Chine,2,0.0
P0141,1,2026-06-01,41,0.0,13.58,40.58,1,C,11.0,16.5,Chine,2,451.0
P0141,2,2026-06-01,0,0.0,40.58,40.58,0,C,11.0,16.5,Chine,2,0.0
P0141,3,2026-07-01,0,0.0,0.0,40.58,0,C,11.0,16.5,Chine,2,0.0
P0142,1,2026-06-01,0,75.9,0.0,6.08,0,C,15.0,22.5,Chine,2,0.0
P0142,2,2026-06-01,0,69.8,0.0,6.08,0,C,15.0,22.5,Chine,2,0.0
P0142,3,2026-07-01,0,63.8,0.0,6.08,0,C,15.0,22.5,Chine,2,0.0
P0143,1,2026-06-01,38,0.0,29.61,37.61,1,C,3.0,4.5,Chine,2,114.0
P0143,2,2026-06-01,0,0.0,37.61,37.61,0,C,3.0,4.5,Chine,2,0.0
P0143,3,2026-07-01,0,0.0,0.0,37.61,0,C,3.0,4.5,Chine,2,0.0
P0145,1,2026-06-01,58,0.0,36.54,56.54,1,B,28.0,42.0,Chine,2,1624.0
P0145,2,2026-06-01,0,0.0,73.05,73.05,0,B,28.0,42.0,Chine,2,0.0
P0145,3,2026-07-01,0,0.0,0.0,57.94,0,B,28.0,42.0,Chine,2,0.0
P0146,1,2026-06-01,40,0.0,2.65,37.65,1,B,38.0,57.0,Dubaï,1,1520.0
P0146,2,2026-06-01,38,0.0,0.0,39.81,1,B,38.0,57.0,Dubaï,1,1444.0
P0146,3,2026-07-01,0,0.0,0.0,38.22,0,B,38.0,57.0,Dubaï,1,0.0
P0147,1,2026-06-01,14,0.0,18.88,40.88,1,A,38.0,57.0,Dubaï,1,532.0
P0147,2,2026-06-01,24,0.0,0.0,13.68,1,A,38.0,57.0,Dubaï,1,912.0
P0147,3,2026-07-01,0,0.0,0.0,24.14,0,A,38.0,57.0,Dubaï,1,0.0
P0148,1,2026-06-01,37,0.0,8.89,36.89,1,C,14.0,21.0,Chine,2,518.0
P0148,2,2026-06-01,0,0.0,36.89,36.89,0,C,14.0,21.0,Chine,2,0.0
P0148,3,2026-07-01,0,0.0,0.0,36.89,0,C,14.0,21.0,Chine,2,0.0
P0149,1,2026-06-01,35,0.0,35.4,54.4,1,B,22.0,33.0,Chine,2,770.0
P0149,2,2026-06-01,0,0.0,32.61,32.61,0,B,22.0,33.0,Chine,2,0.0
P0149,3,2026-07-01,0,0.0,0.0,34.76,0,B,22.0,33.0,Chine,2,0.0
P0150,1,2026-06-01,19,45.1,0.0,31.92,1,C,18.0,27.0,Chine,2,342.0
P0150,2,2026-06-01,0,13.2,0.0,31.92,0,C,18.0,27.0,Chine,2,0.0
P0150,3,2026-07-01,0,0.0,0.0,31.92,0,C,18.0,27.0,Chine,2,0.0
P0151,1,2026-06-01,39,0.0,36.08,52.08,1,C,9.0,13.5,Chine,2,351.0
P0151,2,2026-06-01,0,0.0,42.93,42.93,0,C,9.0,13.5,Chine,2,0.0
P0151,3,2026-07-01,0,0.0,0.0,39.44,0,C,9.0,13.5,Chine,2,0.0
P0152,1,2026-06-01,36,0.0,15.1,39.1,1,B,18.0,27.0,Chine,2,648.0
P0152,2,2026-06-01,0,0.0,72.79,72.79,0,B,18.0,27.0,Chine,2,0.0
P0152,3,2026-07-01,0,0.0,0.0,36.42,0,B,18.0,27.0,Chine,2,0.0
P0153,1,2026-06-01,35,0.0,16.0,56.0,1,C,5.0,7.5,Chine,2,175.0
P0153,2,2026-06-01,0,0.0,35.0,35.0,0,C,5.0,7.5,Chine,2,0.0
P0153,3,2026-07-01,0,0.0,0.0,35.0,0,C,5.0,7.5,Chine,2,0.0
P0154,1,2026-06-01,77,0.0,21.11,52.11,1,B,104.0,156.0,Dubaï,1,8008.0
P0154,2,2026-06-01,51,0.0,0.0,76.94,1,B,104.0,156.0,Dubaï,1,5304.0
P0154,3,2026-07-01,0,0.0,0.0,50.61,0,B,104.0,156.0,Dubaï,1,0.0
P0155,1,2026-06-01,33,10.5,0.0,25.54,1,B,22.0,33.0,Chine,2,726.0
P0155,2,2026-06-01,0,0.0,17.37,27.83,0,B,22.0,33.0,Chine,2,0.0
P0155,3,2026-07-01,0,0.0,0.0,32.64,0,B,22.0,33.0,Chine,2,0.0
P0156,1,2026-06-01,39,0.0,2.24,25.24,1,B,18.0,27.0,Chine,2,702.0
P0156,2,2026-06-01,0,0.0,42.23,42.23,0,B,18.0,27.0,Chine,2,0.0
P0156,3,2026-07-01,0,0.0,0.0,39.38,0,B,18.0,27.0,Chine,2,0.0
P0157,1,2026-06-01,60,0.0,12.23,37.23,1,B,38.0,57.0,Dubaï,1,2280.0
P0157,2,2026-06-01,36,0.0,0.0,60.2,1,B,38.0,57.0,Dubaï,1,1368.0
P0157,3,2026-07-01,0,0.0,0.0,36.11,0,B,38.0,57.0,Dubaï,1,0.0
P0158,1,2026-06-01,42,0.0,22.89,38.89,1,B,32.0,48.0,Dubaï,1,1344.0
P0158,2,2026-06-01,51,0.0,0.0,41.82,1,B,32.0,48.0,Dubaï,1,1632.0
P0158,3,2026-07-01,0,0.0,0.0,51.17,0,B,32.0,48.0,Dubaï,1,0.0
P0159,1,2026-06-01,44,0.0,22.59,44.59,1,B,28.0,42.0,Chine,2,1232.0
P0159,2,2026-06-01,0,0.0,57.11,57.11,0,B,28.0,42.0,Chine,2,0.0
P0159,3,2026-07-01,0,0.0,0.0,43.98,0,B,28.0,42.0,Chine,2,0.0
P0160,1,2026-06-01,30,0.0,59.4,72.4,1,C,8.0,12.0,Chine,2,240.0
P0160,2,2026-06-01,0,0.0,42.26,42.26,0,C,8.0,12.0,Chine,2,0.0
P0160,3,2026-07-01,0,0.0,0.0,30.22,0,C,8.0,12.0,Chine,2,0.0
P0161,1,2026-06-01,0,21.8,0.0,5.24,0,C,9.0,13.5,Chine,2,0.0
P0161,2,2026-06-01,0,16.5,0.0,5.24,0,C,9.0,13.5,Chine,2,0.0
P0161,3,2026-07-01,0,11.3,0.0,5.24,0,C,9.0,13.5,Chine,2,0.0
P0163,1,2026-06-01,23,0.0,28.0,104.0,1,C,8.0,12.0,Chine,2,184.0
P0163,2,2026-06-01,0,0.0,38.0,38.0,0,C,8.0,12.0,Chine,2,0.0
P0163,3,2026-07-01,0,0.0,0.0,23.0,0,C,8.0,12.0,Chine,2,0.0
P0169,1,2026-06-01,1,9.6,0.0,5.45,1,C,4.0,5.4,Chine,2,4.0
P0169,2,2026-06-01,0,4.1,0.0,5.45,0,C,4.0,5.4,Chine,2,0.0
P0169,3,2026-07-01,0,0.0,0.0,5.45,0,C,4.0,5.4,Chine,2,0.0
P0171,1,2026-06-01,33,1.6,0.0,33.39,1,C,9.0,12.15,Chine,2,297.0
P0171,2,2026-06-01,0,0.0,31.78,33.39,0,C,9.0,12.15,Chine,2,0.0
P0171,3,2026-07-01,0,0.0,0.0,33.39,0,C,9.0,12.15,Chine,2,0.0
P0172,1,2026-06-01,0,28.0,0.0,6.98,0,C,13.0,17.55,Chine,2,0.0
P0172,2,2026-06-01,0,21.0,0.0,6.98,0,C,13.0,17.55,Chine,2,0.0
P0172,3,2026-07-01,0,14.1,0.0,6.98,0,C,13.0,17.55,Chine,2,0.0
P0173,1,2026-06-01,8,0.0,3.17,8.17,1,C,22.0,29.7,Chine,2,176.0
P0173,2,2026-06-01,0,0.0,8.17,8.17,0,C,22.0,29.7,Chine,2,0.0
P0173,3,2026-07-01,0,0.0,0.0,8.17,0,C,22.0,29.7,Chine,2,0.0
P0174,1,2026-06-01,30,0.0,25.19,30.19,1,C,11.0,14.85,Chine,2,330.0
P0174,2,2026-06-01,0,0.0,30.19,30.19,0,C,11.0,14.85,Chine,2,0.0
P0174,3,2026-07-01,0,0.0,0.0,30.19,0,C,11.0,14.85,Chine,2,0.0
P0175,1,2026-06-01,28,0.0,2.05,30.05,1,C,18.0,24.3,Chine,2,504.0
P0175,2,2026-06-01,0,0.0,27.61,27.61,0,C,18.0,24.3,Chine,2,0.0
P0175,3,2026-07-01,0,0.0,0.0,27.61,0,C,18.0,24.3,Chine,2,0.0
P0176,1,2026-06-01,39,13.1,0.0,37.92,1,B,26.0,35.1,Chine,2,1014.0
P0176,2,2026-06-01,0,0.0,16.42,29.51,0,B,26.0,35.1,Chine,2,0.0
P0176,3,2026-07-01,0,0.0,0.0,38.94,0,B,26.0,35.1,Chine,2,0.0
P0177,1,2026-06-01,0,28.5,0.0,31.5,0,A,56.0,75.6,Dubaï,1,0.0
P0177,2,2026-06-01,0,28.5,0.0,0.02,0,A,56.0,75.6,Dubaï,1,0.0
P0177,3,2026-07-01,0,28.5,0.0,0.0,0,A,56.0,75.6,Dubaï,1,0.0
P0178,1,2026-06-01,0,40.8,0.0,19.23,0,A,82.0,110.7,Dubaï,1,0.0
P0178,2,2026-06-01,0,29.0,0.0,11.73,0,A,82.0,110.7,Dubaï,1,0.0
P0178,3,2026-07-01,0,24.7,0.0,4.34,0,A,82.0,110.7,Dubaï,1,0.0
P0180,1,2026-06-01,0,35.8,0.0,34.15,0,B,32.0,43.2,Dubaï,1,0.0
P0180,2,2026-06-01,8,2.3,0.0,33.58,1,B,32.0,43.2,Dubaï,1,256.0
P0180,3,2026-07-01,0,0.0,0.0,10.02,0,B,32.0,43.2,Dubaï,1,0.0
P0181,1,2026-06-01,0,9.5,0.0,6.5,0,C,48.0,64.8,Dubaï,1,0.0
P0181,2,2026-06-01,4,3.0,0.0,6.5,1,C,48.0,64.8,Dubaï,1,192.0
P0181,3,2026-07-01,0,0.0,0.0,6.5,0,C,48.0,64.8,Dubaï,1,0.0
P0184,1,2026-06-01,21,0.0,15.66,24.66,1,B,96.0,120.0,Dubaï,1,2016.0
P0184,2,2026-06-01,19,0.0,0.0,21.24,1,B,96.0,120.0,Dubaï,1,1824.0
P0184,3,2026-07-01,0,0.0,0.0,18.96,0,B,96.0,120.0,Dubaï,1,0.0
P0185,1,2026-06-01,3,0.6,0.0,5.45,1,C,112.0,140.0,Dubaï,1,336.0
P0185,2,2026-06-01,5,0.0,0.0,3.38,1,C,112.0,140.0,Dubaï,1,560.0
P0185,3,2026-07-01,0,0.0,0.0,4.67,0,C,112.0,140.0,Dubaï,1,0.0
P0186,1,2026-06-01,0,14.0,0.0,0.0,0,A,152.0,190.0,Dubaï,1,0.0
P0186,2,2026-06-01,0,14.0,0.0,0.0,0,A,152.0,190.0,Dubaï,1,0.0
P0186,3,2026-07-01,0,5.4,0.0,8.56,0,A,152.0,190.0,Dubaï,1,0.0
P0187,1,2026-06-01,0,2.5,0.0,2.52,0,C,184.0,230.0,Dubaï,1,0.0
P0187,2,2026-06-01,3,0.0,0.0,2.52,1,C,184.0,230.0,Dubaï,1,552.0
P0187,3,2026-07-01,0,0.0,0.0,2.52,0,C,184.0,230.0,Dubaï,1,0.0
P0188,1,2026-06-01,0,13.0,0.0,0.0,0,A,216.0,270.0,Dubaï,1,0.0
P0188,2,2026-06-01,1,9.5,0.0,3.47,1,A,216.0,270.0,Dubaï,1,216.0
P0188,3,2026-07-01,0,0.0,0.0,10.25,0,A,216.0,270.0,Dubaï,1,0.0
P0189,1,2026-06-01,15,0.0,14.59,19.59,1,A,144.0,180.0,Chine,2,2160.0
P0189,2,2026-06-01,0,0.0,2.98,2.98,0,A,144.0,180.0,Chine,2,0.0
P0189,3,2026-07-01,0,0.0,0.0,15.41,0,A,144.0,180.0,Chine,2,0.0
P0190,1,2026-06-01,0,2.9,0.0,4.14,0,A,280.0,350.0,Dubaï,1,0.0
P0190,2,2026-06-01,5,1.7,0.0,1.14,1,A,280.0,350.0,Dubaï,1,1400.0
P0190,3,2026-07-01,0,0.0,0.0,6.48,0,A,280.0,350.0,Dubaï,1,0.0
P0191,1,2026-06-01,0,0.0,0.08,3.08,0,B,200.0,250.0,Chine,2,0.0
P0191,2,2026-06-01,0,0.0,0.0,0.0,0,B,200.0,250.0,Chine,2,0.0
P0191,3,2026-07-01,0,0.0,0.0,0.3,0,B,200.0,250.0,Chine,2,0.0
P0192,1,2026-06-01,0,4.8,0.0,15.21,0,A,400.0,500.0,Dubaï,1,0.0
P0192,2,2026-06-01,11,1.0,0.0,3.82,1,A,400.0,500.0,Dubaï,1,4400.0
P0192,3,2026-07-01,0,0.0,0.0,12.05,0,A,400.0,500.0,Dubaï,1,0.0
P0194,1,2026-06-01,13,0.0,0.69,11.69,1,B,88.0,110.0,Chine,2,1144.0
P0194,2,2026-06-01,0,0.0,6.78,6.78,0,B,88.0,110.0,Chine,2,0.0
P0194,3,2026-07-01,0,0.0,0.0,12.58,0,B,88.0,110.0,Chine,2,0.0
P0197,1,2026-06-01,55,0.0,30.42,55.42,1,C,8.5,11.9,Dubaï,1,467.5
P0197,2,2026-06-01,55,0.0,0.0,55.42,1,C,8.5,11.9,Dubaï,1,467.5
P0197,3,2026-07-01,0,0.0,0.0,55.42,0,C,8.5,11.9,Dubaï,1,0.0
P0198,1,2026-06-01,30,17.9,0.0,48.11,1,C,3.8,5.32,Dubaï,1,114.0
P0198,2,2026-06-01,48,0.0,0.0,48.11,1,C,3.8,5.32,Dubaï,1,182.4
P0198,3,2026-07-01,0,0.0,0.0,48.11,0,C,3.8,5.32,Dubaï,1,0.0
P0200,1,2026-06-01,96,0.0,96.88,179.88,1,C,1.5,2.1,Chine,2,144.0
P0200,2,2026-06-01,0,0.0,65.88,65.88,0,C,1.5,2.1,Chine,2,0.0
P0200,3,2026-07-01,0,0.0,0.0,95.88,0,C,1.5,2.1,Chine,2,0.0
P0201,1,2026-06-01,63,0.0,39.58,61.58,1,C,9.0,12.6,Chine,2,567.0
P0201,2,2026-06-01,0,0.0,62.75,62.75,0,C,9.0,12.6,Chine,2,0.0
P0201,3,2026-07-01,0,0.0,0.0,63.13,0,C,9.0,12.6,Chine,2,0.0
P0203,1,2026-06-01,57,0.0,25.91,52.91,1,C,7.0,9.8,Chine,2,399.0
P0203,2,2026-06-01,0,0.0,41.49,41.49,0,C,7.0,9.8,Chine,2,0.0
P0203,3,2026-07-01,0,0.0,0.0,57.11,0,C,7.0,9.8,Chine,2,0.0
P0204,1,2026-06-01,54,0.0,49.57,61.57,1,C,1.5,2.1,Chine,2,81.0
P0204,2,2026-06-01,0,0.0,67.47,67.47,0,C,1.5,2.1,Chine,2,0.0
P0204,3,2026-07-01,0,0.0,0.0,54.36,0,C,1.5,2.1,Chine,2,0.0
P0205,1,2026-06-01,67,0.0,36.02,77.02,1,C,1.5,2.1,Chine,2,100.5
P0205,2,2026-06-01,0,0.0,84.33,84.33,0,C,1.5,2.1,Chine,2,0.0
P0205,3,2026-07-01,0,0.0,0.0,66.59,0,C,1.5,2.1,Chine,2,0.0
P0207,1,2026-06-01,52,0.0,26.28,52.28,1,C,6.0,8.4,Chine,2,312.0
P0207,2,2026-06-01,0,0.0,52.28,52.28,0,C,6.0,8.4,Chine,2,0.0
P0207,3,2026-07-01,0,0.0,0.0,52.28,0,C,6.0,8.4,Chine,2,0.0
P0210,1,2026-06-01,58,0.0,37.12,74.12,1,C,4.0,5.6,Chine,2,232.0
P0210,2,2026-06-01,0,0.0,77.28,77.28,0,C,4.0,5.6,Chine,2,0.0
P0210,3,2026-07-01,0,0.0,0.0,58.03,0,C,4.0,5.6,Chine,2,0.0
P0211,1,2026-06-01,43,0.0,51.53,75.53,1,C,3.0,4.2,Chine,2,129.0
P0211,2,2026-06-01,0,0.0,45.41,45.41,0,C,3.0,4.2,Chine,2,0.0
P0211,3,2026-07-01,0,0.0,0.0,43.36,0,C,3.0,4.2,Chine,2,0.0
P0212,1,2026-06-01,68,0.0,3.51,63.51,1,B,110.0,154.0,Chine,2,7480.0
P0212,2,2026-06-01,0,0.0,69.79,69.79,0,B,110.0,154.0,Chine,2,0.0
P0212,3,2026-07-01,0,0.0,0.0,67.95,0,B,110.0,154.0,Chine,2,0.0
P0216,1,2026-06-01,12,7.7,0.0,16.35,1,B,82.0,94.3,Chine,2,984.0
P0216,2,2026-06-01,0,0.0,8.0,15.65,0,B,82.0,94.3,Chine,2,0.0
P0216,3,2026-07-01,0,0.0,0.0,12.4,0,B,82.0,94.3,Chine,2,0.0
P0217,1,2026-06-01,12,0.0,3.64,11.64,1,C,55.0,63.25,Chine,2,660.0
P0217,2,2026-06-01,0,0.0,11.64,11.64,0,C,55.0,63.25,Chine,2,0.0
P0217,3,2026-07-01,0,0.0,0.0,11.64,0,C,55.0,63.25,Chine,2,0.0
P0218,1,2026-06-01,11,0.0,10.38,20.38,1,B,95.0,109.25,Chine,2,1045.0
P0218,2,2026-06-01,0,0.0,21.32,21.32,0,B,95.0,109.25,Chine,2,0.0
P0218,3,2026-07-01,0,0.0,0.0,10.98,0,B,95.0,109.25,Chine,2,0.0
P0219,1,2026-06-01,0,0.0,1.81,11.81,0,A,165.0,189.75,Chine,2,0.0
P0219,2,2026-06-01,0,0.0,16.43,16.43,0,A,165.0,189.75,Chine,2,0.0
P0219,3,2026-07-01,0,0.0,0.0,0.43,0,A,165.0,189.75,Chine,2,0.0
P0220,1,2026-06-01,20,0.0,14.48,23.48,1,B,130.0,149.5,Chine,2,2600.0
P0220,2,2026-06-01,0,0.0,24.36,24.36,0,B,130.0,149.5,Chine,2,0.0
P0220,3,2026-07-01,0,0.0,0.0,19.99,0,B,130.0,149.5,Chine,2,0.0
P0221,1,2026-06-01,2,2.1,0.0,8.92,1,A,165.0,189.75,Dubaï,1,330.0
P0221,2,2026-06-01,0,0.0,0.0,3.74,0,A,165.0,189.75,Dubaï,1,0.0
P0221,3,2026-07-01,0,0.0,0.0,0.0,0,A,165.0,189.75,Dubaï,1,0.0
P0222,1,2026-06-01,3,0.0,6.97,12.97,1,A,210.0,241.5,Dubaï,1,630.0
P0222,2,2026-06-01,4,0.0,0.0,3.46,1,A,210.0,241.5,Dubaï,1,840.0
P0222,3,2026-07-01,0,0.0,0.0,4.26,0,A,210.0,241.5,Dubaï,1,0.0
P0223,1,2026-06-01,18,0.0,14.06,23.06,1,B,1235.0,1420.25,Dubaï,1,22230.0
P0223,2,2026-06-01,15,0.0,0.0,17.78,1,B,1235.0,1420.25,Dubaï,1,18525.0
P0223,3,2026-07-01,0,0.0,0.0,15.39,0,B,1235.0,1420.25,Dubaï,1,0.0
P0224,1,2026-06-01,0,8.9,0.0,2.1,0,C,130.0,149.5,Chine,2,0.0
P0224,2,2026-06-01,0,6.5,0.0,2.37,0,C,130.0,149.5,Chine,2,0.0
P0224,3,2026-07-01,0,4.2,0.0,2.37,0,C,130.0,149.5,Chine,2,0.0
P0226,1,2026-06-01,0,5.9,0.0,1.13,0,C,65.0,74.75,Dubaï,1,0.0
P0226,2,2026-06-01,0,4.8,0.0,1.11,0,C,65.0,74.75,Dubaï,1,0.0
P0226,3,2026-07-01,0,3.7,0.0,1.06,0,C,65.0,74.75,Dubaï,1,0.0
P0228,1,2026-06-01,7,0.0,0.53,6.53,1,C,65.0,84.5,Chine,2,455.0
P0228,2,2026-06-01,0,0.0,6.53,6.53,0,C,65.0,84.5,Chine,2,0.0
P0228,3,2026-07-01,0,0.0,0.0,6.53,0,C,65.0,84.5,Chine,2,0.0
P0229,1,2026-06-01,6,0.8,0.0,6.19,1,C,90.0,117.0,Chine,2,540.0
P0229,2,2026-06-01,0,0.0,5.39,6.19,0,C,90.0,117.0,Chine,2,0.0
P0229,3,2026-07-01,0,0.0,0.0,6.19,0,C,90.0,117.0,Chine,2,0.0
P0232,1,2026-06-01,11,0.0,5.67,8.67,1,B,280.0,364.0,Chine,2,3080.0
P0232,2,2026-06-01,0,0.0,5.18,5.18,0,B,280.0,364.0,Chine,2,0.0
P0232,3,2026-07-01,0,0.0,0.0,11.28,0,B,280.0,364.0,Chine,2,0.0
P0236,1,2026-06-01,38,0.3,0.0,38.69,1,C,2.0,3.0,Dubaï,1,76.0
P0236,2,2026-06-01,39,0.0,0.0,38.69,1,C,2.0,3.0,Dubaï,1,78.0
P0236,3,2026-07-01,0,0.0,0.0,38.69,0,C,2.0,3.0,Dubaï,1,0.0
P0237,1,2026-06-01,1,44.3,0.0,33.67,1,C,1.8,2.7,Dubaï,1,1.8
P0237,2,2026-06-01,39,0.0,0.0,44.96,1,C,1.8,2.7,Dubaï,1,70.2
P0237,3,2026-07-01,0,0.0,0.0,38.69,0,C,1.8,2.7,Dubaï,1,0.0
P0238,1,2026-06-01,56,0.0,25.28,64.28,1,C,0.8,1.2,Chine,2,44.8
P0238,2,2026-06-01,0,0.0,49.59,49.59,0,C,0.8,1.2,Chine,2,0.0
P0238,3,2026-07-01,0,0.0,0.0,55.55,0,C,0.8,1.2,Chine,2,0.0
P0239,1,2026-06-01,23,0.0,20.66,42.66,1,C,0.5,0.75,Chine,2,11.5
P0239,2,2026-06-01,0,0.0,54.67,54.67,0,C,0.5,0.75,Chine,2,0.0
P0239,3,2026-07-01,0,0.0,0.0,22.67,0,C,0.5,0.75,Chine,2,0.0
P0240,1,2026-06-01,34,5.2,0.0,38.78,1,C,1.5,2.25,Dubaï,1,51.0
P0240,2,2026-06-01,39,0.0,0.0,38.78,1,C,1.5,2.25,Dubaï,1,58.5
P0240,3,2026-07-01,0,0.0,0.0,38.78,0,C,1.5,2.25,Dubaï,1,0.0
P0242,1,2026-06-01,0,95.0,0.0,60.01,0,C,22.0,33.0,Chine,2,0.0
P0242,2,2026-06-01,0,48.1,0.0,46.91,0,C,22.0,33.0,Chine,2,0.0
P0242,3,2026-07-01,0,13.1,0.0,35.01,0,C,22.0,33.0,Chine,2,0.0
P0243,1,2026-06-01,62,0.0,17.65,40.65,1,C,10.0,15.0,Dubaï,1,620.0
P0243,2,2026-06-01,40,0.0,0.0,61.51,1,C,10.0,15.0,Dubaï,1,400.0
P0243,3,2026-07-01,0,0.0,0.0,39.55,0,C,10.0,15.0,Dubaï,1,0.0
P0244,1,2026-06-01,37,15.2,0.0,37.79,1,C,9.0,13.5,Dubaï,1,333.0
P0244,2,2026-06-01,29,0.0,0.0,52.25,1,C,9.0,13.5,Dubaï,1,261.0
P0244,3,2026-07-01,0,0.0,0.0,29.47,0,C,9.0,13.5,Dubaï,1,0.0
P0246,1,2026-06-01,3,2.4,0.0,4.6,1,C,104.0,124.8,Dubaï,1,312.0
P0246,2,2026-06-01,3,0.0,0.0,5.43,1,C,104.0,124.8,Dubaï,1,312.0
P0246,3,2026-07-01,0,0.0,0.0,2.55,0,C,104.0,124.8,Dubaï,1,0.0
P0248,1,2026-06-01,5,0.0,1.09,4.09,1,B,360.0,432.0,Dubaï,1,1800.0
P0248,2,2026-06-01,1,0.0,0.0,5.17,1,B,360.0,432.0,Dubaï,1,360.0
P0248,3,2026-07-01,0,0.0,0.0,1.13,0,B,360.0,432.0,Dubaï,1,0.0
P0250,1,2026-06-01,1,0.0,1.0,4.0,1,C,12.0,14.4,Dubaï,1,12.0
P0250,2,2026-06-01,2,0.0,0.0,1.0,1,C,12.0,14.4,Dubaï,1,24.0
P0250,3,2026-07-01,0,0.0,0.0,2.0,0,C,12.0,14.4,Dubaï,1,0.0
P0251,1,2026-06-01,4,0.0,1.53,4.53,1,C,154.0,200.2,Chine,2,616.0
P0251,2,2026-06-01,0,0.0,4.01,4.01,0,C,154.0,200.2,Chine,2,0.0
P0251,3,2026-07-01,0,0.0,0.0,3.82,0,C,154.0,200.2,Chine,2,0.0
P0252,1,2026-06-01,3,4.1,0.0,2.87,1,C,92.0,119.6,Chine,2,276.0
P0252,2,2026-06-01,0,0.6,0.0,3.5,0,C,92.0,119.6,Chine,2,0.0
P0252,3,2026-07-01,0,0.0,0.0,3.18,0,C,92.0,119.6,Chine,2,0.0
P0253,1,2026-06-01,4,0.0,1.92,3.92,1,C,62.0,80.6,Chine,2,248.0
P0253,2,2026-06-01,0,0.0,3.92,3.92,0,C,62.0,80.6,Chine,2,0.0
P0253,3,2026-07-01,0,0.0,0.0,3.92,0,C,62.0,80.6,Chine,2,0.0
P0255,1,2026-06-01,3,0.0,4.35,4.35,1,B,246.0,319.8,Chine,2,738.0
P0255,2,2026-06-01,0,0.0,5.88,5.88,0,B,246.0,319.8,Chine,2,0.0
P0255,3,2026-07-01,0,0.0,0.0,2.85,0,B,246.0,319.8,Chine,2,0.0
P0260,1,2026-06-01,1,2.2,0.0,1.78,1,C,192.0,249.6,Chine,2,192.0
P0260,2,2026-06-01,0,0.4,0.0,1.78,0,C,192.0,249.6,Chine,2,0.0
P0260,3,2026-07-01,0,0.0,0.0,1.78,0,C,192.0,249.6,Chine,2,0.0
P0261,1,2026-06-01,0,1.0,0.0,0.0,0,C,270.0,351.0,Chine,2,0.0
P0261,2,2026-06-01,0,0.5,0.0,0.47,0,C,270.0,351.0,Chine,2,0.0
P0261,3,2026-07-01,0,0.5,0.0,0.0,0,C,270.0,351.0,Chine,2,0.0
P0266,1,2026-06-01,0,19.1,0.0,6.92,0,C,32.0,41.6,Dubaï,1,0.0
P0266,2,2026-06-01,0,12.2,0.0,6.92,0,C,32.0,41.6,Dubaï,1,0.0
P0266,3,2026-07-01,0,5.2,0.0,6.92,0,C,32.0,41.6,Dubaï,1,0.0
P0267,1,2026-06-01,11,0.0,1.53,10.53,1,C,58.0,75.4,Dubaï,1,638.0
P0267,2,2026-06-01,11,0.0,0.0,10.53,1,C,58.0,75.4,Dubaï,1,638.0
P0267,3,2026-07-01,0,0.0,0.0,10.53,0,C,58.0,75.4,Dubaï,1,0.0
P0268,1,2026-06-01,3,0.0,0.02,3.02,1,C,35.0,45.5,Dubaï,1,105.0
P0268,2,2026-06-01,3,0.0,0.0,3.43,1,C,35.0,45.5,Dubaï,1,105.0
P0268,3,2026-07-01,0,0.0,0.0,3.39,0,C,35.0,45.5,Dubaï,1,0.0
P0269,1,2026-06-01,0,10.9,0.0,9.14,0,B,62.0,80.6,Dubaï,1,0.0
P0269,2,2026-06-01,13,0.5,0.0,10.38,1,B,62.0,80.6,Dubaï,1,806.0
P0269,3,2026-07-01,0,0.0,0.0,13.16,0,B,62.0,80.6,Dubaï,1,0.0
P0270,1,2026-06-01,14,0.0,6.48,9.48,1,B,90.0,117.0,Dubaï,1,1260.0
P0270,2,2026-06-01,11,0.0,0.0,14.48,1,B,90.0,117.0,Dubaï,1,990.0
P0270,3,2026-07-01,0,0.0,0.0,10.95,0,B,90.0,117.0,Dubaï,1,0.0
P0271,1,2026-06-01,23,0.0,21.58,29.58,1,C,9.0,12.6,Dubaï,1,207.0
P0271,2,2026-06-01,16,0.0,0.0,22.63,1,C,9.0,12.6,Dubaï,1,144.0
P0271,3,2026-07-01,0,0.0,0.0,16.11,0,C,9.0,12.6,Dubaï,1,0.0
P0272,1,2026-06-01,16,0.0,7.41,20.41,1,C,11.0,15.4,Dubaï,1,176.0
P0272,2,2026-06-01,15,0.0,0.0,16.25,1,C,11.0,15.4,Dubaï,1,165.0
P0272,3,2026-07-01,0,0.0,0.0,14.58,0,C,11.0,15.4,Dubaï,1,0.0
P0274,1,2026-06-01,4,14.2,0.0,22.82,1,C,13.0,18.2,Dubaï,1,52.0
P0274,2,2026-06-01,12,0.0,0.0,18.59,1,C,13.0,18.2,Dubaï,1,156.0
P0274,3,2026-07-01,0,0.0,0.0,12.26,0,C,13.0,18.2,Dubaï,1,0.0
P0275,1,2026-06-01,16,0.0,2.75,15.75,1,C,27.0,37.8,Dubaï,1,432.0
P0275,2,2026-06-01,16,0.0,0.0,15.75,1,C,27.0,37.8,Dubaï,1,432.0
P0275,3,2026-07-01,0,0.0,0.0,15.75,0,C,27.0,37.8,Dubaï,1,0.0
P0276,1,2026-06-01,13,1.2,0.0,14.76,1,C,200.0,260.0,Chine,2,2600.0
P0276,2,2026-06-01,0,0.0,11.93,13.18,0,C,200.0,260.0,Chine,2,0.0
P0276,3,2026-07-01,0,0.0,0.0,12.7,0,C,200.0,260.0,Chine,2,0.0
P0277,1,2026-06-01,0,7.0,0.0,0.0,0,C,16.0,20.8,Chine,2,0.0
P0277,2,2026-06-01,0,5.8,0.0,1.23,0,C,16.0,20.8,Chine,2,0.0
P0277,3,2026-07-01,0,5.8,0.0,0.0,0,C,16.0,20.8,Chine,2,0.0
P0278,1,2026-06-01,11,0.0,5.44,10.44,1,C,12.0,15.6,Chine,2,132.0
P0278,2,2026-06-01,0,0.0,12.62,12.62,0,C,12.0,15.6,Chine,2,0.0
P0278,3,2026-07-01,0,0.0,0.0,10.71,0,C,12.0,15.6,Chine,2,0.0
P0279,1,2026-06-01,0,11.2,0.0,9.81,0,C,22.0,28.6,Dubaï,1,0.0
P0279,2,2026-06-01,8,1.4,0.0,9.81,1,C,22.0,28.6,Dubaï,1,176.0
P0279,3,2026-07-01,0,0.0,0.0,9.81,0,C,22.0,28.6,Dubaï,1,0.0
