produit_id,date,prevision,modele_utilise,intervalle_confiance_bas,intervalle_confiance_haut
P0023,2025-08-01,18.90621851106943,lstm,16.070285734409016,21.742151287729843
P0023,2025-09-01,14.189374763326347,lstm,12.060968548827395,16.317780977825297
P0023,2025-10-01,21.340793007559217,lstm,18.139674056425335,24.5419119586931
P0023,2025-11-01,9.245697982092258,lstm,7.858843284778419,10.632552679406096
P0023,2025-12-01,22.890637850902344,lstm,19.45704217326699,26.324233528537693
P0023,2026-01-01,11.063305546361901,lstm,9.403809714407616,12.722801378316186
P0024,2025-08-01,8.497841341894404,lstm,7.223165140610243,9.772517543178564
P0024,2025-09-01,2.669107418004218,lstm,2.268741305303585,3.06947353070485
P0024,2025-10-01,13.467297171942343,lstm,11.44720259615099,15.487391747733694
P0024,2025-11-01,31.690915338708734,lstm,26.937278037902423,36.444552639515045
P0024,2025-12-01,23.026958325383006,lstm,19.572914576575556,26.481002074190457
P0024,2026-01-01,22.333341522872637,lstm,18.983340294441742,25.68334275130353
P0105,2025-08-01,21.967942583878514,lstm,18.672751196296737,25.263133971460288
P0105,2025-09-01,20.414841972760975,lstm,17.352615676846828,23.47706826867512
P0105,2025-10-01,10.625816226441916,lstm,9.031943792475628,12.219688660408202
P0105,2025-11-01,21.67827553912239,lstm,18.42653420825403,24.930016869990745
P0105,2025-12-01,14.235902536454615,lstm,12.100517155986422,16.371287916922807
P0105,2026-01-01,18.62445805371731,lstm,15.830789345659712,21.418126761774904
P0021,2025-08-01,0.0,obsolete,0.0,0.0
P0021,2025-09-01,0.0,obsolete,0.0,0.0
P0021,2025-10-01,0.0,obsolete,0.0,0.0
P0021,2025-11-01,0.0,obsolete,0.0,0.0
P0021,2025-12-01,0.0,obsolete,0.0,0.0
P0021,2026-01-01,0.0,obsolete,0.0,0.0
P0110,2025-08-01,7.0255737547427435,lstm,5.971737691531332,8.079409817954154
P0110,2025-09-01,0.0,lstm,0.0,0.0
P0110,2025-10-01,9.192414215610793,lstm,7.813552083269173,10.571276347952411
P0110,2025-11-01,2.2763406020288897,lstm,1.9348895117245561,2.6177916923332227
P0110,2025-12-01,7.6226051641926516,lstm,6.4792143895637535,8.765995938821549
P0110,2026-01-01,0.0,lstm,0.0,0.0
P0025,2025-08-01,9.413365816525783,lstm,8.001360944046915,10.82537068900465
P0025,2025-09-01,0.0,lstm,0.0,0.0
P0025,2025-10-01,0.0,lstm,0.0,0.0
P0025,2025-11-01,0.0,lstm,0.0,0.0
P0025,2025-12-01,0.0,lstm,0.0,0.0
P0025,2026-01-01,0.0,lstm,0.0,0.0
P0104,2025-08-01,26.123074777819618,lstm,22.204613561146676,30.04153599449256
P0104,2025-09-01,17.78763146977895,lstm,15.119486749312108,20.455776190245793
P0104,2025-10-01,13.35462164766051,lstm,11.351428400511432,15.357814894809586
P0104,2025-11-01,15.432988233526036,lstm,13.11803999849713,17.74793646855494
P0104,2025-12-01,15.633470656353957,lstm,13.288450057900864,17.97849125480705
P0104,2026-01-01,25.862248035096602,lstm,21.98291082983211,29.74158524036109
P0080,2025-08-01,7.105298596299336,lstm,6.039503806854435,8.171093385744236
P0080,2025-09-01,9.810817677386904,lstm,8.339195025778869,11.282440328994939
P0080,2025-10-01,7.357440419374809,lstm,6.253824356468588,8.46105648228103
P0080,2025-11-01,9.246901771243083,lstm,7.85986650555662,10.633937036929545
P0080,2025-12-01,11.633311721088646,lstm,9.888314962925348,13.378308479251942
P0080,2026-01-01,8.200790009168548,lstm,6.9706715077932655,9.43090851054383
P0020,2025-08-01,0.0,obsolete,0.0,0.0
P0020,2025-09-01,0.0,obsolete,0.0,0.0
P0020,2025-10-01,0.0,obsolete,0.0,0.0
P0020,2025-11-01,0.0,obsolete,0.0,0.0
P0020,2025-12-01,0.0,obsolete,0.0,0.0
P0020,2026-01-01,0.0,obsolete,0.0,0.0
P0017,2025-08-01,0.0,obsolete,0.0,0.0
P0017,2025-09-01,0.0,obsolete,0.0,0.0
P0017,2025-10-01,0.0,obsolete,0.0,0.0
P0017,2025-11-01,0.0,obsolete,0.0,0.0
P0017,2025-12-01,0.0,obsolete,0.0,0.0
P0017,2026-01-01,0.0,obsolete,0.0,0.0
P0094,2025-08-01,11.33117875709373,lstm,9.63150194352967,13.030855570657788
P0094,2025-09-01,11.096133389933001,lstm,9.431713381443052,12.760553398422951
P0094,2025-10-01,6.846070245523048,lstm,5.819159708694591,7.872980782351505
P0094,2025-11-01,10.705454601243186,lstm,9.099636411056709,12.311272791429664
P0094,2025-12-01,0.0,lstm,0.0,0.0
P0094,2026-01-01,10.92685403011146,lstm,9.287825925594742,12.565882134628179
P0043,2025-08-01,12.412275398443535,lstm,10.550434088677004,14.274116708210064
P0043,2025-09-01,0.0,lstm,0.0,0.0
P0043,2025-10-01,0.7529196196153887,lstm,0.6399816766730804,0.8658575625576969
P0043,2025-11-01,7.852064979297493,lstm,6.674255232402869,9.029874726192116
P0043,2025-12-01,3.9360644255285546,lstm,3.3456547616992713,4.526474089357838
P0043,2026-01-01,6.2755704315258765,lstm,5.3342348667969945,7.2169059962547575
P0037,2025-08-01,13.313671229853304,lstm,11.316620545375308,15.310721914331298
P0037,2025-09-01,6.214728823883368,lstm,5.282519500300863,7.146938147465872
P0037,2025-10-01,3.046060624944338,lstm,2.589151531202687,3.5029697186859883
P0037,2025-11-01,2.9421694611142897,lstm,2.500844041947146,3.383494880281433
P0037,2025-12-01,0.18391736462387753,lstm,0.1563297599302959,0.21150496931745916
P0037,2026-01-01,4.274957769114675,lstm,3.6337141037474736,4.916201434481875
P0051,2025-08-01,0.0,lstm,0.0,0.0
P0051,2025-09-01,0.0,lstm,0.0,0.0
P0051,2025-10-01,0.0,lstm,0.0,0.0
P0051,2025-11-01,0.0,lstm,0.0,0.0
P0051,2025-12-01,0.0,lstm,0.0,0.0
P0051,2026-01-01,0.0,lstm,0.0,0.0
P0014,2025-08-01,39.238912226096595,lstm,33.353075392182106,45.124749060011084
P0014,2025-09-01,55.045867302497875,lstm,46.78898720712319,63.30274739787255
P0014,2025-10-01,46.477954998358776,lstm,39.506261748604956,53.44964824811259
P0014,2025-11-01,44.39819200113405,lstm,37.73846320096394,51.05792080130415
P0014,2025-12-01,51.9637583760931,lstm,44.16919461967913,59.758322132507054
P0014,2026-01-01,42.74251441174016,lstm,36.331137249979136,49.15389157350118
P0016,2025-08-01,34.61688397797649,lstm,29.42435138128002,39.809416574672966
P0016,2025-09-01,16.29155710566252,lstm,13.847823539813142,18.735290671511898
P0016,2025-10-01,37.819489269825425,lstm,32.14656587935161,43.49241266029924
P0016,2025-11-01,2.184496607202555,lstm,1.8568221161221719,2.512171098282938
P0016,2025-12-01,18.38746573298293,lstm,15.629345873035488,21.145585592930367
P0016,2026-01-01,14.76207692371961,lstm,12.547765385161668,16.97638846227755
P0073,2025-08-01,0.0,obsolete,0.0,0.0
P0073,2025-09-01,0.0,obsolete,0.0,0.0
P0073,2025-10-01,0.0,obsolete,0.0,0.0
P0073,2025-11-01,0.0,obsolete,0.0,0.0
P0073,2025-12-01,0.0,obsolete,0.0,0.0
P0073,2026-01-01,0.0,obsolete,0.0,0.0
P0107,2025-08-01,2.1198947607799985,lstm,1.8019105466629988,2.4378789748969982
P0107,2025-09-01,1.8173672179150016,lstm,1.5447621352277512,2.0899723006022515
P0107,2025-10-01,0.0,lstm,0.0,0.0
P0107,2025-11-01,3.56542287986079,lstm,3.0306094478816714,4.100236311839908
P0107,2025-12-01,11.82518044450471,lstm,10.051403377829002,13.598957511180416
P0107,2026-01-01,0.0,lstm,0.0,0.0
P0192,2025-08-01,15.205939702729244,lstm,12.925048747319858,17.48683065813863
P0192,2025-09-01,3.8167278860256832,lstm,3.2442187031218306,4.3892370689295355
P0192,2025-10-01,12.051151063050849,lstm,10.24347840359322,13.858823722508475
P0192,2025-11-01,1.715127550844934,lstm,1.4578584182181937,1.972396683471674
P0192,2025-12-01,2.2827723999217753,lstm,1.940356539933509,2.6251882599100416
P0192,2026-01-01,12.28307231253019,lstm,10.440611465650662,14.125533159409718
P0002,2025-08-01,0.0,obsolete,0.0,0.0
P0002,2025-09-01,0.0,obsolete,0.0,0.0
P0002,2025-10-01,0.0,obsolete,0.0,0.0
P0002,2025-11-01,0.0,obsolete,0.0,0.0
P0002,2025-12-01,0.0,obsolete,0.0,0.0
P0002,2026-01-01,0.0,obsolete,0.0,0.0
P0072,2025-08-01,8.125005748932566,lstm,6.906254886592681,9.34375661127245
P0072,2025-09-01,4.818936108407626,lstm,4.0960956921464815,5.541776524668769
P0072,2025-10-01,3.6512169685883276,lstm,3.1035344233000783,4.198899513876577
P0072,2025-11-01,7.820999314171004,lstm,6.647849417045354,8.994149211296655
P0072,2025-12-01,7.359356621548951,lstm,6.255453128316608,8.463260114781294
P0072,2026-01-01,8.7592057532445,lstm,7.445324890257824,10.073086616231173
P0091,2025-08-01,7.243208387269531,lstm,6.156727129179101,8.32968964535996
P0091,2025-09-01,2.3508540761624626,lstm,1.998225964738093,2.7034821875868316
P0091,2025-10-01,6.303932085138978,lstm,5.358342272368131,7.249521897909824
P0091,2025-11-01,4.085567865284521,lstm,3.4727326854918426,4.698403045077199
P0091,2025-12-01,0.0,lstm,0.0,0.0
P0091,2026-01-01,1.8448556098354139,lstm,1.5681272683601017,2.121583951310726
P0098,2025-08-01,24.424352837487866,lstm,20.760699911864688,28.088005763111045
P0098,2025-09-01,16.9532250365986,lstm,14.410241281108808,19.49620879208839
P0098,2025-10-01,7.849096240288088,lstm,6.6717318042448746,9.0264606763313
P0098,2025-11-01,7.356027568195809,lstm,6.252623432966438,8.45943170342518
P0098,2025-12-01,13.717740242111628,lstm,11.660079205794883,15.77540127842837
P0098,2026-01-01,4.067424729457832,lstm,3.457311020039157,4.677538438876506
P0115,2025-08-01,16.333051963187938,lstm,13.883094168709746,18.783009757666125
P0115,2025-09-01,12.394854775627415,lstm,10.535626559283303,14.254082991971526
P0115,2025-10-01,14.139828477004553,lstm,12.01885420545387,16.260802748555236
P0115,2025-11-01,21.25449648292683,lstm,18.066322010487806,24.442670955365852
P0115,2025-12-01,9.56630987383312,lstm,8.131363392758152,11.001256354908087
P0115,2026-01-01,11.449125359456868,lstm,9.731756555538338,13.166494163375397
P0092,2025-08-01,7.59033619525264,lstm,6.451785765964743,8.728886624540534
P0092,2025-09-01,0.0,lstm,0.0,0.0
P0092,2025-10-01,1.8796128027276413,lstm,1.597670882318495,2.1615547231367875
P0092,2025-11-01,0.7293355840248974,lstm,0.6199352464211628,0.838735921628632
P0092,2025-12-01,8.307630223258554,lstm,7.061485689769771,9.553774756747337
P0092,2026-01-01,0.0,lstm,0.0,0.0
P0078,2025-08-01,4.260654563111981,lstm,3.6215563786451836,4.899752747578778
P0078,2025-09-01,9.4046786676726,lstm,7.99397686752171,10.81538046782349
P0078,2025-10-01,0.0,lstm,0.0,0.0
P0078,2025-11-01,3.0711528908469314,lstm,2.6104799572198916,3.531825824473971
P0078,2025-12-01,1.971122260990644,lstm,1.6754539218420474,2.2667906001392404
P0078,2026-01-01,5.550127013223808,lstm,4.717607961240236,6.382646065207378
P0088,2025-08-01,5.1520092961360335,lstm,4.3792079017156285,5.924810690556438
P0088,2025-09-01,0.0,lstm,0.0,0.0
P0088,2025-10-01,7.425500118757812,lstm,6.31167510094414,8.539325136571483
P0088,2025-11-01,0.47719815128651893,lstm,0.4056184285935411,0.5487778739794967
P0088,2025-12-01,2.442236273627674,lstm,2.075900832583523,2.808571714671825
P0088,2026-01-01,5.3181915839481695,lstm,4.520462846355944,6.115920321540394
P0069,2025-08-01,0.0,obsolete,0.0,0.0
P0069,2025-09-01,0.0,obsolete,0.0,0.0
P0069,2025-10-01,0.0,obsolete,0.0,0.0
P0069,2025-11-01,0.0,obsolete,0.0,0.0
P0069,2025-12-01,0.0,obsolete,0.0,0.0
P0069,2026-01-01,0.0,obsolete,0.0,0.0
P0190,2025-08-01,4.144817325907132,lstm,3.5230947270210624,4.766539924793202
P0190,2025-09-01,1.142345661024744,lstm,0.9709938118710324,1.3136975101784556
P0190,2025-10-01,6.476979552894537,lstm,5.505432619960357,7.448526485828717
P0190,2025-11-01,4.839948476311793,lstm,4.1139562048650244,5.565940747758562
P0190,2025-12-01,0.0,lstm,0.0,0.0
P0190,2026-01-01,5.193448707365106,lstm,4.41443140126034,5.972466013469871
P0015,2025-08-01,6.664763016571708,croston_sba,5.331810413257367,7.9977156198860495
P0015,2025-09-01,6.664763016571708,croston_sba,5.331810413257367,7.9977156198860495
P0015,2025-10-01,6.664763016571708,croston_sba,5.331810413257367,7.9977156198860495
P0015,2025-11-01,6.664763016571708,croston_sba,5.331810413257367,7.9977156198860495
P0015,2025-12-01,6.664763016571708,croston_sba,5.331810413257367,7.9977156198860495
P0015,2026-01-01,6.664763016571708,croston_sba,5.331810413257367,7.9977156198860495
P0068,2025-08-01,1.7280778656955325,lstm,1.4688661858412027,1.9872895455498623
P0068,2025-09-01,1.4932678946312556,lstm,1.2692777104365673,1.717258078825944
P0068,2025-10-01,0.0,lstm,0.0,0.0
P0068,2025-11-01,1.1165358222721598,lstm,0.9490554489313358,1.2840161956129836
P0068,2025-12-01,3.553429048567899,lstm,3.020414691282714,4.086443405853084
P0068,2026-01-01,0.0,lstm,0.0,0.0
P0046,2025-08-01,3.501788841140119,lstm,2.976520514969101,4.027057167311137
P0046,2025-09-01,3.6654175572274577,lstm,3.115604923643339,4.215230190811576
P0046,2025-10-01,8.410679597027919,lstm,7.149077657473731,9.672281536582105
P0046,2025-11-01,2.5255340757315814,lstm,2.146703964371844,2.904364187091318
P0046,2025-12-01,5.41316502757912,lstm,4.601190273442252,6.2251397817159875
P0046,2026-01-01,6.252675538266133,lstm,5.314774207526213,7.190576869006052
P0004,2025-08-01,0.0,obsolete,0.0,0.0
P0004,2025-09-01,0.0,obsolete,0.0,0.0
P0004,2025-10-01,0.0,obsolete,0.0,0.0
P0004,2025-11-01,0.0,obsolete,0.0,0.0
P0004,2025-12-01,0.0,obsolete,0.0,0.0
P0004,2026-01-01,0.0,obsolete,0.0,0.0
P0013,2025-08-01,0.0,obsolete,0.0,0.0
P0013,2025-09-01,0.0,obsolete,0.0,0.0
P0013,2025-10-01,0.0,obsolete,0.0,0.0
P0013,2025-11-01,0.0,obsolete,0.0,0.0
P0013,2025-12-01,0.0,obsolete,0.0,0.0
P0013,2026-01-01,0.0,obsolete,0.0,0.0
P0012,2025-08-01,0.0,obsolete,0.0,0.0
P0012,2025-09-01,0.0,obsolete,0.0,0.0
P0012,2025-10-01,0.0,obsolete,0.0,0.0
P0012,2025-11-01,0.0,obsolete,0.0,0.0
P0012,2025-12-01,0.0,obsolete,0.0,0.0
P0012,2026-01-01,0.0,obsolete,0.0,0.0
P0008,2025-08-01,0.0,obsolete,0.0,0.0
P0008,2025-09-01,0.0,obsolete,0.0,0.0
P0008,2025-10-01,0.0,obsolete,0.0,0.0
P0008,2025-11-01,0.0,obsolete,0.0,0.0
P0008,2025-12-01,0.0,obsolete,0.0,0.0
P0008,2026-01-01,0.0,obsolete,0.0,0.0
P0022,2025-08-01,0.0,obsolete,0.0,0.0
P0022,2025-09-01,0.0,obsolete,0.0,0.0
P0022,2025-10-01,0.0,obsolete,0.0,0.0
P0022,2025-11-01,0.0,obsolete,0.0,0.0
P0022,2025-12-01,0.0,obsolete,0.0,0.0
P0022,2026-01-01,0.0,obsolete,0.0,0.0
P0044,2025-08-01,0.0,lstm,0.0,0.0
P0044,2025-09-01,3.734023779746976,lstm,3.1739202127849295,4.294127346709022
P0044,2025-10-01,2.6922964662956845,lstm,2.288451996351332,3.096140936240037
P0044,2025-11-01,1.3921532496017237,lstm,1.1833302621614652,1.6009762370419822
P0044,2025-12-01,0.0,lstm,0.0,0.0
P0044,2026-01-01,0.46152795316078166,lstm,0.3922987601866644,0.5307571461348989
P0178,2025-08-01,19.23216621997616,lstm,16.347341286979738,22.116991152972584
P0178,2025-09-01,11.726969703037563,lstm,9.967924247581928,13.486015158493196
P0178,2025-10-01,4.344717276212589,lstm,3.6930096847807006,4.996424867644477
P0178,2025-11-01,20.583842642906106,lstm,17.49626624647019,23.67141903934202
P0178,2025-12-01,12.204300493895218,lstm,10.373655419810936,14.0349455679795
P0178,2026-01-01,10.428591106491503,lstm,8.864302440517777,11.992879772465226
P0062,2025-08-01,1.42985121550182,lstm,1.215373533176547,1.6443288978270927
P0062,2025-09-01,3.625341096673009,lstm,3.0815399321720576,4.16914226117396
P0062,2025-10-01,6.316561126292043,lstm,5.369076957348236,7.2640452952358485
P0062,2025-11-01,12.63179112830766,lstm,10.73702245906151,14.526559797553807
P0062,2025-12-01,0.0,lstm,0.0,0.0
P0062,2026-01-01,3.8050423317766384,lstm,3.2342859820101424,4.375798681543134
P0188,2025-08-01,0.0,lstm,0.0,0.0
P0188,2025-09-01,3.4700077416776316,lstm,2.949506580425987,3.990508902929276
P0188,2025-10-01,10.24633440906099,lstm,8.709384247701841,11.783284570420138
P0188,2025-11-01,10.277023384489329,lstm,8.73546987681593,11.818576892162728
P0188,2025-12-01,2.631422078932861,lstm,2.2367087670929315,3.0261353907727897
P0188,2026-01-01,1.7672690715530062,lstm,1.5021787108200553,2.032359432285957
P0067,2025-08-01,0.0,obsolete,0.0,0.0
P0067,2025-09-01,0.0,obsolete,0.0,0.0
P0067,2025-10-01,0.0,obsolete,0.0,0.0
P0067,2025-11-01,0.0,obsolete,0.0,0.0
P0067,2025-12-01,0.0,obsolete,0.0,0.0
P0067,2026-01-01,0.0,obsolete,0.0,0.0
P0052,2025-08-01,5.197105786858835,lstm,4.417539918830009,5.976671654887659
P0052,2025-09-01,0.0,lstm,0.0,0.0
P0052,2025-10-01,0.0,lstm,0.0,0.0
P0052,2025-11-01,0.0,lstm,0.0,0.0
P0052,2025-12-01,0.0,lstm,0.0,0.0
P0052,2026-01-01,0.4662789301841752,lstm,0.39633709065654893,0.5362207697118014
P0222,2025-08-01,12.972030044489477,lstm,11.026225537816055,14.917834551162898
P0222,2025-09-01,3.4555940180292795,lstm,2.9372549153248872,3.973933120733671
P0222,2025-10-01,4.259415453642627,lstm,3.620503135596233,4.898327771689021
P0222,2025-11-01,1.9987735074183872,lstm,1.6989574813056292,2.2985895335311453
P0222,2025-12-01,0.4173097974342924,lstm,0.35471332781914855,0.47990626704943623
P0222,2026-01-01,1.0224979911533452,lstm,0.8691232924803434,1.1758726898263467
P0071,2025-08-01,0.0,obsolete,0.0,0.0
P0071,2025-09-01,0.0,obsolete,0.0,0.0
P0071,2025-10-01,0.0,obsolete,0.0,0.0
P0071,2025-11-01,0.0,obsolete,0.0,0.0
P0071,2025-12-01,0.0,obsolete,0.0,0.0
P0071,2026-01-01,0.0,obsolete,0.0,0.0
P0076,2025-08-01,2.347595181653842,lstm,1.9954559044057656,2.699734458901918
P0076,2025-09-01,2.278289888352677,lstm,1.9365464050997756,2.6200333716055786
P0076,2025-10-01,0.0,lstm,0.0,0.0
P0076,2025-11-01,0.0,lstm,0.0,0.0
P0076,2025-12-01,1.512054315658384,lstm,1.2852461683096263,1.7388624630071416
P0076,2026-01-01,0.0,lstm,0.0,0.0
P0045,2025-08-01,4.890974399697899,lstm,4.157328239743213,5.624620559652583
P0045,2025-09-01,2.01964136845122,lstm,1.7166951631835372,2.322587573718903
P0045,2025-10-01,0.0,lstm,0.0,0.0
P0045,2025-11-01,5.980785549556639,lstm,5.083667717123143,6.8779033819901345
P0045,2025-12-01,5.112974644756797,lstm,4.346028448043277,5.879920841470316
P0045,2026-01-01,0.0,lstm,0.0,0.0
P0042,2025-08-01,5.562350880668497,lstm,4.727998248568222,6.396703512768771
P0042,2025-09-01,0.0,lstm,0.0,0.0
P0042,2025-10-01,0.0,lstm,0.0,0.0
P0042,2025-11-01,1.4508235425693372,lstm,1.2332000111839365,1.6684470739547377
P0042,2025-12-01,0.0,lstm,0.0,0.0
P0042,2026-01-01,0.0,lstm,0.0,0.0
P0066,2025-08-01,4.796706135265237,lstm,4.077200214975451,5.516212055555021
P0066,2025-09-01,1.5566921058152472,lstm,1.3231882899429601,1.790195921687534
P0066,2025-10-01,3.9967508197096704,lstm,3.3972381967532197,4.59626344266612
P0066,2025-11-01,1.7596674399404288,lstm,1.4957173239493644,2.023617555931493
P0066,2025-12-01,1.6345905584502232,lstm,1.3894019746826896,1.8797791422177565
P0066,2026-01-01,1.7207423679649871,lstm,1.462631012770239,1.978853723159735
P0147,2025-08-01,40.88467254319654,lstm,34.75197166171706,47.017373424676016
P0147,2025-09-01,13.683549760309335,lstm,11.631017296262934,15.736082224355734
P0147,2025-10-01,24.13708287940364,lstm,20.516520447493093,27.75764531131418
P0147,2025-11-01,19.98343790971912,lstm,16.98592222326125,22.980953596176988
P0147,2025-12-01,16.79113052486528,lstm,14.272460946135489,19.309800103595073
P0147,2026-01-01,13.685330909911688,lstm,11.632531273424934,15.73813054639844
P0040,2025-08-01,4.636298746259756,lstm,3.940853934320793,5.33174355819872
P0040,2025-09-01,0.0,lstm,0.0,0.0
P0040,2025-10-01,0.0,lstm,0.0,0.0
P0040,2025-11-01,3.1093342045925696,lstm,2.642934073903684,3.575734335281455
P0040,2025-12-01,3.843836496577392,lstm,3.2672610220907834,4.420411971064
P0040,2026-01-01,0.8600289488374623,lstm,0.7310246065118429,0.9890332911630816
P0026,2025-08-01,0.0,obsolete,0.0,0.0
P0026,2025-09-01,0.0,obsolete,0.0,0.0
P0026,2025-10-01,0.0,obsolete,0.0,0.0
P0026,2025-11-01,0.0,obsolete,0.0,0.0
P0026,2025-12-01,0.0,obsolete,0.0,0.0
P0026,2026-01-01,0.0,obsolete,0.0,0.0
P0189,2025-08-01,19.593091862693537,lstm,16.654128083289507,22.532055642097568
P0189,2025-09-01,2.982627297582874,lstm,2.5352332029454425,3.4300213922203047
P0189,2025-10-01,15.41377055295139,lstm,13.101704970008681,17.7258361358941
P0189,2025-11-01,20.130256398767866,lstm,17.110717938952686,23.149794858583043
P0189,2025-12-01,15.872424133035091,lstm,13.491560513079827,18.253287752990353
P0189,2026-01-01,16.944927392809326,lstm,14.403188283887927,19.486666501730724
P0221,2025-08-01,8.924366310453044,lstm,7.585711363885087,10.263021257021
P0221,2025-09-01,3.7433252634515783,lstm,3.1818264739338415,4.304824052969315
P0221,2025-10-01,0.0,lstm,0.0,0.0
P0221,2025-11-01,6.386369882772052,lstm,5.428414400356244,7.344325365187859
P0221,2025-12-01,3.3191206510262594,lstm,2.8212525533723203,3.816988748680198
P0221,2026-01-01,4.932714629227191,lstm,4.192807434843112,5.672621823611269
P0011,2025-08-01,0.0,obsolete,0.0,0.0
P0011,2025-09-01,0.0,obsolete,0.0,0.0
P0011,2025-10-01,0.0,obsolete,0.0,0.0
P0011,2025-11-01,0.0,obsolete,0.0,0.0
P0011,2025-12-01,0.0,obsolete,0.0,0.0
P0011,2026-01-01,0.0,obsolete,0.0,0.0
P0109,2025-08-01,17.396246160379867,lstm,14.786809236322886,20.005683084436846
P0109,2025-09-01,19.034254907231254,lstm,16.179116671146566,21.889393143315942
P0109,2025-10-01,13.181212430725362,lstm,11.204030566116558,15.158394295334164
P0109,2025-11-01,18.841415760213664,lstm,16.015203396181615,21.667628124245713
P0109,2025-12-01,13.325312216308163,lstm,11.326515383861938,15.324109048754385
P0109,2026-01-01,19.26912015104944,lstm,16.378752128392023,22.15948817370685
P0219,2025-08-01,11.814241883413613,lstm,10.042105600901571,13.586378165925654
P0219,2025-09-01,16.43155792923608,lstm,13.966824239850668,18.896291618621493
P0219,2025-10-01,0.42992356097784246,lstm,0.3654350268311661,0.4944120951245188
P0219,2025-11-01,11.434449534201562,lstm,9.719282104071327,13.149616964331795
P0219,2025-12-01,7.9596984023642054,lstm,6.765743642009575,9.153653162718836
P0219,2026-01-01,12.368667254145512,lstm,10.513367166023684,14.223967342267338
P0060,2025-08-01,5.176762526513175,lstm,4.400248147536199,5.953276905490151
P0060,2025-09-01,8.659763257932783,lstm,7.360798769242865,9.9587277466227
P0060,2025-10-01,11.02554027877567,lstm,9.371709236959319,12.67937132059202
P0060,2025-11-01,6.6668883457740105,lstm,5.666855093907909,7.666921597640111
P0060,2025-12-01,0.0,lstm,0.0,0.0
P0060,2026-01-01,4.82350496740386,lstm,4.099979222293281,5.547030712514439
P0056,2025-08-01,7.083150461956125,lstm,6.020677892662706,8.145623031249542
P0056,2025-09-01,5.959413957737604,lstm,5.065501864076964,6.853326051398245
P0056,2025-10-01,8.665123441099698,lstm,7.365354924934744,9.964891957264653
P0056,2025-11-01,4.76158876939854,lstm,4.047350453988759,5.475827084808321
P0056,2025-12-01,3.08578820615749,lstm,2.6229199752338666,3.5486564370811133
P0056,2026-01-01,5.877273770269764,lstm,4.995682704729299,6.758864835810228
P0177,2025-08-01,31.50494440952893,lstm,26.779202748099593,36.23068607095827
P0177,2025-09-01,0.024811575451828827,lstm,0.021089839134054503,0.028533311769603147
P0177,2025-10-01,0.0,lstm,0.0,0.0
P0177,2025-11-01,6.9078110001307,lstm,5.871639350111095,7.943982650150304
P0177,2025-12-01,25.143166168683376,lstm,21.37169124338087,28.91464109398588
P0177,2026-01-01,29.0626411654851,lstm,24.703244990662334,33.42203734030786
P0230,2025-08-01,0.0,obsolete,0.0,0.0
P0230,2025-09-01,0.0,obsolete,0.0,0.0
P0230,2025-10-01,0.0,obsolete,0.0,0.0
P0230,2025-11-01,0.0,obsolete,0.0,0.0
P0230,2025-12-01,0.0,obsolete,0.0,0.0
P0230,2026-01-01,0.0,obsolete,0.0,0.0
P0096,2025-08-01,14.020745660004462,lstm,11.917633811003792,16.12385750900513
P0096,2025-09-01,9.252053958751116,lstm,7.864245864938448,10.639862052563782
P0096,2025-10-01,12.307494991963278,lstm,10.461370743168786,14.153619240757768
P0096,2025-11-01,8.882330042913564,lstm,7.549980536476529,10.214679549350597
P0096,2025-12-01,12.9496930680779,lstm,11.007239107866216,14.892147028289585
P0096,2026-01-01,9.10599384498705,lstm,7.740094768238993,10.471892921735108
P0028,2025-08-01,0.0,obsolete,0.0,0.0
P0028,2025-09-01,0.0,obsolete,0.0,0.0
P0028,2025-10-01,0.0,obsolete,0.0,0.0
P0028,2025-11-01,0.0,obsolete,0.0,0.0
P0028,2025-12-01,0.0,obsolete,0.0,0.0
P0028,2026-01-01,0.0,obsolete,0.0,0.0
P0029,2025-08-01,0.0,obsolete,0.0,0.0
P0029,2025-09-01,0.0,obsolete,0.0,0.0
P0029,2025-10-01,0.0,obsolete,0.0,0.0
P0029,2025-11-01,0.0,obsolete,0.0,0.0
P0029,2025-12-01,0.0,obsolete,0.0,0.0
P0029,2026-01-01,0.0,obsolete,0.0,0.0
P0055,2025-08-01,4.600979622844521,lstm,3.910832679417843,5.291126566271199
P0055,2025-09-01,0.0,lstm,0.0,0.0
P0055,2025-10-01,0.0,lstm,0.0,0.0
P0055,2025-11-01,0.0,lstm,0.0,0.0
P0055,2025-12-01,0.0,lstm,0.0,0.0
P0055,2026-01-01,0.0,lstm,0.0,0.0
P0005,2025-08-01,0.0,lstm,0.0,0.0
P0005,2025-09-01,0.27534270246419934,lstm,0.23404129709456944,0.31664410783382924
P0005,2025-10-01,0.0,lstm,0.0,0.0
P0005,2025-11-01,0.0,lstm,0.0,0.0
P0005,2025-12-01,14.631818159774234,lstm,12.437045435808098,16.82659088374037
P0005,2026-01-01,0.0,lstm,0.0,0.0
P0001,2025-08-01,0.0,obsolete,0.0,0.0
P0001,2025-09-01,0.0,obsolete,0.0,0.0
P0001,2025-10-01,0.0,obsolete,0.0,0.0
P0001,2025-11-01,0.0,obsolete,0.0,0.0
P0001,2025-12-01,0.0,obsolete,0.0,0.0
P0001,2026-01-01,0.0,obsolete,0.0,0.0
P0186,2025-08-01,0.0,lstm,0.0,0.0
P0186,2025-09-01,0.0,lstm,0.0,0.0
P0186,2025-10-01,8.56176608800392,lstm,7.277501174803331,9.846031001204507
P0186,2025-11-01,6.282036574906327,lstm,5.339731088670377,7.224342061142275
P0186,2025-12-01,0.0,lstm,0.0,0.0
P0186,2026-01-01,0.0,lstm,0.0,0.0
P0090,2025-08-01,6.723472506208682,lstm,5.71495163027738,7.731993382139984
P0090,2025-09-01,2.3596764267428467,lstm,2.0057249627314198,2.7136278907542737
P0090,2025-10-01,4.249700190766879,lstm,3.612245162151847,4.887155219381911
P0090,2025-11-01,5.967827025804513,lstm,5.072652971933836,6.86300107967519
P0090,2025-12-01,5.747201348963434,lstm,4.885121146618919,6.609281551307948
P0090,2026-01-01,5.014132504014216,lstm,4.262012628412084,5.766252379616348
P0019,2025-08-01,0.0,obsolete,0.0,0.0
P0019,2025-09-01,0.0,obsolete,0.0,0.0
P0019,2025-10-01,0.0,obsolete,0.0,0.0
P0019,2025-11-01,0.0,obsolete,0.0,0.0
P0019,2025-12-01,0.0,obsolete,0.0,0.0
P0019,2026-01-01,0.0,obsolete,0.0,0.0
P0112,2025-08-01,21.3478547785126,lightgbm,18.14567656173571,24.550032995289484
P0112,2025-09-01,21.66216760796285,lightgbm,18.41284246676842,24.911492749157276
P0112,2025-10-01,27.30215166259353,lightgbm,23.2068289132045,31.397474411982557
P0112,2025-11-01,16.81953232306418,lightgbm,14.296602474604553,19.342462171523806
P0112,2025-12-01,16.59597847788404,lightgbm,14.106581706201432,19.085375249566642
P0112,2026-01-01,16.60065361306671,lightgbm,14.110555571106705,19.09075165502672
P0089,2025-08-01,3.61863330952611,lightgbm,3.0758383130971936,4.1614283059550266
P0089,2025-09-01,7.97349873806542,lightgbm,6.777473927355606,9.169523548775231
P0089,2025-10-01,1.2820338394035722,lightgbm,1.0897287634930364,1.474338915314108
P0089,2025-11-01,6.477391049211187,lightgbm,5.505782391829509,7.448999706592865
P0089,2025-12-01,1.701070638683337,lightgbm,1.4459100428808365,1.9562312344858375
P0089,2026-01-01,7.819064723347988,lightgbm,6.64620501484579,8.991924431850185
P0054,2025-08-01,2.200632335619419,lightgbm,1.8705374852765062,2.530727185962332
P0054,2025-09-01,5.3227761826907285,lightgbm,4.5243597552871195,6.1211926100943375
P0054,2025-10-01,8.53871826953049,lightgbm,7.257910529100916,9.819526009960063
P0054,2025-11-01,2.5067817024810664,lightgbm,2.1307644471089064,2.8827989578532263
P0054,2025-12-01,6.49407105933945,lightgbm,5.519960400438532,7.468181718240366
P0054,2026-01-01,7.427848579359279,lightgbm,6.313671292455386,8.54202586626317
P0038,2025-08-01,2.3021236692559186,lightgbm,1.9568051188675308,2.647442219644306
P0038,2025-09-01,2.63839495157236,lightgbm,2.242635708836506,3.0341541943082135
P0038,2025-10-01,0.7303929735742971,lightgbm,0.6208340275381525,0.8399519196104416
P0038,2025-11-01,0.0,lightgbm,0.0,0.0
P0038,2025-12-01,3.676638815568357,lightgbm,3.125142993233103,4.22813463790361
P0038,2026-01-01,3.365546066382047,lightgbm,2.86071415642474,3.8703779763393538
P0158,2025-08-01,38.88682678470042,lightgbm,33.053802766995354,44.719850802405475
P0158,2025-09-01,41.821072648823716,lightgbm,35.54791175150016,48.09423354614727
P0158,2025-10-01,51.16705416311333,lightgbm,43.49199603864633,58.84211228758032
P0158,2025-11-01,52.71050758022529,lightgbm,44.803931443191495,60.61708371725908
P0158,2025-12-01,46.58565336915022,lightgbm,39.59780536377769,53.57350137452275
P0158,2026-01-01,49.28631430342937,lightgbm,41.893367157914966,56.67926144894377
P0058,2025-08-01,8.973168493688727,lightgbm,7.6271932196354175,10.319143767742036
P0058,2025-09-01,3.5676776009714324,lightgbm,3.0325259608257173,4.1028292411171465
P0058,2025-10-01,3.632860494441782,lightgbm,3.0879314202755146,4.177789568608049
P0058,2025-11-01,6.211026015430273,lightgbm,5.279372113115732,7.142679917744814
P0058,2025-12-01,5.020314902856517,lightgbm,4.267267667428039,5.773362138284994
P0058,2026-01-01,6.164429786111364,lightgbm,5.239765318194659,7.089094254028068
P0179,2025-08-01,0.0,obsolete,0.0,0.0
P0179,2025-09-01,0.0,obsolete,0.0,0.0
P0179,2025-10-01,0.0,obsolete,0.0,0.0
P0179,2025-11-01,0.0,obsolete,0.0,0.0
P0179,2025-12-01,0.0,obsolete,0.0,0.0
P0179,2026-01-01,0.0,obsolete,0.0,0.0
P0232,2025-08-01,8.674395623154526,lightgbm,7.373236279681347,9.975554966627705
P0232,2025-09-01,5.184688095544834,lightgbm,4.406984881213108,5.962391309876558
P0232,2025-10-01,11.281187884795031,lightgbm,9.589009702075776,12.973366067514284
P0232,2025-11-01,3.7092528968842724,lightgbm,3.1528649623516314,4.2656408314169125
P0232,2025-12-01,8.244047854545533,lightgbm,7.007440676363703,9.480655032727363
P0232,2026-01-01,3.352659867757734,lightgbm,2.849760887594074,3.855558847921394
P0087,2025-08-01,0.0,obsolete,0.0,0.0
P0087,2025-09-01,0.0,obsolete,0.0,0.0
P0087,2025-10-01,0.0,obsolete,0.0,0.0
P0087,2025-11-01,0.0,obsolete,0.0,0.0
P0087,2025-12-01,0.0,obsolete,0.0,0.0
P0087,2026-01-01,0.0,obsolete,0.0,0.0
P0157,2025-08-01,37.22793727931853,lightgbm,31.64374668742075,42.812127871216305
P0157,2025-09-01,60.20117847929891,lightgbm,51.17100170740407,69.23135525119375
P0157,2025-10-01,36.10792328954411,lightgbm,30.691734796112492,41.52411178297572
P0157,2025-11-01,37.074510215087805,lightgbm,31.513333682824634,42.635686747350974
P0157,2025-12-01,39.79551778172682,lightgbm,33.8261901144678,45.764845448985845
P0157,2026-01-01,35.833279176309645,lightgbm,30.458287299863198,41.20827105275609
P0086,2025-08-01,13.100057545533849,lightgbm,11.135048913703772,15.065066177363924
P0086,2025-09-01,13.8110033942468,lightgbm,11.73935288510978,15.882653903383819
P0086,2025-10-01,11.277264529625853,lightgbm,9.585674850181976,12.96885420906973
P0086,2025-11-01,11.684032907685447,lightgbm,9.93142797153263,13.436637843838263
P0086,2025-12-01,10.499688726210591,lightgbm,8.924735417279003,12.07464203514218
P0086,2026-01-01,8.315025796651751,lightgbm,7.067771927153988,9.562279666149513
P0220,2025-08-01,23.483402446592237,lightgbm,19.9608920796034,27.00591281358107
P0220,2025-09-01,24.36425499776515,lightgbm,20.709616748100377,28.018893247429922
P0220,2025-10-01,19.987661921159052,lightgbm,16.989512632985193,22.98581120933291
P0220,2025-11-01,11.95620970625326,lightgbm,10.16277825031527,13.749641162191248
P0220,2025-12-01,12.241844734814034,lightgbm,10.405568024591929,14.078121445036137
P0220,2026-01-01,16.307706679439843,lightgbm,13.861550677523866,18.753862681355816
P0006,2025-08-01,1.4051131456736292,lightgbm,1.194346173822585,1.6158801175246735
P0006,2025-09-01,9.499288253763657,lightgbm,8.074395015699109,10.924181491828206
P0006,2025-10-01,11.802284200903362,lightgbm,10.031941570767858,13.572626831038866
P0006,2025-11-01,28.860769883971685,lightgbm,24.53165440137593,33.18988536656744
P0006,2025-12-01,15.169757979119868,lightgbm,12.894294282251888,17.44522167598785
P0006,2026-01-01,2.0384776529361224,lightgbm,1.732706004995704,2.3442493008765406
P0223,2025-08-01,23.062189426388123,lightgbm,19.602861012429905,26.52151784034634
P0223,2025-09-01,17.780490539394375,lightgbm,15.113416958485217,20.44756412030353
P0223,2025-10-01,15.393293073533762,lightgbm,13.084299112503697,17.702287034563824
P0223,2025-11-01,11.779815781004688,lightgbm,10.012843413853984,13.54678814815539
P0223,2025-12-01,11.527064178420202,lightgbm,9.798004551657172,13.25612380518323
P0223,2026-01-01,19.11831240967641,lightgbm,16.250565548224948,21.986059271127868
P0095,2025-08-01,46.48807857761269,lightgbm,39.514866790970785,53.46129036425459
P0095,2025-09-01,30.182042321955144,lightgbm,25.65473597366187,34.70934867024841
P0095,2025-10-01,18.281906220255074,lightgbm,15.539620287216813,21.024192153293335
P0095,2025-11-01,20.801091931095346,lightgbm,17.680928141431043,23.921255720759646
P0095,2025-12-01,13.239960652608843,lightgbm,11.253966554717517,15.225954750500168
P0095,2026-01-01,20.501539067331716,lightgbm,17.42630820723196,23.57676992743147
P0145,2025-08-01,56.53944137444067,lightgbm,48.05852516827457,65.02035758060677
P0145,2025-09-01,73.04608305150401,lightgbm,62.08917059377841,84.0029955092296
P0145,2025-10-01,57.9435919472159,lightgbm,49.25205315513352,66.63513073929828
P0145,2025-11-01,48.31625976999481,lightgbm,41.06882080449559,55.56369873549402
P0145,2025-12-01,39.95907450745118,lightgbm,33.9652133313335,45.95293568356885
P0145,2026-01-01,53.522812921250804,lightgbm,45.494390983063184,61.551234859438416
P0074,2025-08-01,2.9196038441641514,lightgbm,2.4816632675395285,3.357544420788774
P0074,2025-09-01,0.0,lightgbm,0.0,0.0
P0074,2025-10-01,2.885390915035796,lightgbm,2.4525822777804267,3.318199552291165
P0074,2025-11-01,0.4247405026585431,lightgbm,0.3610294272597616,0.4884515780573245
P0074,2025-12-01,0.9544211441866398,lightgbm,0.8112579725586438,1.0975843158146357
P0074,2026-01-01,0.258873302469825,lightgbm,0.22004230709935124,0.2977042978402987
P0114,2025-08-01,0.0,obsolete,0.0,0.0
P0114,2025-09-01,0.0,obsolete,0.0,0.0
P0114,2025-10-01,0.0,obsolete,0.0,0.0
P0114,2025-11-01,0.0,obsolete,0.0,0.0
P0114,2025-12-01,0.0,obsolete,0.0,0.0
P0114,2026-01-01,0.0,obsolete,0.0,0.0
P0159,2025-08-01,44.588129265284465,lightgbm,37.899909875491794,51.27634865507713
P0159,2025-09-01,57.11083709524546,lightgbm,48.54421153095864,65.67746265953227
P0159,2025-10-01,43.98011320746169,lightgbm,37.38309622634244,50.577130188580945
P0159,2025-11-01,33.38102497926892,lightgbm,28.373871232378583,38.38817872615926
P0159,2025-12-01,21.418195904270945,lightgbm,18.205466518630303,24.630925289911584
P0159,2026-01-01,34.39123025081993,lightgbm,29.23254571319694,39.54991478844292
P0075,2025-08-01,0.7520922617703495,lightgbm,0.639278422504797,0.8649061010359018
P0075,2025-09-01,1.2731363295343212,lightgbm,1.082165880104173,1.4641067789644693
P0075,2025-10-01,0.7775170121160303,lightgbm,0.6608894602986257,0.8941445639334348
P0075,2025-11-01,4.337235489182498,lightgbm,3.686650165805123,4.987820812559872
P0075,2025-12-01,2.2741833759123176,lightgbm,1.9330558695254698,2.615310882299165
P0075,2026-01-01,6.237308691745848,lightgbm,5.3017123879839705,7.172904995507724
P0102,2025-08-01,28.498783639219113,lightgbm,24.223966093336244,32.773601185101974
P0102,2025-09-01,32.77579852745071,lightgbm,27.8594287483331,37.69216830656831
P0102,2025-10-01,27.996188568404133,lightgbm,23.796760283143513,32.19561685366475
P0102,2025-11-01,19.18380853491014,lightgbm,16.30623725467362,22.06137981514666
P0102,2025-12-01,16.751555363594893,lightgbm,14.238822059055659,19.264288668134125
P0102,2026-01-01,18.50096759181692,lightgbm,15.725822453044382,21.276112730589457
P0053,2025-08-01,0.0,obsolete,0.0,0.0
P0053,2025-09-01,0.0,obsolete,0.0,0.0
P0053,2025-10-01,0.0,obsolete,0.0,0.0
P0053,2025-11-01,0.0,obsolete,0.0,0.0
P0053,2025-12-01,0.0,obsolete,0.0,0.0
P0053,2026-01-01,0.0,obsolete,0.0,0.0
P0146,2025-08-01,37.65456822526674,lightgbm,32.006382991476734,43.30275345905675
P0146,2025-09-01,39.80509342034655,lightgbm,33.83432940729457,45.77585743339853
P0146,2025-10-01,38.222230396423164,lightgbm,32.48889583695969,43.955564955886636
P0146,2025-11-01,31.7383814239271,lightgbm,26.977624210338032,36.49913863751616
P0146,2025-12-01,33.86764314495634,lightgbm,28.78749667321289,38.94778961669979
P0146,2026-01-01,44.8662847245068,lightgbm,38.13634201583078,51.59622743318281
P0218,2025-08-01,20.38253901273255,lightgbm,17.325158160822667,23.43991986464243
P0218,2025-09-01,21.319562566688184,lightgbm,18.121628181684954,24.51749695169141
P0218,2025-10-01,10.984460886308767,lightgbm,9.336791753362451,12.632130019255081
P0218,2025-11-01,13.291873259691782,lightgbm,11.298092270738014,15.285654248645548
P0218,2025-12-01,16.50416460347826,lightgbm,14.02853991295652,18.979789293999996
P0218,2026-01-01,7.627523413871077,lightgbm,6.483394901790415,8.771651925951739
P0039,2025-08-01,9.031541877095899,lightgbm,7.676810595531514,10.386273158660282
P0039,2025-09-01,2.3349618922768003,lightgbm,1.9847176084352802,2.68520617611832
P0039,2025-10-01,12.350115760759666,lightgbm,10.497598396645715,14.202633124873614
P0039,2025-11-01,7.234292360907783,lightgbm,6.149148506771615,8.31943621504395
P0039,2025-12-01,1.5364152507805062,lightgbm,1.3059529631634303,1.766877538397582
P0039,2026-01-01,8.047400240642977,lightgbm,6.84029020454653,9.254510276739422
P0184,2025-08-01,24.661675927766428,lightgbm,20.962424538601464,28.36092731693139
P0184,2025-09-01,21.24305868823772,lightgbm,18.05659988500206,24.429517491473376
P0184,2025-10-01,18.958674118240467,lightgbm,16.114873000504396,21.802475235976534
P0184,2025-11-01,13.210638478109429,lightgbm,11.229042706393015,15.192234249825843
P0184,2025-12-01,10.30722698480744,lightgbm,8.761142937086323,11.853311032528554
P0184,2026-01-01,9.802167062681002,lightgbm,8.331842003278853,11.272492122083152
P0030,2025-08-01,0.0,obsolete,0.0,0.0
P0030,2025-09-01,0.0,obsolete,0.0,0.0
P0030,2025-10-01,0.0,obsolete,0.0,0.0
P0030,2025-11-01,0.0,obsolete,0.0,0.0
P0030,2025-12-01,0.0,obsolete,0.0,0.0
P0030,2026-01-01,0.0,obsolete,0.0,0.0
P0099,2025-08-01,22.59863261762424,lightgbm,19.208837724980604,25.988427510267876
P0099,2025-09-01,29.517212954385407,lightgbm,25.089631011227596,33.94479489754322
P0099,2025-10-01,18.721383768646284,lightgbm,15.913176203349341,21.529591333943223
P0099,2025-11-01,34.78317591876221,lightgbm,29.565699530947878,40.00065230657654
P0099,2025-12-01,27.475781318847865,lightgbm,23.354414121020685,31.59714851667504
P0099,2026-01-01,24.598731286999197,lightgbm,20.908921593949316,28.288540980049074
P0248,2025-08-01,4.092355779718216,lightgbm,3.4785024127604833,4.706209146675948
P0248,2025-09-01,5.165299608345523,lightgbm,4.390504667093695,5.940094549597352
P0248,2025-10-01,1.1262969087134593,lightgbm,0.9573523724064404,1.295241445020478
P0248,2025-11-01,2.8096591485989757,lightgbm,2.3882102763091293,3.2311080208888217
P0248,2025-12-01,3.2475733233659145,lightgbm,2.7604373248610274,3.7347093218708016
P0248,2026-01-01,3.138302593701163,lightgbm,2.667557204645988,3.609047982756337
P0149,2025-08-01,54.39691268425009,lightgbm,46.23737578161258,62.556449586887595
P0149,2025-09-01,32.61286797439713,lightgbm,27.720937778237563,37.5047981705567
P0149,2025-10-01,34.757169208553464,lightgbm,29.543593827270442,39.97074458983648
P0149,2025-11-01,39.40207933615469,lightgbm,33.49176743573149,45.312391236577895
P0149,2025-12-01,27.90699518164511,lightgbm,23.720945904398345,32.093044458891875
P0149,2026-01-01,25.66269835427763,lightgbm,21.813293601135985,29.51210310741927
P0057,2025-08-01,0.0,obsolete,0.0,0.0
P0057,2025-09-01,0.0,obsolete,0.0,0.0
P0057,2025-10-01,0.0,obsolete,0.0,0.0
P0057,2025-11-01,0.0,obsolete,0.0,0.0
P0057,2025-12-01,0.0,obsolete,0.0,0.0
P0057,2026-01-01,0.0,obsolete,0.0,0.0
P0216,2025-08-01,16.347826598690734,lightgbm,13.895652608887124,18.800000588494342
P0216,2025-09-01,15.647408651100104,lightgbm,13.300297353435088,17.994519948765117
P0216,2025-10-01,12.39587217746483,lightgbm,10.536491350845104,14.255253004084553
P0216,2025-11-01,12.056611981061279,lightgbm,10.248120183902087,13.865103778220469
P0216,2025-12-01,16.931285043260424,lightgbm,14.39159228677136,19.470977799749484
P0216,2026-01-01,18.009509514103556,lightgbm,15.308083086988022,20.710935941219088
P0255,2025-08-01,4.3533837240085465,lightgbm,3.700376165407264,5.006391282609828
P0255,2025-09-01,5.879090271168565,lightgbm,4.99722673049328,6.760953811843849
P0255,2025-10-01,2.8492269019391747,lightgbm,2.4218428666482983,3.2766109372300507
P0255,2025-11-01,6.6904148580441385,lightgbm,5.686852629337517,7.693977086750759
P0255,2025-12-01,3.6355765883478774,lightgbm,3.090240100095696,4.180913076600059
P0255,2026-01-01,8.120104544980208,lightgbm,6.9020888632331765,9.338120226727238
P0155,2025-08-01,25.541055792985272,lightgbm,21.709897424037482,29.372214161933062
P0155,2025-09-01,27.831595468196994,lightgbm,23.656856147967446,32.00633478842654
P0155,2025-10-01,32.63993176110085,lightgbm,27.743941996935717,37.53592152526597
P0155,2025-11-01,25.745596911618392,lightgbm,21.883757374875632,29.60743644836115
P0155,2025-12-01,37.18102087508159,lightgbm,31.603867743819354,42.75817400634383
P0155,2026-01-01,46.00638526771042,lightgbm,39.10542747755386,52.90734305786698
P0113,2025-08-01,21.740984642386262,lightgbm,18.47983694602832,25.0021323387442
P0113,2025-09-01,9.960380883777349,lightgbm,8.466323751210746,11.45443801634395
P0113,2025-10-01,13.417051000651046,lightgbm,11.40449335055339,15.429608650748701
P0113,2025-11-01,11.290885472033585,lightgbm,9.597252651228548,12.984518292838622
P0113,2025-12-01,12.617891800897754,lightgbm,10.72520803076309,14.510575571032415
P0113,2026-01-01,10.339885370852095,lightgbm,8.78890256522428,11.890868176479907
P0138,2025-08-01,42.36194129264418,lightgbm,36.007650098747554,48.716232486540804
P0138,2025-09-01,44.72485317814236,lightgbm,38.016125201421005,51.43358115486371
P0138,2025-10-01,33.36908591084405,lightgbm,28.363723024217443,38.374448797470656
P0138,2025-11-01,31.051310090176024,lightgbm,26.39361357664962,35.70900660370243
P0138,2025-12-01,32.58720206002872,lightgbm,27.699121751024414,37.47528236903303
P0138,2026-01-01,18.750317280468536,lightgbm,15.937769688398255,21.562864872538814
P0270,2025-08-01,9.479851040618344,lightgbm,8.057873384525593,10.901828696711094
P0270,2025-09-01,14.484999156987907,lightgbm,12.312249283439721,16.657749030536092
P0270,2025-10-01,10.947627087309634,lightgbm,9.305483024213189,12.589771150406078
P0270,2025-11-01,5.990911785582553,lightgbm,5.0922750177451706,6.889548553419936
P0270,2025-12-01,6.1924732790611365,lightgbm,5.263602287201966,7.121344270920306
P0270,2026-01-01,17.33255214338193,lightgbm,14.732669321874639,19.932434964889215
P0007,2025-08-01,0.0,obsolete,0.0,0.0
P0007,2025-09-01,0.0,obsolete,0.0,0.0
P0007,2025-10-01,0.0,obsolete,0.0,0.0
P0007,2025-11-01,0.0,obsolete,0.0,0.0
P0007,2025-12-01,0.0,obsolete,0.0,0.0
P0007,2026-01-01,0.0,obsolete,0.0,0.0
P0111,2025-08-01,0.0,obsolete,0.0,0.0
P0111,2025-09-01,0.0,obsolete,0.0,0.0
P0111,2025-10-01,0.0,obsolete,0.0,0.0
P0111,2025-11-01,0.0,obsolete,0.0,0.0
P0111,2025-12-01,0.0,obsolete,0.0,0.0
P0111,2026-01-01,0.0,obsolete,0.0,0.0
P0152,2025-08-01,39.095051868549724,lightgbm,33.23079408826727,44.95930964883218
P0152,2025-09-01,72.7941414798731,lightgbm,61.87502025789214,83.71326270185406
P0152,2025-10-01,36.42421312623232,lightgbm,30.96058115729747,41.88784509516716
P0152,2025-11-01,46.79979687193498,lightgbm,39.77982734114473,53.81976640272522
P0152,2025-12-01,24.841642024950385,lightgbm,21.115395721207825,28.56788832869294
P0152,2026-01-01,45.3142032970606,lightgbm,38.51707280250151,52.111333791619685
P0262,2025-08-01,0.0,obsolete,0.0,0.0
P0262,2025-09-01,0.0,obsolete,0.0,0.0
P0262,2025-10-01,0.0,obsolete,0.0,0.0
P0262,2025-11-01,0.0,obsolete,0.0,0.0
P0262,2025-12-01,0.0,obsolete,0.0,0.0
P0262,2026-01-01,0.0,obsolete,0.0,0.0
P0154,2025-08-01,52.11067990715545,lightgbm,44.294077921082135,59.927281893228766
P0154,2025-09-01,76.93981465669428,lightgbm,65.39884245819013,88.48078685519842
P0154,2025-10-01,50.60694585038236,lightgbm,43.01590397282501,58.19798772793971
P0154,2025-11-01,52.4391178968443,lightgbm,44.57325021231765,60.30498558137094
P0154,2025-12-01,34.310456578327965,lightgbm,29.16388809157877,39.457025065077154
P0154,2026-01-01,29.441657681816196,lightgbm,25.025409029543766,33.857906334088625
P0180,2025-08-01,34.152148845743234,lightgbm,29.02932651888175,39.274971172604715
P0180,2025-09-01,33.57745365111827,lightgbm,28.540835603450528,38.614071698786006
P0180,2025-10-01,10.01750534345031,lightgbm,8.514879541932762,11.520131144967856
P0180,2025-11-01,13.70800969491858,lightgbm,11.651808240680793,15.764211149156367
P0180,2025-12-01,16.209620456967173,lightgbm,13.778177388422096,18.641063525512248
P0180,2026-01-01,25.293620285177965,lightgbm,21.49957724240127,29.087663327954658
P0070,2025-08-01,0.0,obsolete,0.0,0.0
P0070,2025-09-01,0.0,obsolete,0.0,0.0
P0070,2025-10-01,0.0,obsolete,0.0,0.0
P0070,2025-11-01,0.0,obsolete,0.0,0.0
P0070,2025-12-01,0.0,obsolete,0.0,0.0
P0070,2026-01-01,0.0,obsolete,0.0,0.0
P0208,2025-08-01,0.0,obsolete,0.0,0.0
P0208,2025-09-01,0.0,obsolete,0.0,0.0
P0208,2025-10-01,0.0,obsolete,0.0,0.0
P0208,2025-11-01,0.0,obsolete,0.0,0.0
P0208,2025-12-01,0.0,obsolete,0.0,0.0
P0208,2026-01-01,0.0,obsolete,0.0,0.0
P0009,2025-08-01,0.0,obsolete,0.0,0.0
P0009,2025-09-01,0.0,obsolete,0.0,0.0
P0009,2025-10-01,0.0,obsolete,0.0,0.0
P0009,2025-11-01,0.0,obsolete,0.0,0.0
P0009,2025-12-01,0.0,obsolete,0.0,0.0
P0009,2026-01-01,0.0,obsolete,0.0,0.0
P0032,2025-08-01,0.0,obsolete,0.0,0.0
P0032,2025-09-01,0.0,obsolete,0.0,0.0
P0032,2025-10-01,0.0,obsolete,0.0,0.0
P0032,2025-11-01,0.0,obsolete,0.0,0.0
P0032,2025-12-01,0.0,obsolete,0.0,0.0
P0032,2026-01-01,0.0,obsolete,0.0,0.0
P0018,2025-08-01,0.0,obsolete,0.0,0.0
P0018,2025-09-01,0.0,obsolete,0.0,0.0
P0018,2025-10-01,0.0,obsolete,0.0,0.0
P0018,2025-11-01,0.0,obsolete,0.0,0.0
P0018,2025-12-01,0.0,obsolete,0.0,0.0
P0018,2026-01-01,0.0,obsolete,0.0,0.0
P0176,2025-08-01,37.916492308773606,lightgbm,32.22901846245757,43.603966155089644
P0176,2025-09-01,29.50732139985804,lightgbm,25.08122318987933,33.93341960983674
P0176,2025-10-01,38.94154626619925,lightgbm,33.10031432626936,44.78277820612914
P0176,2025-11-01,55.364696073057246,lightgbm,47.05999166209866,63.66940048401583
P0176,2025-12-01,10.177116337963463,lightgbm,8.650548887268943,11.703683788657981
P0176,2026-01-01,12.530632208232406,lightgbm,10.651037376997545,14.410227039467266
P0194,2025-08-01,11.687472925939996,lightgbm,9.934351987048997,13.440593864830994
P0194,2025-09-01,6.783187184511285,lightgbm,5.765709106834592,7.8006652621879775
P0194,2025-10-01,12.580323133061095,lightgbm,10.69327466310193,14.467371603020258
P0194,2025-11-01,7.972856613717479,lightgbm,6.776928121659857,9.1687851057751
P0194,2025-12-01,5.2232387817086545,lightgbm,4.439752964452357,6.0067245989649525
P0194,2026-01-01,10.441082316398946,lightgbm,8.874919968939103,12.007244663858787
P0156,2025-08-01,25.237181810274063,lightgbm,21.45160453873295,29.02275908181517
P0156,2025-09-01,42.22735696911682,lightgbm,35.89325342374929,48.56146051448434
P0156,2025-10-01,39.383841489730656,lightgbm,33.47626526627106,45.29141771319025
P0156,2025-11-01,23.213702583324682,lightgbm,19.73164719582598,26.695757970823383
P0156,2025-12-01,48.677218733064024,lightgbm,41.37563592310442,55.97880154302362
P0156,2026-01-01,46.44238765926076,lightgbm,39.476029510371646,53.40874580814987
P0269,2025-08-01,9.140487370525351,lightgbm,7.7694142649465485,10.511560476104153
P0269,2025-09-01,10.375837770069662,lightgbm,8.819462104559213,11.93221343558011
P0269,2025-10-01,13.164789932521733,lightgbm,11.190071442643474,15.139508422399992
P0269,2025-11-01,17.994377468633147,lightgbm,15.295220848338174,20.693534088928118
P0269,2025-12-01,16.357227415428607,lightgbm,13.903643303114315,18.810811527742896
P0269,2026-01-01,9.546930820890482,lightgbm,8.11489119775691,10.978970444024053
P0061,2025-08-01,2.8990246320869053,lightgbm,2.4641709372738694,3.333878326899941
P0061,2025-09-01,5.7201412028854595,lightgbm,4.862120022452641,6.578162383318278
P0061,2025-10-01,2.0705978548631983,lightgbm,1.7600081766337186,2.3811875330926777
P0061,2025-11-01,5.839926297863705,lightgbm,4.963937353184149,6.715915242543261
P0061,2025-12-01,3.810464340684287,lightgbm,3.238894689581644,4.38203399178693
P0061,2026-01-01,3.220414495626939,lightgbm,2.737352321282898,3.7034766699709794
P0191,2025-08-01,3.083464933194999,lightgbm,2.620945193215749,3.545984673174248
P0191,2025-09-01,0.0,lightgbm,0.0,0.0
P0191,2025-10-01,0.29805900605301416,lightgbm,0.25335015514506204,0.3427678569609663
P0191,2025-11-01,4.31396477237192,lightgbm,3.6668700565161316,4.961059488227707
P0191,2025-12-01,3.0153805251614134,lightgbm,2.563073446387201,3.4676876039356253
P0191,2026-01-01,0.6084998200261881,lightgbm,0.5172248470222599,0.6997747930301162
P0212,2025-08-01,63.512708011142514,lightgbm,53.985801809471134,73.03961421281389
P0212,2025-09-01,69.78768703480901,lightgbm,59.31953397958766,80.25584009003036
P0212,2025-10-01,67.95400936950496,lightgbm,57.760907964079216,78.1471107749307
P0212,2025-11-01,60.99446126233658,lightgbm,51.84529207298609,70.14363045168706
P0212,2025-12-01,58.82111906256998,lightgbm,49.99795120318448,67.64428692195547
P0212,2026-01-01,89.75346452401317,lightgbm,76.29044484541119,103.21648420261513
P0010,2025-08-01,0.0,obsolete,0.0,0.0
P0010,2025-09-01,0.0,obsolete,0.0,0.0
P0010,2025-10-01,0.0,obsolete,0.0,0.0
P0010,2025-11-01,0.0,obsolete,0.0,0.0
P0010,2025-12-01,0.0,obsolete,0.0,0.0
P0010,2026-01-01,0.0,obsolete,0.0,0.0
P0048,2025-08-01,0.0,obsolete,0.0,0.0
P0048,2025-09-01,0.0,obsolete,0.0,0.0
P0048,2025-10-01,0.0,obsolete,0.0,0.0
P0048,2025-11-01,0.0,obsolete,0.0,0.0
P0048,2025-12-01,0.0,obsolete,0.0,0.0
P0048,2026-01-01,0.0,obsolete,0.0,0.0
P0097,2025-08-01,0.0,obsolete,0.0,0.0
P0097,2025-09-01,0.0,obsolete,0.0,0.0
P0097,2025-10-01,0.0,obsolete,0.0,0.0
P0097,2025-11-01,0.0,obsolete,0.0,0.0
P0097,2025-12-01,0.0,obsolete,0.0,0.0
P0097,2026-01-01,0.0,obsolete,0.0,0.0
P0150,2025-08-01,31.916666666666664,sarima,25.53333333333333,38.3
P0150,2025-09-01,31.916666666666664,sarima,25.53333333333333,38.3
P0150,2025-10-01,31.916666666666664,sarima,25.53333333333333,38.3
P0150,2025-11-01,31.916666666666664,sarima,25.53333333333333,38.3
P0150,2025-12-01,31.916666666666664,sarima,25.53333333333333,38.3
P0150,2026-01-01,31.916666666666664,sarima,25.53333333333333,38.3
P0144,2025-08-01,0.0,obsolete,0.0,0.0
P0144,2025-09-01,0.0,obsolete,0.0,0.0
P0144,2025-10-01,0.0,obsolete,0.0,0.0
P0144,2025-11-01,0.0,obsolete,0.0,0.0
P0144,2025-12-01,0.0,obsolete,0.0,0.0
P0144,2026-01-01,0.0,obsolete,0.0,0.0
P0185,2025-08-01,5.449347421793519,sarima,4.359477937434815,6.539216906152222
P0185,2025-09-01,3.381777055134273,sarima,2.705421644107419,4.058132466161128
P0185,2025-10-01,4.665443869736753,sarima,3.7323550957894023,5.598532643684103
P0185,2025-11-01,7.013019847803736,sarima,5.610415878242989,8.415623817364484
P0185,2025-12-01,5.146310911678025,sarima,4.117048729342421,6.17557309401363
P0185,2026-01-01,3.7642770757912873,sarima,3.01142166063303,4.517132490949544
P0083,2025-08-01,0.0,obsolete,0.0,0.0
P0083,2025-09-01,0.0,obsolete,0.0,0.0
P0083,2025-10-01,0.0,obsolete,0.0,0.0
P0083,2025-11-01,0.0,obsolete,0.0,0.0
P0083,2025-12-01,0.0,obsolete,0.0,0.0
P0083,2026-01-01,0.0,obsolete,0.0,0.0
P0081,2025-08-01,0.0,obsolete,0.0,0.0
P0081,2025-09-01,0.0,obsolete,0.0,0.0
P0081,2025-10-01,0.0,obsolete,0.0,0.0
P0081,2025-11-01,0.0,obsolete,0.0,0.0
P0081,2025-12-01,0.0,obsolete,0.0,0.0
P0081,2026-01-01,0.0,obsolete,0.0,0.0
P0136,2025-08-01,44.58333333333334,sarima,35.66666666666668,53.50000000000001
P0136,2025-09-01,44.58333333333334,sarima,35.66666666666668,53.50000000000001
P0136,2025-10-01,44.58333333333334,sarima,35.66666666666668,53.50000000000001
P0136,2025-11-01,44.58333333333334,sarima,35.66666666666668,53.50000000000001
P0136,2025-12-01,44.58333333333334,sarima,35.66666666666668,53.50000000000001
P0136,2026-01-01,44.58333333333334,sarima,35.66666666666668,53.50000000000001
P0201,2025-08-01,61.57759145706741,sarima,49.26207316565393,73.8931097484809
P0201,2025-09-01,62.749439507621624,sarima,50.1995516060973,75.29932740914595
P0201,2025-10-01,63.13328094677615,sarima,50.50662475742092,75.75993713613138
P0201,2025-11-01,63.25900906514657,sarima,50.60720725211726,75.91081087817588
P0201,2025-12-01,63.300191590367874,sarima,50.6401532722943,75.96022990844145
P0201,2026-01-01,63.31368101823482,sarima,50.65094481458786,75.97641722188177
P0267,2025-08-01,10.527777777777777,sarima,8.422222222222222,12.633333333333331
P0267,2025-09-01,10.527777777777777,sarima,8.422222222222222,12.633333333333331
P0267,2025-10-01,10.527777777777777,sarima,8.422222222222222,12.633333333333331
P0267,2025-11-01,10.527777777777777,sarima,8.422222222222222,12.633333333333331
P0267,2025-12-01,10.527777777777777,sarima,8.422222222222222,12.633333333333331
P0267,2026-01-01,10.527777777777777,sarima,8.422222222222222,12.633333333333331
P0050,2025-08-01,7.305555555555555,sarima,5.844444444444445,8.766666666666666
P0050,2025-09-01,7.305555555555555,sarima,5.844444444444445,8.766666666666666
P0050,2025-10-01,7.305555555555555,sarima,5.844444444444445,8.766666666666666
P0050,2025-11-01,7.305555555555555,sarima,5.844444444444445,8.766666666666666
P0050,2025-12-01,7.305555555555555,sarima,5.844444444444445,8.766666666666666
P0050,2026-01-01,7.305555555555555,sarima,5.844444444444445,8.766666666666666
P0148,2025-08-01,36.88888888888889,sarima,29.511111111111116,44.26666666666667
P0148,2025-09-01,36.88888888888889,sarima,29.511111111111116,44.26666666666667
P0148,2025-10-01,36.88888888888889,sarima,29.511111111111116,44.26666666666667
P0148,2025-11-01,36.88888888888889,sarima,29.511111111111116,44.26666666666667
P0148,2025-12-01,36.88888888888889,sarima,29.511111111111116,44.26666666666667
P0148,2026-01-01,36.88888888888889,sarima,29.511111111111116,44.26666666666667
P0135,2025-08-01,52.64051860711729,sarima,42.11241488569384,63.16862232854075
P0135,2025-09-01,45.532360830209285,sarima,36.42588866416743,54.63883299625114
P0135,2025-10-01,42.24280269416241,sarima,33.794242155329925,50.69136323299489
P0135,2025-11-01,40.72044021009002,sarima,32.57635216807201,48.86452825210802
P0135,2025-12-01,40.01591168769821,sarima,32.012729350158565,48.01909402523785
P0135,2026-01-01,39.68986552979776,sarima,31.751892423838207,47.62783863575731
P0134,2025-08-01,89.04166666666667,sarima,71.23333333333333,106.85000000000001
P0134,2025-09-01,41.04166666666667,sarima,32.833333333333336,49.25000000000001
P0134,2025-10-01,48.04166666666667,sarima,38.43333333333334,57.650000000000006
P0134,2025-11-01,34.041666666666664,sarima,27.233333333333334,40.849999999999994
P0134,2025-12-01,45.04166666666667,sarima,36.03333333333334,54.050000000000004
P0134,2026-01-01,46.04166666666667,sarima,36.833333333333336,55.25000000000001
P0217,2025-08-01,11.63888888888889,sarima,9.311111111111112,13.966666666666667
P0217,2025-09-01,11.63888888888889,sarima,9.311111111111112,13.966666666666667
P0217,2025-10-01,11.63888888888889,sarima,9.311111111111112,13.966666666666667
P0217,2025-11-01,11.63888888888889,sarima,9.311111111111112,13.966666666666667
P0217,2025-12-01,11.63888888888889,sarima,9.311111111111112,13.966666666666667
P0217,2026-01-01,11.63888888888889,sarima,9.311111111111112,13.966666666666667
P0187,2025-08-01,2.521425704483727,croston_sba,2.017140563586982,3.0257108453804724
P0187,2025-09-01,2.521425704483727,croston_sba,2.017140563586982,3.0257108453804724
P0187,2025-10-01,2.521425704483727,croston_sba,2.017140563586982,3.0257108453804724
P0187,2025-11-01,2.521425704483727,croston_sba,2.017140563586982,3.0257108453804724
P0187,2025-12-01,2.521425704483727,croston_sba,2.017140563586982,3.0257108453804724
P0187,2026-01-01,2.521425704483727,croston_sba,2.017140563586982,3.0257108453804724
P0229,2025-08-01,6.194444444444445,sarima,4.955555555555556,7.433333333333334
P0229,2025-09-01,6.194444444444445,sarima,4.955555555555556,7.433333333333334
P0229,2025-10-01,6.194444444444445,sarima,4.955555555555556,7.433333333333334
P0229,2025-11-01,6.194444444444445,sarima,4.955555555555556,7.433333333333334
P0229,2025-12-01,6.194444444444445,sarima,4.955555555555556,7.433333333333334
P0229,2026-01-01,6.194444444444445,sarima,4.955555555555556,7.433333333333334
P0251,2025-08-01,4.53392039336434,sarima,3.6271363146914726,5.440704472037209
P0251,2025-09-01,4.007798769813693,sarima,3.2062390158509544,4.809358523776432
P0251,2025-10-01,3.818993222342246,sarima,3.055194577873797,4.582791866810695
P0251,2025-11-01,3.7512379103377365,sarima,3.0009903282701895,4.501485492405283
P0251,2025-12-01,3.7269230405348637,sarima,2.9815384324278913,4.472307648641836
P0251,2026-01-01,3.718197335109859,sarima,2.9745578680878872,4.46183680213183
P0247,2025-08-01,0.0,obsolete,0.0,0.0
P0247,2025-09-01,0.0,obsolete,0.0,0.0
P0247,2025-10-01,0.0,obsolete,0.0,0.0
P0247,2025-11-01,0.0,obsolete,0.0,0.0
P0247,2025-12-01,0.0,obsolete,0.0,0.0
P0247,2026-01-01,0.0,obsolete,0.0,0.0
P0101,2025-08-01,0.0,obsolete,0.0,0.0
P0101,2025-09-01,0.0,obsolete,0.0,0.0
P0101,2025-10-01,0.0,obsolete,0.0,0.0
P0101,2025-11-01,0.0,obsolete,0.0,0.0
P0101,2025-12-01,0.0,obsolete,0.0,0.0
P0101,2026-01-01,0.0,obsolete,0.0,0.0
P0141,2025-08-01,40.583333333333336,sarima,32.46666666666667,48.7
P0141,2025-09-01,40.583333333333336,sarima,32.46666666666667,48.7
P0141,2025-10-01,40.583333333333336,sarima,32.46666666666667,48.7
P0141,2025-11-01,40.583333333333336,sarima,32.46666666666667,48.7
P0141,2025-12-01,40.583333333333336,sarima,32.46666666666667,48.7
P0141,2026-01-01,40.583333333333336,sarima,32.46666666666667,48.7
P0175,2025-08-01,30.04810064117298,sarima,24.038480512938385,36.057720769407574
P0175,2025-09-01,27.614294928208725,sarima,22.09143594256698,33.13715391385047
P0175,2025-10-01,27.614294928208725,sarima,22.09143594256698,33.13715391385047
P0175,2025-11-01,27.614294928208725,sarima,22.09143594256698,33.13715391385047
P0175,2025-12-01,27.614294928208725,sarima,22.09143594256698,33.13715391385047
P0175,2026-01-01,27.614294928208725,sarima,22.09143594256698,33.13715391385047
P0197,2025-08-01,55.41666666666666,sarima,44.33333333333333,66.49999999999999
P0197,2025-09-01,55.41666666666666,sarima,44.33333333333333,66.49999999999999
P0197,2025-10-01,55.41666666666666,sarima,44.33333333333333,66.49999999999999
P0197,2025-11-01,55.41666666666666,sarima,44.33333333333333,66.49999999999999
P0197,2025-12-01,55.41666666666666,sarima,44.33333333333333,66.49999999999999
P0197,2026-01-01,55.41666666666666,sarima,44.33333333333333,66.49999999999999
P0059,2025-08-01,5.029463762723592,sarima,4.023571010178873,6.03535651526831
P0059,2025-09-01,5.029463762723592,sarima,4.023571010178873,6.03535651526831
P0059,2025-10-01,5.029463762723592,sarima,4.023571010178873,6.03535651526831
P0059,2025-11-01,5.029463762723592,sarima,4.023571010178873,6.03535651526831
P0059,2025-12-01,5.029463762723592,sarima,4.023571010178873,6.03535651526831
P0059,2026-01-01,5.029463762723592,sarima,4.023571010178873,6.03535651526831
P0077,2025-08-01,0.0,obsolete,0.0,0.0
P0077,2025-09-01,0.0,obsolete,0.0,0.0
P0077,2025-10-01,0.0,obsolete,0.0,0.0
P0077,2025-11-01,0.0,obsolete,0.0,0.0
P0077,2025-12-01,0.0,obsolete,0.0,0.0
P0077,2026-01-01,0.0,obsolete,0.0,0.0
P0123,2025-08-01,42.135377328195766,sarima,33.70830186255662,50.562452793834915
P0123,2025-09-01,40.81702919277587,sarima,32.6536233542207,48.98043503133104
P0123,2025-10-01,40.81702919277587,sarima,32.6536233542207,48.98043503133104
P0123,2025-11-01,40.81702919277587,sarima,32.6536233542207,48.98043503133104
P0123,2025-12-01,40.81702919277587,sarima,32.6536233542207,48.98043503133104
P0123,2026-01-01,40.81702919277587,sarima,32.6536233542207,48.98043503133104
P0275,2025-08-01,15.75,sarima,12.600000000000001,18.9
P0275,2025-09-01,15.75,sarima,12.600000000000001,18.9
P0275,2025-10-01,15.75,sarima,12.600000000000001,18.9
P0275,2025-11-01,15.75,sarima,12.600000000000001,18.9
P0275,2025-12-01,15.75,sarima,12.600000000000001,18.9
P0275,2026-01-01,15.75,sarima,12.600000000000001,18.9
P0243,2025-08-01,40.6460806217884,sarima,32.516864497430724,48.775296746146076
P0243,2025-09-01,61.51165643035614,sarima,49.20932514428492,73.81398771642736
P0243,2025-10-01,39.547892421337465,sarima,31.638313937069974,47.45747090560496
P0243,2025-11-01,29.66419861727907,sarima,23.731358893823256,35.59703834073488
P0243,2025-12-01,42.2933629224648,sarima,33.83469033797184,50.75203550695776
P0243,2026-01-01,27.4678222163772,sarima,21.974257773101762,32.96138665965264
P0041,2025-08-01,2.720042662974112,croston_sba,2.1760341303792896,3.264051195568934
P0041,2025-09-01,2.720042662974112,croston_sba,2.1760341303792896,3.264051195568934
P0041,2025-10-01,2.720042662974112,croston_sba,2.1760341303792896,3.264051195568934
P0041,2025-11-01,2.720042662974112,croston_sba,2.1760341303792896,3.264051195568934
P0041,2025-12-01,2.720042662974112,croston_sba,2.1760341303792896,3.264051195568934
P0041,2026-01-01,2.720042662974112,croston_sba,2.1760341303792896,3.264051195568934
P0079,2025-08-01,0.0,obsolete,0.0,0.0
P0079,2025-09-01,0.0,obsolete,0.0,0.0
P0079,2025-10-01,0.0,obsolete,0.0,0.0
P0079,2025-11-01,0.0,obsolete,0.0,0.0
P0079,2025-12-01,0.0,obsolete,0.0,0.0
P0079,2026-01-01,0.0,obsolete,0.0,0.0
P0209,2025-08-01,0.0,obsolete,0.0,0.0
P0209,2025-09-01,0.0,obsolete,0.0,0.0
P0209,2025-10-01,0.0,obsolete,0.0,0.0
P0209,2025-11-01,0.0,obsolete,0.0,0.0
P0209,2025-12-01,0.0,obsolete,0.0,0.0
P0209,2026-01-01,0.0,obsolete,0.0,0.0
P0003,2025-08-01,0.0,obsolete,0.0,0.0
P0003,2025-09-01,0.0,obsolete,0.0,0.0
P0003,2025-10-01,0.0,obsolete,0.0,0.0
P0003,2025-11-01,0.0,obsolete,0.0,0.0
P0003,2025-12-01,0.0,obsolete,0.0,0.0
P0003,2026-01-01,0.0,obsolete,0.0,0.0
P0228,2025-08-01,6.527777777777777,sarima,5.222222222222221,7.833333333333332
P0228,2025-09-01,6.527777777777777,sarima,5.222222222222221,7.833333333333332
P0228,2025-10-01,6.527777777777777,sarima,5.222222222222221,7.833333333333332
P0228,2025-11-01,6.527777777777777,sarima,5.222222222222221,7.833333333333332
P0228,2025-12-01,6.527777777777777,sarima,5.222222222222221,7.833333333333332
P0228,2026-01-01,6.527777777777777,sarima,5.222222222222221,7.833333333333332
P0049,2025-08-01,6.333333333333332,sarima,5.066666666666666,7.599999999999998
P0049,2025-09-01,6.333333333333332,sarima,5.066666666666666,7.599999999999998
P0049,2025-10-01,6.333333333333332,sarima,5.066666666666666,7.599999999999998
P0049,2025-11-01,6.333333333333332,sarima,5.066666666666666,7.599999999999998
P0049,2025-12-01,6.333333333333332,sarima,5.066666666666666,7.599999999999998
P0049,2026-01-01,6.333333333333332,sarima,5.066666666666666,7.599999999999998
P0151,2025-08-01,52.07607254506052,sarima,41.66085803604842,62.49128705407262
P0151,2025-09-01,42.93269057552851,sarima,34.34615246042281,51.519228690634215
P0151,2025-10-01,39.438221116104444,sarima,31.550576892883555,47.32586533932533
P0151,2025-11-01,38.102685004462316,sarima,30.482148003569854,45.72322200535478
P0151,2025-12-01,37.592262256113514,sarima,30.073809804890814,45.110714707336214
P0151,2026-01-01,37.39718600189557,sarima,29.917748801516456,44.87662320227468
P0163,2025-08-01,104.0,sarima,83.2,124.8
P0163,2025-09-01,38.0,sarima,30.400000000000002,45.6
P0163,2025-10-01,23.0,sarima,18.400000000000002,27.599999999999998
P0163,2025-11-01,39.0,sarima,31.200000000000003,46.8
P0163,2025-12-01,62.0,sarima,49.6,74.39999999999999
P0163,2026-01-01,61.0,sarima,48.800000000000004,73.2
P0244,2025-08-01,37.79466235627633,sarima,30.23572988502107,45.3535948275316
P0244,2025-09-01,52.25423039052908,sarima,41.80338431242327,62.70507646863489
P0244,2025-10-01,29.469456518373242,sarima,23.575565214698596,35.36334782204789
P0244,2025-11-01,33.851143801480134,sarima,27.08091504118411,40.62137256177616
P0244,2025-12-01,29.469456518373242,sarima,23.575565214698596,35.36334782204789
P0244,2026-01-01,33.851143801480134,sarima,27.08091504118411,40.62137256177616
P0193,2025-08-01,0.0,obsolete,0.0,0.0
P0193,2025-09-01,0.0,obsolete,0.0,0.0
P0193,2025-10-01,0.0,obsolete,0.0,0.0
P0193,2025-11-01,0.0,obsolete,0.0,0.0
P0193,2025-12-01,0.0,obsolete,0.0,0.0
P0193,2026-01-01,0.0,obsolete,0.0,0.0
P0203,2025-08-01,52.90806737031811,sarima,42.32645389625449,63.48968084438172
P0203,2025-09-01,41.492397129483635,sarima,33.19391770358691,49.79087655538036
P0203,2025-10-01,57.11384061694133,sarima,45.691072493553065,68.5366087403296
P0203,2025-11-01,57.11384061694133,sarima,45.691072493553065,68.5366087403296
P0203,2025-12-01,39.08909813141322,sarima,31.27127850513058,46.906917757695865
P0203,2026-01-01,28.875077389613963,sarima,23.10006191169117,34.650092867536756
P0036,2025-08-01,2.916666666666667,sarima,2.3333333333333335,3.5000000000000004
P0036,2025-09-01,2.916666666666667,sarima,2.3333333333333335,3.5000000000000004
P0036,2025-10-01,2.916666666666667,sarima,2.3333333333333335,3.5000000000000004
P0036,2025-11-01,2.916666666666667,sarima,2.3333333333333335,3.5000000000000004
P0036,2025-12-01,2.916666666666667,sarima,2.3333333333333335,3.5000000000000004
P0036,2026-01-01,2.916666666666667,sarima,2.3333333333333335,3.5000000000000004
P0246,2025-08-01,4.604134243836865,sarima,3.683307395069492,5.524961092604237
P0246,2025-09-01,5.434037836540034,sarima,4.3472302692320275,6.52084540384804
P0246,2025-10-01,2.554776550173833,sarima,2.0438212401390667,3.0657318602085994
P0246,2025-11-01,0.19896260751146017,sarima,0.15917008600916815,0.23875512901375218
P0246,2025-12-01,0.19036467466762855,sarima,0.15229173973410284,0.22843760960115425
P0246,2026-01-01,4.655048743822465,sarima,3.724038995057972,5.586058492586957
P0160,2025-08-01,72.39932641817643,sarima,57.919461134541145,86.8791917018117
P0160,2025-09-01,42.25808384264384,sarima,33.806467074115076,50.70970061117261
P0160,2025-10-01,30.221781440991442,sarima,24.177425152793155,36.26613772918973
P0160,2025-11-01,18.407260480330482,sarima,14.725808384264386,22.088712576396578
P0160,2025-12-01,46.85479039339039,sarima,37.48383231471231,56.22574847206847
P0160,2026-01-01,33.556437118017115,sarima,26.845149694413692,40.26772454162054
P0174,2025-08-01,30.194444444444443,sarima,24.155555555555555,36.23333333333333
P0174,2025-09-01,30.194444444444443,sarima,24.155555555555555,36.23333333333333
P0174,2025-10-01,30.194444444444443,sarima,24.155555555555555,36.23333333333333
P0174,2025-11-01,30.194444444444443,sarima,24.155555555555555,36.23333333333333
P0174,2025-12-01,30.194444444444443,sarima,24.155555555555555,36.23333333333333
P0174,2026-01-01,30.194444444444443,sarima,24.155555555555555,36.23333333333333
P0260,2025-08-01,1.7777777777777775,sarima,1.422222222222222,2.133333333333333
P0260,2025-09-01,1.7777777777777775,sarima,1.422222222222222,2.133333333333333
P0260,2025-10-01,1.7777777777777775,sarima,1.422222222222222,2.133333333333333
P0260,2025-11-01,1.7777777777777775,sarima,1.422222222222222,2.133333333333333
P0260,2025-12-01,1.7777777777777775,sarima,1.422222222222222,2.133333333333333
P0260,2026-01-01,1.7777777777777775,sarima,1.422222222222222,2.133333333333333
P0207,2025-08-01,52.27777777777778,sarima,41.82222222222222,62.733333333333334
P0207,2025-09-01,52.27777777777778,sarima,41.82222222222222,62.733333333333334
P0207,2025-10-01,52.27777777777778,sarima,41.82222222222222,62.733333333333334
P0207,2025-11-01,52.27777777777778,sarima,41.82222222222222,62.733333333333334
P0207,2025-12-01,52.27777777777778,sarima,41.82222222222222,62.733333333333334
P0207,2026-01-01,52.27777777777778,sarima,41.82222222222222,62.733333333333334
P0122,2025-08-01,57.41816760996606,sarima,45.93453408797285,68.90180113195927
P0122,2025-09-01,52.20644208388584,sarima,41.76515366710868,62.647730500663
P0122,2025-10-01,41.076906782780405,sarima,32.861525426224325,49.292288139336485
P0122,2025-11-01,42.087167001924925,sarima,33.66973360153994,50.50460040230991
P0122,2025-12-01,31.235254837985643,sarima,24.988203870388517,37.48230580558277
P0122,2026-01-01,54.083103817509276,sarima,43.26648305400742,64.89972458101113
P0181,2025-08-01,6.499999999999999,sarima,5.199999999999999,7.799999999999999
P0181,2025-09-01,6.499999999999999,sarima,5.199999999999999,7.799999999999999
P0181,2025-10-01,6.499999999999999,sarima,5.199999999999999,7.799999999999999
P0181,2025-11-01,6.499999999999999,sarima,5.199999999999999,7.799999999999999
P0181,2025-12-01,6.499999999999999,sarima,5.199999999999999,7.799999999999999
P0181,2026-01-01,6.499999999999999,sarima,5.199999999999999,7.799999999999999
P0171,2025-08-01,33.388888888888886,sarima,26.71111111111111,40.06666666666666
P0171,2025-09-01,33.388888888888886,sarima,26.71111111111111,40.06666666666666
P0171,2025-10-01,33.388888888888886,sarima,26.71111111111111,40.06666666666666
P0171,2025-11-01,33.388888888888886,sarima,26.71111111111111,40.06666666666666
P0171,2025-12-01,33.388888888888886,sarima,26.71111111111111,40.06666666666666
P0171,2026-01-01,33.388888888888886,sarima,26.71111111111111,40.06666666666666
P0106,2025-08-01,0.0,obsolete,0.0,0.0
P0106,2025-09-01,0.0,obsolete,0.0,0.0
P0106,2025-10-01,0.0,obsolete,0.0,0.0
P0106,2025-11-01,0.0,obsolete,0.0,0.0
P0106,2025-12-01,0.0,obsolete,0.0,0.0
P0106,2026-01-01,0.0,obsolete,0.0,0.0
P0108,2025-08-01,2.666666666666667,sarima,2.1333333333333337,3.2
P0108,2025-09-01,2.666666666666667,sarima,2.1333333333333337,3.2
P0108,2025-10-01,2.666666666666667,sarima,2.1333333333333337,3.2
P0108,2025-11-01,2.666666666666667,sarima,2.1333333333333337,3.2
P0108,2025-12-01,2.666666666666667,sarima,2.1333333333333337,3.2
P0108,2026-01-01,2.666666666666667,sarima,2.1333333333333337,3.2
P0140,2025-08-01,36.796195108575276,sarima,29.43695608686022,44.15543413029033
P0140,2025-09-01,38.52117116079063,sarima,30.816936928632504,46.22540539294875
P0140,2025-10-01,39.1415676028362,sarima,31.31325408226896,46.96988112340343
P0140,2025-11-01,39.364696349933,sarima,31.4917570799464,47.237635619919594
P0140,2025-12-01,39.44494574275162,sarima,31.555956594201298,47.33393489130194
P0140,2026-01-01,39.47380784649912,sarima,31.579046277199296,47.368569415798945
P0252,2025-08-01,2.866539028662722,sarima,2.2932312229301774,3.4398468343952664
P0252,2025-09-01,3.499216269329274,sarima,2.7993730154634195,4.199059523195129
P0252,2025-10-01,3.1785587436820624,sarima,2.5428469949456503,3.8142704924184745
P0252,2025-11-01,0.07840037769486008,sarima,0.06272030215588807,0.09408045323383209
P0252,2025-12-01,3.3850288071019103,sarima,2.7080230456815286,4.062034568522292
P0252,2026-01-01,2.369954111258414,sarima,1.8959632890067313,2.843944933510097
P0231,2025-08-01,0.0,obsolete,0.0,0.0
P0231,2025-09-01,0.0,obsolete,0.0,0.0
P0231,2025-10-01,0.0,obsolete,0.0,0.0
P0231,2025-11-01,0.0,obsolete,0.0,0.0
P0231,2025-12-01,0.0,obsolete,0.0,0.0
P0231,2026-01-01,0.0,obsolete,0.0,0.0
P0273,2025-08-01,0.0,obsolete,0.0,0.0
P0273,2025-09-01,0.0,obsolete,0.0,0.0
P0273,2025-10-01,0.0,obsolete,0.0,0.0
P0273,2025-11-01,0.0,obsolete,0.0,0.0
P0273,2025-12-01,0.0,obsolete,0.0,0.0
P0273,2026-01-01,0.0,obsolete,0.0,0.0
P0224,2025-08-01,2.1008589361064187,sarima,1.6806871488851352,2.5210307233277023
P0224,2025-09-01,2.3705568138841504,sarima,1.8964454511073203,2.8446681766609805
P0224,2025-10-01,2.3705568138841504,sarima,1.8964454511073203,2.8446681766609805
P0224,2025-11-01,2.3705568138841504,sarima,1.8964454511073203,2.8446681766609805
P0224,2025-12-01,2.3705568138841504,sarima,1.8964454511073203,2.8446681766609805
P0224,2026-01-01,2.3705568138841504,sarima,1.8964454511073203,2.8446681766609805
P0027,2025-08-01,0.0,obsolete,0.0,0.0
P0027,2025-09-01,0.0,obsolete,0.0,0.0
P0027,2025-10-01,0.0,obsolete,0.0,0.0
P0027,2025-11-01,0.0,obsolete,0.0,0.0
P0027,2025-12-01,0.0,obsolete,0.0,0.0
P0027,2026-01-01,0.0,obsolete,0.0,0.0
P0082,2025-08-01,0.0,obsolete,0.0,0.0
P0082,2025-09-01,0.0,obsolete,0.0,0.0
P0082,2025-10-01,0.0,obsolete,0.0,0.0
P0082,2025-11-01,0.0,obsolete,0.0,0.0
P0082,2025-12-01,0.0,obsolete,0.0,0.0
P0082,2026-01-01,0.0,obsolete,0.0,0.0
P0103,2025-08-01,20.49762281501387,sarima,16.398098252011096,24.597147378016643
P0103,2025-09-01,14.638269353168354,sarima,11.710615482534685,17.565923223802024
P0103,2025-10-01,20.187727084020537,sarima,16.15018166721643,24.225272500824644
P0103,2025-11-01,15.517099785338637,sarima,12.41367982827091,18.620519742406362
P0103,2025-12-01,12.117556385731232,sarima,9.694045108584987,14.541067662877477
P0103,2026-01-01,12.968144885378903,sarima,10.374515908303124,15.561773862454682
P0276,2025-08-01,14.75944193021781,sarima,11.807553544174247,17.71133031626137
P0276,2025-09-01,13.17539570675828,sarima,10.540316565406625,15.810474848109935
P0276,2025-10-01,12.696591273214299,sarima,10.15727301857144,15.235909527857158
P0276,2025-11-01,12.551864634441923,sarima,10.04149170755354,15.062237561330306
P0276,2025-12-01,12.508118590122086,sarima,10.006494872097669,15.009742308146503
P0276,2026-01-01,12.49489561742082,sarima,9.995916493936656,14.993874740904984
P0031,2025-08-01,0.0,obsolete,0.0,0.0
P0031,2025-09-01,0.0,obsolete,0.0,0.0
P0031,2025-10-01,0.0,obsolete,0.0,0.0
P0031,2025-11-01,0.0,obsolete,0.0,0.0
P0031,2025-12-01,0.0,obsolete,0.0,0.0
P0031,2026-01-01,0.0,obsolete,0.0,0.0
P0253,2025-08-01,3.916666666666666,sarima,3.133333333333333,4.699999999999999
P0253,2025-09-01,3.916666666666666,sarima,3.133333333333333,4.699999999999999
P0253,2025-10-01,3.916666666666666,sarima,3.133333333333333,4.699999999999999
P0253,2025-11-01,3.916666666666666,sarima,3.133333333333333,4.699999999999999
P0253,2025-12-01,3.916666666666666,sarima,3.133333333333333,4.699999999999999
P0253,2026-01-01,3.916666666666666,sarima,3.133333333333333,4.699999999999999
P0047,2025-08-01,0.0,obsolete,0.0,0.0
P0047,2025-09-01,0.0,obsolete,0.0,0.0
P0047,2025-10-01,0.0,obsolete,0.0,0.0
P0047,2025-11-01,0.0,obsolete,0.0,0.0
P0047,2025-12-01,0.0,obsolete,0.0,0.0
P0047,2026-01-01,0.0,obsolete,0.0,0.0
P0274,2025-08-01,22.816185232496778,sarima,18.252948185997422,27.379422278996135
P0274,2025-09-01,18.59247370132411,sarima,14.873978961059288,22.31096844158893
P0274,2025-10-01,12.256906404565104,sarima,9.805525123652084,14.708287685478124
P0274,2025-11-01,18.59247370132411,sarima,14.873978961059288,22.31096844158893
P0274,2025-12-01,16.480617935737772,sarima,13.184494348590219,19.776741522885327
P0274,2026-01-01,11.72894246316852,sarima,9.383153970534817,14.074730955802224
P0153,2025-08-01,56.00000000000001,sarima,44.80000000000001,67.2
P0153,2025-09-01,35.0,sarima,28.0,42.0
P0153,2025-10-01,35.0,sarima,28.0,42.0
P0153,2025-11-01,22.000000000000004,sarima,17.600000000000005,26.400000000000002
P0153,2025-12-01,39.0,sarima,31.200000000000003,46.8
P0153,2026-01-01,24.0,sarima,19.200000000000003,28.799999999999997
P0266,2025-08-01,6.916666666666665,sarima,5.533333333333332,8.299999999999997
P0266,2025-09-01,6.916666666666665,sarima,5.533333333333332,8.299999999999997
P0266,2025-10-01,6.916666666666665,sarima,5.533333333333332,8.299999999999997
P0266,2025-11-01,6.916666666666665,sarima,5.533333333333332,8.299999999999997
P0266,2025-12-01,6.916666666666665,sarima,5.533333333333332,8.299999999999997
P0266,2026-01-01,6.916666666666665,sarima,5.533333333333332,8.299999999999997
P0210,2025-08-01,74.12495490431502,sarima,59.29996392345202,88.94994588517802
P0210,2025-09-01,77.28199846850386,sarima,61.82559877480309,92.73839816220463
P0210,2025-10-01,58.03199749790392,sarima,46.42559799832314,69.6383969974847
P0210,2025-11-01,51.76215131758461,sarima,41.40972105406769,62.11458158110153
P0210,2025-12-01,42.45836517658827,sarima,33.96669214127062,50.95003821190593
P0210,2026-01-01,49.53519413066627,sarima,39.62815530453302,59.44223295679952
P0125,2025-08-01,41.61111111111111,sarima,33.288888888888884,49.93333333333333
P0125,2025-09-01,41.61111111111111,sarima,33.288888888888884,49.93333333333333
P0125,2025-10-01,41.61111111111111,sarima,33.288888888888884,49.93333333333333
P0125,2025-11-01,41.61111111111111,sarima,33.288888888888884,49.93333333333333
P0125,2025-12-01,41.61111111111111,sarima,33.288888888888884,49.93333333333333
P0125,2026-01-01,41.61111111111111,sarima,33.288888888888884,49.93333333333333
P0279,2025-08-01,9.805555555555557,sarima,7.844444444444446,11.766666666666667
P0279,2025-09-01,9.805555555555557,sarima,7.844444444444446,11.766666666666667
P0279,2025-10-01,9.805555555555557,sarima,7.844444444444446,11.766666666666667
P0279,2025-11-01,9.805555555555557,sarima,7.844444444444446,11.766666666666667
P0279,2025-12-01,9.805555555555557,sarima,7.844444444444446,11.766666666666667
P0279,2026-01-01,9.805555555555557,sarima,7.844444444444446,11.766666666666667
P0198,2025-08-01,48.1111111111111,sarima,38.48888888888888,57.73333333333332
P0198,2025-09-01,48.1111111111111,sarima,38.48888888888888,57.73333333333332
P0198,2025-10-01,48.1111111111111,sarima,38.48888888888888,57.73333333333332
P0198,2025-11-01,48.1111111111111,sarima,38.48888888888888,57.73333333333332
P0198,2025-12-01,48.1111111111111,sarima,38.48888888888888,57.73333333333332
P0198,2026-01-01,48.1111111111111,sarima,38.48888888888888,57.73333333333332
P0137,2025-08-01,4.370663729023181,sarima,3.4965309832185447,5.244796474827817
P0137,2025-09-01,7.172721292445708,sarima,5.738177033956567,8.60726555093485
P0137,2025-10-01,6.143598140723871,sarima,4.914878512579097,7.372317768868644
P0137,2025-11-01,6.521568413438851,sarima,5.2172547307510815,7.825882096126621
P0137,2025-12-01,6.3827497241330935,sarima,5.1061997793064755,7.6592996689597115
P0137,2026-01-01,6.433734232417692,sarima,5.146987385934153,7.72048107890123
P0233,2025-08-01,0.0,obsolete,0.0,0.0
P0233,2025-09-01,0.0,obsolete,0.0,0.0
P0233,2025-10-01,0.0,obsolete,0.0,0.0
P0233,2025-11-01,0.0,obsolete,0.0,0.0
P0233,2025-12-01,0.0,obsolete,0.0,0.0
P0233,2026-01-01,0.0,obsolete,0.0,0.0
P0170,2025-08-01,0.0,obsolete,0.0,0.0
P0170,2025-09-01,0.0,obsolete,0.0,0.0
P0170,2025-10-01,0.0,obsolete,0.0,0.0
P0170,2025-11-01,0.0,obsolete,0.0,0.0
P0170,2025-12-01,0.0,obsolete,0.0,0.0
P0170,2026-01-01,0.0,obsolete,0.0,0.0
P0261,2025-08-01,0.0,sarima,0.0,0.0
P0261,2025-09-01,0.47474069824900206,sarima,0.3797925585992017,0.5696888378988024
P0261,2025-10-01,0.0,sarima,0.0,0.0
P0261,2025-11-01,0.0,sarima,0.0,0.0
P0261,2025-12-01,0.11698325070853788,sarima,0.09358660056683031,0.14037990085024546
P0261,2026-01-01,0.0,sarima,0.0,0.0
P0132,2025-08-01,66.34926313399718,sarima,53.07941050719775,79.61911576079662
P0132,2025-09-01,43.086901632258595,sarima,34.46952130580688,51.70428195871031
P0132,2025-10-01,36.64227694893232,sarima,29.313821559145858,43.97073233871878
P0132,2025-11-01,47.916885981516906,sarima,38.333508785213525,57.50026317782029
P0132,2025-12-01,51.07227706978453,sarima,40.85782165582763,61.28673248374144
P0132,2026-01-01,32.64635570348645,sarima,26.11708456278916,39.17562684418374
P0234,2025-08-01,0.0,obsolete,0.0,0.0
P0234,2025-09-01,0.0,obsolete,0.0,0.0
P0234,2025-10-01,0.0,obsolete,0.0,0.0
P0234,2025-11-01,0.0,obsolete,0.0,0.0
P0234,2025-12-01,0.0,obsolete,0.0,0.0
P0234,2026-01-01,0.0,obsolete,0.0,0.0
P0128,2025-08-01,0.0,obsolete,0.0,0.0
P0128,2025-09-01,0.0,obsolete,0.0,0.0
P0128,2025-10-01,0.0,obsolete,0.0,0.0
P0128,2025-11-01,0.0,obsolete,0.0,0.0
P0128,2025-12-01,0.0,obsolete,0.0,0.0
P0128,2026-01-01,0.0,obsolete,0.0,0.0
P0272,2025-08-01,20.41329210113436,sarima,16.33063368090749,24.49595052136123
P0272,2025-09-01,16.248599879012872,sarima,12.998879903210298,19.498319854815445
P0272,2025-10-01,14.582722990164278,sarima,11.666178392131423,17.49926758819713
P0272,2025-11-01,14.582722990164278,sarima,11.666178392131423,17.49926758819713
P0272,2025-12-01,11.667438434679235,sarima,9.333950747743389,14.000926121615082
P0272,2026-01-01,18.330945990073616,sarima,14.664756792058894,21.99713518808834
P0130,2025-08-01,45.77777777777778,sarima,36.62222222222223,54.93333333333333
P0130,2025-09-01,45.77777777777778,sarima,36.62222222222223,54.93333333333333
P0130,2025-10-01,45.77777777777778,sarima,36.62222222222223,54.93333333333333
P0130,2025-11-01,45.77777777777778,sarima,36.62222222222223,54.93333333333333
P0130,2025-12-01,45.77777777777778,sarima,36.62222222222223,54.93333333333333
P0130,2026-01-01,45.77777777777778,sarima,36.62222222222223,54.93333333333333
P0271,2025-08-01,29.58495687435632,sarima,23.667965499485057,35.50194824922758
P0271,2025-09-01,22.62873402367135,sarima,18.10298721893708,27.154480828405617
P0271,2025-10-01,16.106337619297914,sarima,12.885070095438332,19.327605143157495
P0271,2025-11-01,20.13086901825295,sarima,16.104695214602362,24.15704282190354
P0271,2025-12-01,19.124736168514193,sarima,15.299788934811355,22.94968340221703
P0271,2026-01-01,15.100204769559154,sarima,12.080163815647325,18.120245723470983
P0199,2025-08-01,0.0,obsolete,0.0,0.0
P0199,2025-09-01,0.0,obsolete,0.0,0.0
P0199,2025-10-01,0.0,obsolete,0.0,0.0
P0199,2025-11-01,0.0,obsolete,0.0,0.0
P0199,2025-12-01,0.0,obsolete,0.0,0.0
P0199,2026-01-01,0.0,obsolete,0.0,0.0
P0126,2025-08-01,55.717497873543316,sarima,44.57399829883465,66.86099744825198
P0126,2025-09-01,54.94868504055738,sarima,43.9589480324459,65.93842204866885
P0126,2025-10-01,36.92519551661428,sarima,29.540156413291427,44.310234619937134
P0126,2025-11-01,37.77587151274807,sarima,30.220697210198455,45.33104581529768
P0126,2025-12-01,43.90556081626397,sarima,35.12444865301118,52.686672979516764
P0126,2026-01-01,48.50954597371783,sarima,38.80763677897426,58.21145516846139
P0127,2025-08-01,37.86111111111111,sarima,30.288888888888888,45.43333333333333
P0127,2025-09-01,37.86111111111111,sarima,30.288888888888888,45.43333333333333
P0127,2025-10-01,37.86111111111111,sarima,30.288888888888888,45.43333333333333
P0127,2025-11-01,37.86111111111111,sarima,30.288888888888888,45.43333333333333
P0127,2025-12-01,37.86111111111111,sarima,30.288888888888888,45.43333333333333
P0127,2026-01-01,37.86111111111111,sarima,30.288888888888888,45.43333333333333
P0121,2025-08-01,33.33333333333333,sarima,26.666666666666664,39.99999999999999
P0121,2025-09-01,33.33333333333333,sarima,26.666666666666664,39.99999999999999
P0121,2025-10-01,33.33333333333333,sarima,26.666666666666664,39.99999999999999
P0121,2025-11-01,33.33333333333333,sarima,26.666666666666664,39.99999999999999
P0121,2025-12-01,33.33333333333333,sarima,26.666666666666664,39.99999999999999
P0121,2026-01-01,33.33333333333333,sarima,26.666666666666664,39.99999999999999
P0211,2025-08-01,75.53309578337111,sarima,60.42647662669689,90.63971494004532
P0211,2025-09-01,45.41385169476871,sarima,36.331081355814966,54.49662203372245
P0211,2025-10-01,43.364168225887404,sarima,34.69133458070993,52.03700187106488
P0211,2025-11-01,36.10872021384583,sarima,28.886976171076665,43.330464256614995
P0211,2025-12-01,47.631450376147626,sarima,38.1051603009181,57.15774045137715
P0211,2026-01-01,39.92388359440856,sarima,31.939106875526846,47.90866031329027
P0173,2025-08-01,8.172014186195009,croston_sba,6.537611348956007,9.80641702343401
P0173,2025-09-01,8.172014186195009,croston_sba,6.537611348956007,9.80641702343401
P0173,2025-10-01,8.172014186195009,croston_sba,6.537611348956007,9.80641702343401
P0173,2025-11-01,8.172014186195009,croston_sba,6.537611348956007,9.80641702343401
P0173,2025-12-01,8.172014186195009,croston_sba,6.537611348956007,9.80641702343401
P0173,2026-01-01,8.172014186195009,croston_sba,6.537611348956007,9.80641702343401
P0131,2025-08-01,46.77777777777777,sarima,37.42222222222222,56.133333333333326
P0131,2025-09-01,46.77777777777777,sarima,37.42222222222222,56.133333333333326
P0131,2025-10-01,46.77777777777777,sarima,37.42222222222222,56.133333333333326
P0131,2025-11-01,46.77777777777777,sarima,37.42222222222222,56.133333333333326
P0131,2025-12-01,46.77777777777777,sarima,37.42222222222222,56.133333333333326
P0131,2026-01-01,46.77777777777777,sarima,37.42222222222222,56.133333333333326
P0202,2025-08-01,0.0,obsolete,0.0,0.0
P0202,2025-09-01,0.0,obsolete,0.0,0.0
P0202,2025-10-01,0.0,obsolete,0.0,0.0
P0202,2025-11-01,0.0,obsolete,0.0,0.0
P0202,2025-12-01,0.0,obsolete,0.0,0.0
P0202,2026-01-01,0.0,obsolete,0.0,0.0
P0143,2025-08-01,37.611111111111114,sarima,30.088888888888892,45.13333333333333
P0143,2025-09-01,37.611111111111114,sarima,30.088888888888892,45.13333333333333
P0143,2025-10-01,37.611111111111114,sarima,30.088888888888892,45.13333333333333
P0143,2025-11-01,37.611111111111114,sarima,30.088888888888892,45.13333333333333
P0143,2025-12-01,37.611111111111114,sarima,30.088888888888892,45.13333333333333
P0143,2026-01-01,37.611111111111114,sarima,30.088888888888892,45.13333333333333
P0278,2025-08-01,10.436838692247372,sarima,8.349470953797898,12.524206430696847
P0278,2025-09-01,12.623577375114223,sarima,10.098861900091379,15.148292850137068
P0278,2025-10-01,10.707412945491606,sarima,8.565930356393286,12.848895534589927
P0278,2025-11-01,8.918207822646629,sarima,7.134566258117303,10.701849387175955
P0278,2025-12-01,12.01295563290669,sarima,9.610364506325354,14.415546759488027
P0278,2026-01-01,7.867963680717011,sarima,6.294370944573609,9.441556416860413
P0213,2025-08-01,0.0,obsolete,0.0,0.0
P0213,2025-09-01,0.0,obsolete,0.0,0.0
P0213,2025-10-01,0.0,obsolete,0.0,0.0
P0213,2025-11-01,0.0,obsolete,0.0,0.0
P0213,2025-12-01,0.0,obsolete,0.0,0.0
P0213,2026-01-01,0.0,obsolete,0.0,0.0
P0259,2025-08-01,0.0,obsolete,0.0,0.0
P0259,2025-09-01,0.0,obsolete,0.0,0.0
P0259,2025-10-01,0.0,obsolete,0.0,0.0
P0259,2025-11-01,0.0,obsolete,0.0,0.0
P0259,2025-12-01,0.0,obsolete,0.0,0.0
P0259,2026-01-01,0.0,obsolete,0.0,0.0
P0226,2025-08-01,1.1278811119734298,sarima,0.9023048895787439,1.3534573343681158
P0226,2025-09-01,1.1087742656296453,sarima,0.8870194125037163,1.3305291187555743
P0226,2025-10-01,1.060785530283066,sarima,0.8486284242264528,1.2729426363396792
P0226,2025-11-01,1.0755521558591747,sarima,0.8604417246873398,1.2906625870310096
P0226,2025-12-01,1.0924254219636969,sarima,0.8739403375709576,1.3109105063564361
P0226,2026-01-01,1.0840333933006152,sarima,0.8672267146404922,1.3008400719607383
P0225,2025-08-01,0.0,obsolete,0.0,0.0
P0225,2025-09-01,0.0,obsolete,0.0,0.0
P0225,2025-10-01,0.0,obsolete,0.0,0.0
P0225,2025-11-01,0.0,obsolete,0.0,0.0
P0225,2025-12-01,0.0,obsolete,0.0,0.0
P0225,2026-01-01,0.0,obsolete,0.0,0.0
P0142,2025-08-01,6.083333333333333,sarima,4.866666666666667,7.299999999999999
P0142,2025-09-01,6.083333333333333,sarima,4.866666666666667,7.299999999999999
P0142,2025-10-01,6.083333333333333,sarima,4.866666666666667,7.299999999999999
P0142,2025-11-01,6.083333333333333,sarima,4.866666666666667,7.299999999999999
P0142,2025-12-01,6.083333333333333,sarima,4.866666666666667,7.299999999999999
P0142,2026-01-01,6.083333333333333,sarima,4.866666666666667,7.299999999999999
P0196,2025-08-01,0.0,obsolete,0.0,0.0
P0196,2025-09-01,0.0,obsolete,0.0,0.0
P0196,2025-10-01,0.0,obsolete,0.0,0.0
P0196,2025-11-01,0.0,obsolete,0.0,0.0
P0196,2025-12-01,0.0,obsolete,0.0,0.0
P0196,2026-01-01,0.0,obsolete,0.0,0.0
P0200,2025-08-01,179.875,sarima,143.9,215.85
P0200,2025-09-01,65.87500000000001,sarima,52.70000000000002,79.05000000000001
P0200,2025-10-01,95.875,sarima,76.7,115.05
P0200,2025-11-01,102.875,sarima,82.30000000000001,123.44999999999999
P0200,2025-12-01,60.875000000000014,sarima,48.70000000000002,73.05000000000001
P0200,2026-01-01,78.875,sarima,63.1,94.64999999999999
P0277,2025-08-01,0.0,sarima,0.0,0.0
P0277,2025-09-01,1.2258497673759585,sarima,0.9806798139007669,1.4710197208511502
P0277,2025-10-01,0.0,sarima,0.0,0.0
P0277,2025-11-01,0.7842329624462101,sarima,0.6273863699569682,0.941079554935452
P0277,2025-12-01,0.0,sarima,0.0,0.0
P0277,2026-01-01,0.5067333283897657,sarima,0.40538666271181256,0.6080799940677188
P0205,2025-08-01,77.02496283030133,sarima,61.61997026424107,92.42995539636159
P0205,2025-09-01,84.32598389913869,sarima,67.46078711931095,101.19118067896643
P0205,2025-10-01,66.59493273196225,sarima,53.2759461855698,79.9139192783547
P0205,2025-11-01,51.99289059428753,sarima,41.59431247543003,62.39146871314503
P0205,2025-12-01,63.98742520737748,sarima,51.18994016590199,76.78491024885297
P0205,2026-01-01,47.29937705003495,sarima,37.83950164002796,56.759252460041935
P0242,2025-08-01,60.008581414348136,sarima,48.00686513147851,72.01029769721777
P0242,2025-09-01,46.91445005059784,sarima,37.531560040478276,56.29734006071741
P0242,2025-10-01,35.0106942653703,sarima,28.00855541229624,42.012833118444355
P0242,2025-11-01,39.17700879019994,sarima,31.341607032159956,47.01241054823993
P0242,2025-12-01,48.1048256291206,sarima,38.483860503296484,57.72579075494471
P0242,2026-01-01,51.67595236468886,sarima,41.34076189175109,62.01114283762663
P0162,2025-08-01,0.0,obsolete,0.0,0.0
P0162,2025-09-01,0.0,obsolete,0.0,0.0
P0162,2025-10-01,0.0,obsolete,0.0,0.0
P0162,2025-11-01,0.0,obsolete,0.0,0.0
P0162,2025-12-01,0.0,obsolete,0.0,0.0
P0162,2026-01-01,0.0,obsolete,0.0,0.0
P0236,2025-08-01,38.69444444444445,sarima,30.955555555555563,46.43333333333334
P0236,2025-09-01,38.69444444444445,sarima,30.955555555555563,46.43333333333334
P0236,2025-10-01,38.69444444444445,sarima,30.955555555555563,46.43333333333334
P0236,2025-11-01,38.69444444444445,sarima,30.955555555555563,46.43333333333334
P0236,2025-12-01,38.69444444444445,sarima,30.955555555555563,46.43333333333334
P0236,2026-01-01,38.69444444444445,sarima,30.955555555555563,46.43333333333334
P0100,2025-08-01,2.7777777777777777,sarima,2.2222222222222223,3.333333333333333
P0100,2025-09-01,2.7777777777777777,sarima,2.2222222222222223,3.333333333333333
P0100,2025-10-01,2.7777777777777777,sarima,2.2222222222222223,3.333333333333333
P0100,2025-11-01,2.7777777777777777,sarima,2.2222222222222223,3.333333333333333
P0100,2025-12-01,2.7777777777777777,sarima,2.2222222222222223,3.333333333333333
P0100,2026-01-01,2.7777777777777777,sarima,2.2222222222222223,3.333333333333333
P0241,2025-08-01,0.0,obsolete,0.0,0.0
P0241,2025-09-01,0.0,obsolete,0.0,0.0
P0241,2025-10-01,0.0,obsolete,0.0,0.0
P0241,2025-11-01,0.0,obsolete,0.0,0.0
P0241,2025-12-01,0.0,obsolete,0.0,0.0
P0241,2026-01-01,0.0,obsolete,0.0,0.0
P0206,2025-08-01,0.0,obsolete,0.0,0.0
P0206,2025-09-01,0.0,obsolete,0.0,0.0
P0206,2025-10-01,0.0,obsolete,0.0,0.0
P0206,2025-11-01,0.0,obsolete,0.0,0.0
P0206,2025-12-01,0.0,obsolete,0.0,0.0
P0206,2026-01-01,0.0,obsolete,0.0,0.0
P0172,2025-08-01,6.976805146029825,croston_sba,5.58144411682386,8.37216617523579
P0172,2025-09-01,6.976805146029825,croston_sba,5.58144411682386,8.37216617523579
P0172,2025-10-01,6.976805146029825,croston_sba,5.58144411682386,8.37216617523579
P0172,2025-11-01,6.976805146029825,croston_sba,5.58144411682386,8.37216617523579
P0172,2025-12-01,6.976805146029825,croston_sba,5.58144411682386,8.37216617523579
P0172,2026-01-01,6.976805146029825,croston_sba,5.58144411682386,8.37216617523579
P0237,2025-08-01,33.6696525239247,sarima,26.93572201913976,40.40358302870963
P0237,2025-09-01,44.95905115664401,sarima,35.96724092531521,53.95086138797281
P0237,2025-10-01,38.694709117819,sarima,30.955767294255203,46.4336509413828
P0237,2025-11-01,35.811587888358034,sarima,28.64927031068643,42.97390546602964
P0237,2025-12-01,21.843905975664015,sarima,17.475124780531214,26.212687170796816
P0237,2026-01-01,31.010415714297984,sarima,24.808332571438388,37.21249885715758
P0204,2025-08-01,61.56874382621489,sarima,49.254995060971915,73.88249259145786
P0204,2025-09-01,67.47033083623722,sarima,53.976264668989785,80.96439700348466
P0204,2025-10-01,54.355693036187596,sarima,43.48455442895008,65.22683164342511
P0204,2025-11-01,42.552519016142924,sarima,34.04201521291434,51.063022819371504
P0204,2025-12-01,35.33946822611563,sarima,28.271574580892505,42.40736187133875
P0204,2026-01-01,53.04422925618263,sarima,42.43538340494611,63.653075107419156
P0240,2025-08-01,38.77777777777778,sarima,31.022222222222226,46.53333333333333
P0240,2025-09-01,38.77777777777778,sarima,31.022222222222226,46.53333333333333
P0240,2025-10-01,38.77777777777778,sarima,31.022222222222226,46.53333333333333
P0240,2025-11-01,38.77777777777778,sarima,31.022222222222226,46.53333333333333
P0240,2025-12-01,38.77777777777778,sarima,31.022222222222226,46.53333333333333
P0240,2026-01-01,38.77777777777778,sarima,31.022222222222226,46.53333333333333
P0268,2025-08-01,3.0240660241079786,sarima,2.419252819286383,3.6288792289295744
P0268,2025-09-01,3.4340864150344195,sarima,2.7472691320275358,4.120903698041303
P0268,2025-10-01,3.3880741804785552,sarima,2.710459344382844,4.065689016574266
P0268,2025-11-01,7.070078258663844,sarima,5.6560626069310755,8.484093910396613
P0268,2025-12-01,4.342061945922691,sarima,3.4736495567381525,5.210474335107229
P0268,2026-01-01,1.7520823368491314,sarima,1.4016658694793052,2.1024988042189574
P0254,2025-08-01,0.0,obsolete,0.0,0.0
P0254,2025-09-01,0.0,obsolete,0.0,0.0
P0254,2025-10-01,0.0,obsolete,0.0,0.0
P0254,2025-11-01,0.0,obsolete,0.0,0.0
P0254,2025-12-01,0.0,obsolete,0.0,0.0
P0254,2026-01-01,0.0,obsolete,0.0,0.0
P0161,2025-08-01,5.243634179702352,croston_sba,4.194907343761882,6.292361015642822
P0161,2025-09-01,5.243634179702352,croston_sba,4.194907343761882,6.292361015642822
P0161,2025-10-01,5.243634179702352,croston_sba,4.194907343761882,6.292361015642822
P0161,2025-11-01,5.243634179702352,croston_sba,4.194907343761882,6.292361015642822
P0161,2025-12-01,5.243634179702352,croston_sba,4.194907343761882,6.292361015642822
P0161,2026-01-01,5.243634179702352,croston_sba,4.194907343761882,6.292361015642822
P0139,2025-08-01,6.722222222222222,sarima,5.377777777777778,8.066666666666666
P0139,2025-09-01,6.722222222222222,sarima,5.377777777777778,8.066666666666666
P0139,2025-10-01,6.722222222222222,sarima,5.377777777777778,8.066666666666666
P0139,2025-11-01,6.722222222222222,sarima,5.377777777777778,8.066666666666666
P0139,2025-12-01,6.722222222222222,sarima,5.377777777777778,8.066666666666666
P0139,2026-01-01,6.722222222222222,sarima,5.377777777777778,8.066666666666666
P0120,2025-08-01,46.27777777777778,sarima,37.022222222222226,55.53333333333333
P0120,2025-09-01,46.27777777777778,sarima,37.022222222222226,55.53333333333333
P0120,2025-10-01,46.27777777777778,sarima,37.022222222222226,55.53333333333333
P0120,2025-11-01,46.27777777777778,sarima,37.022222222222226,55.53333333333333
P0120,2025-12-01,46.27777777777778,sarima,37.022222222222226,55.53333333333333
P0120,2026-01-01,46.27777777777778,sarima,37.022222222222226,55.53333333333333
P0257,2025-08-01,0.0,obsolete,0.0,0.0
P0257,2025-09-01,0.0,obsolete,0.0,0.0
P0257,2025-10-01,0.0,obsolete,0.0,0.0
P0257,2025-11-01,0.0,obsolete,0.0,0.0
P0257,2025-12-01,0.0,obsolete,0.0,0.0
P0257,2026-01-01,0.0,obsolete,0.0,0.0
P0258,2025-08-01,0.0,obsolete,0.0,0.0
P0258,2025-09-01,0.0,obsolete,0.0,0.0
P0258,2025-10-01,0.0,obsolete,0.0,0.0
P0258,2025-11-01,0.0,obsolete,0.0,0.0
P0258,2025-12-01,0.0,obsolete,0.0,0.0
P0258,2026-01-01,0.0,obsolete,0.0,0.0
P0256,2025-08-01,0.0,obsolete,0.0,0.0
P0256,2025-09-01,0.0,obsolete,0.0,0.0
P0256,2025-10-01,0.0,obsolete,0.0,0.0
P0256,2025-11-01,0.0,obsolete,0.0,0.0
P0256,2025-12-01,0.0,obsolete,0.0,0.0
P0256,2026-01-01,0.0,obsolete,0.0,0.0
P0238,2025-08-01,64.2825719869103,sarima,51.42605758952824,77.13908638429236
P0238,2025-09-01,49.591608435285195,sarima,39.67328674822816,59.50993012234223
P0238,2025-10-01,55.54705329960328,sarima,44.43764263968262,66.65646395952393
P0238,2025-11-01,36.574108408250204,sarima,29.259286726600166,43.88893008990024
P0238,2025-12-01,42.96440753482169,sarima,34.37152602785735,51.55728904178603
P0238,2026-01-01,62.91797394409197,sarima,50.33437915527358,75.50156873291036
P0250,2025-08-01,4.0,sarima,3.2,4.8
P0250,2025-09-01,1.0,sarima,0.8,1.2
P0250,2025-10-01,2.0,sarima,1.6,2.4
P0250,2025-11-01,5.0,sarima,4.0,6.0
P0250,2025-12-01,2.0,sarima,1.6,2.4
P0250,2026-01-01,5.0,sarima,4.0,6.0
P0249,2025-08-01,0.0,obsolete,0.0,0.0
P0249,2025-09-01,0.0,obsolete,0.0,0.0
P0249,2025-10-01,0.0,obsolete,0.0,0.0
P0249,2025-11-01,0.0,obsolete,0.0,0.0
P0249,2025-12-01,0.0,obsolete,0.0,0.0
P0249,2026-01-01,0.0,obsolete,0.0,0.0
P0124,2025-08-01,0.0,obsolete,0.0,0.0
P0124,2025-09-01,0.0,obsolete,0.0,0.0
P0124,2025-10-01,0.0,obsolete,0.0,0.0
P0124,2025-11-01,0.0,obsolete,0.0,0.0
P0124,2025-12-01,0.0,obsolete,0.0,0.0
P0124,2026-01-01,0.0,obsolete,0.0,0.0
P0169,2025-08-01,5.44987151656225,croston_sba,4.3598972132498,6.539845819874699
P0169,2025-09-01,5.44987151656225,croston_sba,4.3598972132498,6.539845819874699
P0169,2025-10-01,5.44987151656225,croston_sba,4.3598972132498,6.539845819874699
P0169,2025-11-01,5.44987151656225,croston_sba,4.3598972132498,6.539845819874699
P0169,2025-12-01,5.44987151656225,croston_sba,4.3598972132498,6.539845819874699
P0169,2026-01-01,5.44987151656225,croston_sba,4.3598972132498,6.539845819874699
P0129,2025-08-01,37.16324040567886,sarima,29.730592324543093,44.59588848681464
P0129,2025-09-01,39.65305436917744,sarima,31.722443495341953,47.58366524301292
P0129,2025-10-01,40.64897995457687,sarima,32.5191839636615,48.77877594549225
P0129,2025-11-01,52.10212418667032,sarima,41.68169934933626,62.522549024004384
P0129,2025-12-01,33.67750085678085,sarima,26.942000685424684,40.413001028137025
P0129,2026-01-01,40.64897995457687,sarima,32.5191839636615,48.77877594549225
P0239,2025-08-01,42.65907005791682,sarima,34.12725604633346,51.190884069500186
P0239,2025-09-01,54.6726469756825,sarima,43.738117580546,65.60717637081899
P0239,2025-10-01,22.666828296640062,sarima,18.13346263731205,27.200193955968075
P0239,2025-11-01,29.335596152960946,sarima,23.468476922368758,35.202715383553134
P0239,2025-12-01,27.999999999999996,sarima,22.4,33.599999999999994
P0239,2026-01-01,14.999515110079795,sarima,11.999612088063836,17.99941813209575
P0119,2025-08-01,5.242172879657632,sarima,4.193738303726106,6.290607455589158
P0119,2025-09-01,6.352852789031793,sarima,5.0822822312254345,7.623423346838152
P0119,2025-10-01,6.352852789031793,sarima,5.0822822312254345,7.623423346838152
P0119,2025-11-01,6.352852789031793,sarima,5.0822822312254345,7.623423346838152
P0119,2025-12-01,6.352852789031793,sarima,5.0822822312254345,7.623423346838152
P0119,2026-01-01,6.352852789031793,sarima,5.0822822312254345,7.623423346838152
