produit_id,mois_offset,quantite_commandee_emp,commande_passee_emp,stock_final_emp,rupture_emp,demande_prevue,cout_achat
P0023,1,56,1,0.0,6.530365273983207,32.53036527398321,250.0
P0023,2,56,1,27.87482063340681,0.0,28.12517936659319,250.0
P0023,3,0,0,50.0868361033331,0.0,33.787984530073714,250.0
P0023,4,0,0,38.30362419481092,0.0,11.783211908522176,250.0
P0023,5,56,1,1.690892829060246,0.0,36.612731365750676,250.0
P0023,6,0,0,32.91026027912697,0.0,24.780632549933276,250.0
P0024,1,37,1,4.807282129610073,0.0,24.192717870389927,260.0
P0024,2,0,0,27.031784017721947,0.0,14.775498111888128,260.0
P0024,3,37,1,11.804048046630022,0.0,15.227735971091924,260.0
P0024,4,0,0,33.149350960549725,0.0,15.6546970860803,260.0
P0024,5,37,1,10.869539241143851,0.0,22.279811719405874,260.0
P0024,6,0,0,29.929949197035988,0.0,17.939590044107867,260.0
P0105,1,37,1,2.0824688622951157,0.0,18.917531137704884,480.0
P0105,2,0,0,21.586293991083114,0.0,17.496174871212002,480.0
P0105,3,37,1,2.4895843318667374,0.0,19.096709659216376,480.0
P0105,4,0,0,24.10035920694397,0.0,15.389225124922767,480.0
P0105,5,37,1,7.237107615679847,0.0,16.863251591264124,480.0
P0105,6,0,0,22.470918685162953,0.0,21.766188930516893,480.0
P0021,1,0,0,11.0,0.0,0.0,250.0
P0021,2,0,0,11.0,0.0,0.0,250.0
P0021,3,0,0,11.0,0.0,0.0,250.0
P0021,4,0,0,11.0,0.0,0.0,250.0
P0021,5,0,0,11.0,0.0,0.0,250.0
P0021,6,0,0,11.0,0.0,0.0,250.0
P0110,1,37,1,0.0,2.655049425474008,18.655049425474008,461.0
P0110,2,37,1,17.756257308625663,0.0,19.243742691374337,461.0
P0110,3,0,0,38.71011579456007,0.0,16.046141514065592,461.0
P0110,4,0,0,20.227429360196812,0.0,18.482686434363256,461.0
P0110,5,37,1,0.9866658561122605,0.0,19.24076350408455,461.0
P0110,6,0,0,20.39653892508026,0.0,17.590126931032,461.0
P0025,1,57,1,0.0,23.415356350386674,34.41535635038667,270.0
P0025,2,0,0,35.876123042424986,0.0,21.123876957575014,270.0
P0025,3,57,1,4.122446570920083,0.0,31.753676471504903,270.0
P0025,4,0,0,29.847859666208983,0.0,31.2745869047111,270.0
P0025,5,57,1,14.613007880885556,0.0,15.234851785323427,270.0
P0025,6,0,0,37.40398047806471,0.0,34.20902740282085,270.0
P0104,1,46,1,3.4565199829746547,0.0,19.543480017025345,320.0
P0104,2,46,1,22.547742734579902,0.0,26.908777248394752,320.0
P0104,3,0,0,41.52126647457036,0.0,27.026476260009538,320.0
P0104,4,46,1,16.397470223758503,0.0,25.123796250811857,320.0
P0104,5,0,0,44.27779344223003,0.0,18.119676781528476,320.0
P0104,6,0,0,24.26384552978326,0.0,20.013947912446767,320.0
P0080,1,9,1,0.6826510033509159,0.0,3.317348996649084,1105.0
P0080,2,0,0,4.563501592936133,0.0,5.119149410414783,1105.0
P0080,3,9,1,1.3555814184019508,0.0,3.207920174534182,1105.0
P0080,4,0,0,5.030660332721368,0.0,5.324921085680582,1105.0
P0080,5,9,1,1.5666815708415234,0.0,3.4639787618798445,1105.0
P0080,6,0,0,6.008863182143955,0.0,4.557818388697569,1105.0
P0020,1,0,0,5.0,0.0,0.0,240.0
P0020,2,0,0,5.0,0.0,0.0,240.0
P0020,3,0,0,5.0,0.0,0.0,240.0
P0020,4,0,0,5.0,0.0,0.0,240.0
P0020,5,0,0,5.0,0.0,0.0,240.0
P0020,6,0,0,5.0,0.0,0.0,240.0
P0017,1,0,0,0.0,0.0,0.0,220.0
P0017,2,0,0,0.0,0.0,0.0,220.0
P0017,3,0,0,0.0,0.0,0.0,220.0
P0017,4,0,0,0.0,0.0,0.0,220.0
P0017,5,0,0,0.0,0.0,0.0,220.0
P0017,6,0,0,0.0,0.0,0.0,220.0
P0094,1,43,1,0.0,6.908578131637139,16.90857813163714,245.0
P0094,2,43,1,0.0,20.16128804327467,20.16128804327467,245.0
P0094,3,43,1,19.762967684456072,0.0,23.237032315543928,245.0
P0094,4,0,0,40.85500727662787,0.0,21.907960407828195,245.0
P0094,5,0,0,61.04348139639392,0.0,22.81152588023395,245.0
P0094,6,0,0,39.932165354216984,0.0,21.111316042176938,245.0
P0043,1,17,1,0.0,4.3394901546913065,10.339490154691307,544.0
P0043,2,0,0,12.529047073424518,0.0,4.470952926575482,544.0
P0043,3,17,1,3.0735287534018774,0.0,9.455518320022641,544.0
P0043,4,0,0,10.750702906610005,0.0,9.322825846791872,544.0
P0043,5,17,1,2.6884829955112792,0.0,8.062219911098726,544.0
P0043,6,0,0,11.477176978412954,0.0,8.211306017098325,544.0
P0037,1,23,1,6.167262595251131,0.0,5.832737404748869,600.0
P0037,2,0,0,23.246810624072467,0.0,5.920451971178666,600.0
P0037,3,23,1,7.638383169757452,0.0,15.608427454315015,600.0
P0037,4,0,0,13.868271742805177,0.0,16.770111426952276,600.0
P0037,5,23,1,1.2754230321877067,0.0,12.59284871061747,600.0
P0037,6,0,0,14.21672389588075,0.0,10.058699136306958,600.0
P0051,1,9,1,0.0,4.724567416285265,4.724567416285265,720.0
P0051,2,0,0,5.298329145296238,0.0,3.701670854703762,720.0
P0051,3,9,1,0.0,1.0302563963958882,6.328585541692126,720.0
P0051,4,0,0,5.818384958841605,0.0,3.1816150411583948,720.0
P0051,5,9,1,2.3816846326282706,0.0,3.4367003262133347,720.0
P0051,6,0,0,7.30228888693496,0.0,4.079395745693311,720.0
P0014,1,0,0,20.852194463696005,0.0,3.147805536303994,180.0
P0014,2,25,1,4.165925591761482,0.0,16.686268871934523,180.0
P0014,3,0,0,14.70774751843394,0.0,14.458178073327542,180.0
P0014,4,25,1,7.925629843882255,0.0,6.782117674551685,180.0
P0014,5,0,0,16.13035102892516,0.0,16.795278814957097,180.0
P0014,6,25,1,1.8546293294943155,0.0,14.275721699430843,180.0
P0016,1,64,1,5.1519041087911965,0.0,31.848095891208803,220.0
P0016,2,0,0,37.3038082175824,0.0,31.848095891208803,220.0
P0016,3,64,1,5.455712326373597,0.0,31.848095891208803,220.0
P0016,4,0,0,37.6076164351648,0.0,31.848095891208803,220.0
P0016,5,64,1,5.759520543955997,0.0,31.848095891208803,220.0
P0016,6,0,0,37.9114246527472,0.0,31.848095891208803,220.0
P0073,1,0,0,0.0,0.0,0.0,980.0
P0073,2,0,0,0.0,0.0,0.0,980.0
P0073,3,0,0,0.0,0.0,0.0,980.0
P0073,4,0,0,0.0,0.0,0.0,980.0
P0073,5,0,0,0.0,0.0,0.0,980.0
P0073,6,0,0,0.0,0.0,0.0,980.0
P0107,1,45,1,0.0,3.3241797794568946,16.324179779456895,215.0
P0107,2,45,1,0.0,24.77535943748488,24.77535943748488,215.0
P0107,3,45,1,17.709657595845766,0.0,27.290342404154234,215.0
P0107,4,0,0,38.55754153622624,0.0,24.152116059619527,215.0
P0107,5,0,0,64.11634319224774,0.0,19.441198343978492,215.0
P0107,6,0,0,42.52264876852083,0.0,21.59369442372691,215.0
P0192,1,0,0,9.362184331868384,0.0,10.637815668131616,400.0
P0192,2,18,1,0.0,0.10451385138739155,9.466698183255776,400.0
P0192,3,0,0,10.666679262859553,0.0,7.333320737140447,400.0
P0192,4,18,1,4.490480236364475,0.0,6.176199026495078,400.0
P0192,5,0,0,11.262447327518357,0.0,11.228032908846119,400.0
P0192,6,18,1,3.0548476207027804,0.0,8.207599706815577,400.0
P0002,1,57,1,0.0,38.03596224540379,38.03596224540379,110.0
P0002,2,0,0,43.806580558304475,0.0,13.193419441695521,110.0
P0002,3,57,1,0.0,15.68622265697411,59.492803215278585,110.0
P0002,4,0,0,46.41468489406165,0.0,10.585315105938346,110.0
P0002,5,57,1,1.3359415047454632,0.0,45.07874338931619,110.0
P0002,6,0,0,55.483230670951116,0.0,2.8527108337943488,110.0
P0072,1,0,0,4.481861778309593,0.0,1.5181382216904067,790.0
P0072,2,7,1,2.0718215035291196,0.0,2.4100402747804734,790.0
P0072,3,0,0,5.352719670825804,0.0,3.7191018327033145,790.0
P0072,4,7,1,1.3230902396980362,0.0,4.029629431127768,790.0
P0072,5,0,0,4.529567040585774,0.0,3.793523199112262,790.0
P0072,6,7,1,1.6988937203763497,0.0,2.8306733202094243,790.0
P0091,1,23,1,6.44516118256392,0.0,9.55483881743608,416.0
P0091,2,23,1,0.0,2.2433668345952906,8.68852801715921,416.0
P0091,3,23,1,10.354499741597952,0.0,12.645500258402048,416.0
P0091,4,0,0,20.510466040742422,0.0,12.844033700855526,416.0
P0091,5,0,0,33.290039626468754,0.0,10.220426414273671,416.0
P0091,6,0,0,19.500141573306745,0.0,13.789898053162009,416.0
P0098,1,45,1,0.0,15.460186551168256,21.460186551168256,192.0
P0098,2,45,1,0.0,20.116373117831593,20.116373117831593,192.0
P0098,3,45,1,18.969760359950506,0.0,26.030239640049494,192.0
P0098,4,0,0,42.55386214345903,0.0,21.415898216491478,192.0
P0098,5,0,0,60.71445271320497,0.0,26.839409430254058,192.0
P0098,6,0,0,43.745226035637174,0.0,16.969226677567793,192.0
P0115,1,32,1,4.3600091917452755,0.0,13.639990808254725,200.0
P0115,2,32,1,0.0,11.653273804178463,16.01328299592374,200.0
P0115,3,32,1,13.17988554937951,0.0,18.82011445062049,200.0
P0115,4,0,0,25.01492767701991,0.0,20.164957872359597,200.0
P0115,5,0,0,42.5282581948535,0.0,14.486669482166414,200.0
P0115,6,0,0,30.343998994079243,0.0,12.184259200774255,200.0
P0092,1,16,1,0.0,0.6333088435552003,7.6333088435552,480.0
P0092,2,0,0,9.530845725989376,0.0,6.469154274010624,480.0
P0092,3,16,1,1.103597939732472,0.0,8.427247786256904,480.0
P0092,4,0,0,13.207259955676387,0.0,3.8963379840560872,480.0
P0092,5,16,1,3.144699381356544,0.0,10.062560574319843,480.0
P0092,6,0,0,10.407036848274796,0.0,8.73766253308175,480.0
P0078,1,23,1,0.0,5.0685390652284,11.0685390652284,935.0
P0078,2,0,0,11.9314609347716,0.0,11.0685390652284,935.0
P0078,3,23,1,0.8629218695432002,0.0,11.0685390652284,935.0
P0078,4,0,0,12.7943828043148,0.0,11.0685390652284,935.0
P0078,5,23,1,1.7258437390864003,0.0,11.0685390652284,935.0
P0078,6,0,0,13.657304673858,0.0,11.0685390652284,935.0
P0088,1,15,1,0.0,3.110711691102919,9.11071169110292,464.0
P0088,2,15,1,0.0,5.77053446880138,5.77053446880138,464.0
P0088,3,0,0,7.046821874230054,0.0,7.953178125769946,464.0
P0088,4,0,0,15.355302787776896,0.0,6.69151908645316,464.0
P0088,5,0,0,8.63258700942319,0.0,6.722715778353706,464.0
P0088,6,15,1,2.8613894525451817,0.0,5.7711975568780085,464.0
P0069,1,0,0,0.0,0.0,0.0,850.0
P0069,2,0,0,0.0,0.0,0.0,850.0
P0069,3,0,0,0.0,0.0,0.0,850.0
P0069,4,0,0,0.0,0.0,0.0,850.0
P0069,5,0,0,0.0,0.0,0.0,850.0
P0069,6,0,0,0.0,0.0,0.0,850.0
P0190,1,26,1,0.0,5.090772517275566,12.090772517275566,280.0
P0190,2,0,0,13.279478852030607,0.0,12.720521147969393,280.0
P0190,3,26,1,0.0,3.8824373475024494,17.161916199533056,280.0
P0190,4,26,1,9.285565087850461,0.0,16.71443491214954,280.0
P0190,5,0,0,25.055488009013626,0.0,10.230077078836832,280.0
P0190,6,0,0,17.737181124481378,0.0,7.318306884532248,280.0
P0015,1,0,0,5.825582631301304,0.0,7.174417368698696,210.0
P0015,2,11,1,3.539782497012001,0.0,2.2858001342893033,210.0
P0015,3,0,0,8.47008397237131,0.0,6.069698524640692,210.0
P0015,4,11,1,4.084756973393258,0.0,4.3853269989780514,210.0
P0015,5,0,0,9.757739088087494,0.0,5.327017885305764,210.0
P0015,6,11,1,3.476849310698399,0.0,6.280889777389095,210.0
P0068,1,0,0,1.0,0.0,0.0,833.0
P0068,2,0,0,1.0,0.0,0.0,833.0
P0068,3,0,0,1.0,0.0,0.0,833.0
P0068,4,0,0,1.0,0.0,0.0,833.0
P0068,5,0,0,1.0,0.0,0.0,833.0
P0068,6,0,0,1.0,0.0,0.0,833.0
P0046,1,21,1,2.662824754848229,0.0,5.337175245151771,288.0
P0046,2,21,1,9.01634230430259,0.0,14.64648245054564,288.0
P0046,3,0,0,16.678572077997604,0.0,13.337770226304986,288.0
P0046,4,21,1,9.051444141906256,0.0,7.627127936091348,288.0
P0046,5,0,0,19.71981064511219,0.0,10.331633496794067,288.0
P0046,6,21,1,8.981057193428427,0.0,10.738753451683763,288.0
P0004,1,0,0,0.0,0.0,0.0,120.0
P0004,2,0,0,0.0,0.0,0.0,120.0
P0004,3,0,0,0.0,0.0,0.0,120.0
P0004,4,0,0,0.0,0.0,0.0,120.0
P0004,5,0,0,0.0,0.0,0.0,120.0
P0004,6,0,0,0.0,0.0,0.0,120.0
P0013,1,0,0,0.0,0.0,0.0,180.0
P0013,2,0,0,0.0,0.0,0.0,180.0
P0013,3,0,0,0.0,0.0,0.0,180.0
P0013,4,0,0,0.0,0.0,0.0,180.0
P0013,5,0,0,0.0,0.0,0.0,180.0
P0013,6,0,0,0.0,0.0,0.0,180.0
P0012,1,0,0,15.0,0.0,0.0,180.0
P0012,2,0,0,15.0,0.0,0.0,180.0
P0012,3,0,0,15.0,0.0,0.0,180.0
P0012,4,0,0,15.0,0.0,0.0,180.0
P0012,5,0,0,15.0,0.0,0.0,180.0
P0012,6,0,0,15.0,0.0,0.0,180.0
P0008,1,0,0,13.0,0.0,0.0,175.0
P0008,2,0,0,13.0,0.0,0.0,175.0
P0008,3,0,0,13.0,0.0,0.0,175.0
P0008,4,0,0,13.0,0.0,0.0,175.0
P0008,5,0,0,13.0,0.0,0.0,175.0
P0008,6,0,0,13.0,0.0,0.0,175.0
P0022,1,0,0,16.0,0.0,0.0,250.0
P0022,2,0,0,16.0,0.0,0.0,250.0
P0022,3,0,0,16.0,0.0,0.0,250.0
P0022,4,0,0,16.0,0.0,0.0,250.0
P0022,5,0,0,16.0,0.0,0.0,250.0
P0022,6,0,0,16.0,0.0,0.0,250.0
P0044,1,17,1,0.0,0.4821039623469723,8.482103962346972,416.0
P0044,2,0,0,8.536766266272796,0.0,8.463233733727204,416.0
P0044,3,17,1,0.0,2.2937466288976704,10.830512895170466,416.0
P0044,4,17,1,8.2621028134737,0.0,8.7378971865263,416.0
P0044,5,0,0,19.451893927338002,0.0,5.810208886135697,416.0
P0044,6,0,0,11.861437536110614,0.0,7.590456391227388,416.0
P0178,1,60,1,25.754259778029585,0.0,34.245740221970415,82.0
P0178,2,0,0,51.95044575239405,0.0,33.80381402563554,82.0
P0178,3,60,1,19.555597848772962,0.0,32.39484790362109,82.0
P0178,4,0,0,47.19773278912507,0.0,32.35786505964789,82.0
P0178,5,60,1,22.78401998541674,0.0,24.41371280370833,82.0
P0178,6,0,0,62.77773421188298,0.0,20.006285773533754,82.0
P0062,1,14,1,0.0,1.787520081067008,10.787520081067008,360.0
P0062,2,0,0,12.740220340931117,0.0,1.2597796590688835,360.0
P0062,3,14,1,5.705913221170157,0.0,7.03430711976096,360.0
P0062,4,0,0,11.261715483946915,0.0,8.444197737223242,360.0
P0062,5,14,1,5.657835804531633,0.0,5.603879679415282,360.0
P0062,6,0,0,13.088367902590058,0.0,6.569467901941575,360.0
P0188,1,24,1,0.0,1.1757487364857653,14.175748736485765,216.0
P0188,2,0,0,13.308480886696225,0.0,10.691519113303775,216.0
P0188,3,24,1,4.737459966910659,0.0,8.571020919785566,216.0
P0188,4,0,0,15.98229039873996,0.0,12.7551695681707,216.0
P0188,5,24,1,2.8513629608891833,0.0,13.130927437850776,216.0
P0188,6,0,0,15.504718460286039,0.0,11.346644500603144,216.0
P0067,1,0,0,0.0,0.0,0.0,722.0
P0067,2,0,0,0.0,0.0,0.0,722.0
P0067,3,0,0,0.0,0.0,0.0,722.0
P0067,4,0,0,0.0,0.0,0.0,722.0
P0067,5,0,0,0.0,0.0,0.0,722.0
P0067,6,0,0,0.0,0.0,0.0,722.0
P0052,1,7,1,0.0,2.266662042426849,4.266662042426849,552.0
P0052,2,0,0,3.6223253471108197,0.0,3.3776746528891803,552.0
P0052,3,7,1,0.0,0.19678339725696814,3.819108744367788,552.0
P0052,4,0,0,4.7177482241334,0.0,2.2822517758666003,552.0
P0052,5,7,1,1.8263251733301278,0.0,2.8914230508032723,552.0
P0052,6,0,0,6.5552469622365015,0.0,2.2710782110936263,552.0
P0222,1,26,1,0.0,8.80280189866145,14.80280189866145,210.0
P0222,2,0,0,16.649434424363708,0.0,9.350565575636292,210.0
P0222,3,26,1,0.893830607290802,0.0,15.755603817072906,210.0
P0222,4,0,0,15.536675341710023,0.0,11.35715526558078,210.0
P0222,5,26,1,0.0,0.15645892807516226,15.693134269785185,210.0
P0222,6,0,0,15.312949477299853,0.0,10.687050522700147,210.0
P0071,1,0,0,0.0,0.0,0.0,637.0
P0071,2,0,0,0.0,0.0,0.0,637.0
P0071,3,0,0,0.0,0.0,0.0,637.0
P0071,4,0,0,0.0,0.0,0.0,637.0
P0071,5,0,0,0.0,0.0,0.0,637.0
P0071,6,0,0,0.0,0.0,0.0,637.0
P0076,1,8,1,2.2490038475412986,0.0,3.7509961524587014,595.0
P0076,2,0,0,5.370884871822313,0.0,4.878118975718986,595.0
P0076,3,8,1,1.6832417469665812,0.0,3.687643124855732,595.0
P0076,4,0,0,6.857513627501347,0.0,2.825728119465235,595.0
P0076,5,8,1,3.4655195901711697,0.0,3.391994037330177,595.0
P0076,6,0,0,7.610773459799811,0.0,3.854746130371358,595.0
P0045,1,10,1,2.4931132997727703,0.0,6.50688670022723,388.0
P0045,2,0,0,8.60644459373469,0.0,3.88666870603808,388.0
P0045,3,10,1,3.6683851689169664,0.0,4.938059424817723,388.0
P0045,4,0,0,11.0875620781577,0.0,2.5808230907592677,388.0
P0045,5,10,1,4.578568089342207,0.0,6.508993988815492,388.0
P0045,6,0,0,9.977089687279214,0.0,4.601478402062992,388.0
P0042,1,0,0,12.526461149081822,0.0,5.473538850918179,320.0
P0042,2,0,0,6.931404099768579,0.0,5.595057049313243,320.0
P0042,3,13,1,0.0,0.4951336872404326,7.4265377870090115,320.0
P0042,4,0,0,6.971429518957578,0.0,6.028570481042422,320.0
P0042,5,13,1,0.0,0.18587000113727026,7.157299520094848,320.0
P0042,6,0,0,6.436127336267402,0.0,6.563872663732598,320.0
P0066,1,7,1,3.2469686975465084,0.0,4.753031302453492,552.0
P0066,2,0,0,9.298171624381045,0.0,0.9487970731654629,552.0
P0066,3,0,0,3.6242661274709302,0.0,5.673905496910114,552.0
P0066,4,0,0,3.5009705949708034,0.0,0.12329553250012676,552.0
P0066,5,7,1,0.0,0.8867326255188135,4.387703220489617,552.0
P0066,6,0,0,3.4037625514964787,0.0,3.5962374485035213,552.0
P0147,1,137,1,0.0,38.99816119287377,60.99816119287377,38.0
P0147,2,137,1,68.07188506960911,0.0,68.92811493039089,38.0
P0147,3,0,0,138.15575873420244,0.0,66.91612633540667,38.0
P0147,4,137,1,59.976201561760845,0.0,78.17955717244159,38.0
P0147,5,0,0,120.21964447672704,0.0,76.75655708503379,38.0
P0147,6,137,1,61.285312128866664,0.0,58.934332347860376,38.0
P0026,1,0,0,0.0,0.0,0.0,275.0
P0026,2,0,0,0.0,0.0,0.0,275.0
P0026,3,0,0,0.0,0.0,0.0,275.0
P0026,4,0,0,0.0,0.0,0.0,275.0
P0026,5,0,0,0.0,0.0,0.0,275.0
P0026,6,0,0,0.0,0.0,0.0,275.0
P0040,1,18,1,1.2667328009101695,0.0,8.73326719908983,224.0
P0040,2,18,1,7.839262666987837,0.0,11.427470133922332,224.0
P0040,3,0,0,16.431957789970042,0.0,9.407304877017793,224.0
P0040,4,0,0,9.528413503854749,0.0,6.903544286115293,224.0
P0040,5,18,1,0.441230220344087,0.0,9.087183283510662,224.0
P0040,6,0,0,10.102641847580875,0.0,8.338588372763214,224.0
P0189,1,30,1,0.0,8.565055145593126,13.565055145593126,144.0
P0189,2,30,1,0.0,14.382117193782452,14.382117193782452,144.0
P0189,3,30,1,13.467217108569358,0.0,16.532782891430642,144.0
P0189,4,0,0,29.01023744073334,0.0,14.456979667836015,144.0
P0189,5,0,0,44.04594901814421,0.0,14.96428842258913,144.0
P0189,6,0,0,30.60901812417335,0.0,13.436930893970864,144.0
P0221,1,32,1,0.0,5.3278222597822165,16.327822259782216,165.0
P0221,2,32,1,14.012165456510779,0.0,17.98783454348922,165.0
P0221,3,0,0,31.10465266758639,0.0,14.90751278892439,165.0
P0221,4,0,0,16.105723427740934,0.0,14.998929239845458,165.0
P0221,5,32,1,0.0,0.25560578841851367,16.361329216159447,165.0
P0221,6,0,0,16.893777009510682,0.0,15.106222990489318,165.0
P0011,1,0,0,0.0,0.0,0.0,170.0
P0011,2,0,0,0.0,0.0,0.0,170.0
P0011,3,0,0,0.0,0.0,0.0,170.0
P0011,4,0,0,0.0,0.0,0.0,170.0
P0011,5,0,0,0.0,0.0,0.0,170.0
P0011,6,0,0,0.0,0.0,0.0,170.0
P0109,1,0,0,16.679650592624334,0.0,13.320349407375666,135.0
P0109,2,33,1,0.0,2.192778375630848,18.872428968255182,135.0
P0109,3,33,1,0.0,21.35402342663404,21.35402342663404,135.0
P0109,4,33,1,14.087321256605122,0.0,18.912678743394878,135.0
P0109,5,0,0,37.65207195483088,0.0,9.435249301774242,135.0
P0109,6,0,0,55.22732530720883,0.0,15.424746647622056,135.0
P0219,1,32,1,0.0,7.913870825062855,17.913870825062855,165.0
P0219,2,32,1,0.0,20.390249133827716,20.390249133827716,165.0
P0219,3,0,0,15.88357680321614,0.0,16.11642319678386,165.0
P0219,4,0,0,35.52380411473716,0.0,12.359772688478984,165.0
P0219,5,0,0,24.587346793509347,0.0,10.936457321227813,165.0
P0219,6,32,1,8.852028048689526,0.0,15.735318744819821,165.0
P0060,1,30,1,0.0,9.132038682965899,12.132038682965899,420.0
P0060,2,30,1,12.78117161145516,0.0,17.21882838854484,420.0
P0060,3,0,0,24.76062642948365,0.0,18.020545181971514,420.0
P0060,4,30,1,10.17010523807828,0.0,14.59052119140537,420.0
P0060,5,0,0,26.80334998496074,0.0,13.366755253117539,420.0
P0060,6,30,1,13.011614574985654,0.0,13.791735409975086,420.0
P0056,1,0,0,7.157564751611559,0.0,5.842435248388441,280.0
P0056,2,14,1,0.037735916165575034,0.0,7.1198288354459836,280.0
P0056,3,0,0,7.872292365516824,0.0,6.165443550648751,280.0
P0056,4,14,1,2.665438649856802,0.0,5.206853715660022,280.0
P0056,5,0,0,8.99526710644321,0.0,7.670171543413593,280.0
P0056,6,14,1,0.16282525952764537,0.0,8.832441846915565,280.0
P0177,1,81,1,21.338408026614175,0.0,38.661591973385825,56.0
P0177,2,0,0,69.07954503282339,0.0,33.258862993790785,56.0
P0177,3,81,1,28.79977276415201,0.0,40.27977226867138,56.0
P0177,4,0,0,58.2921168405018,0.0,51.50765592365021,56.0
P0177,5,81,1,20.498620395493155,0.0,37.79349644500864,56.0
P0177,6,0,0,61.487279781775875,0.0,40.01134061371729,56.0
P0230,1,0,0,0.0,0.0,0.0,270.0
P0230,2,0,0,0.0,0.0,0.0,270.0
P0230,3,0,0,0.0,0.0,0.0,270.0
P0230,4,0,0,0.0,0.0,0.0,270.0
P0230,5,0,0,0.0,0.0,0.0,270.0
P0230,6,0,0,0.0,0.0,0.0,270.0
P0096,1,44,1,0.0,8.001790771201659,23.00179077120166,98.0
P0096,2,44,1,0.0,24.552487316952874,24.552487316952874,98.0
P0096,3,44,1,13.741850339228655,0.0,30.258149660771345,98.0
P0096,4,0,0,39.456812929623894,0.0,18.285037409604758,98.0
P0096,5,0,0,64.04258347681942,0.0,19.414229452804474,98.0
P0096,6,0,0,47.803369242199196,0.0,16.23921423462022,98.0
P0028,1,0,0,0.0,0.0,0.0,105.0
P0028,2,0,0,0.0,0.0,0.0,105.0
P0028,3,0,0,0.0,0.0,0.0,105.0
P0028,4,0,0,0.0,0.0,0.0,105.0
P0028,5,0,0,0.0,0.0,0.0,105.0
P0028,6,0,0,0.0,0.0,0.0,105.0
P0029,1,0,0,0.0,0.0,0.0,80.0
P0029,2,0,0,0.0,0.0,0.0,80.0
P0029,3,0,0,0.0,0.0,0.0,80.0
P0029,4,0,0,0.0,0.0,0.0,80.0
P0029,5,0,0,0.0,0.0,0.0,80.0
P0029,6,0,0,0.0,0.0,0.0,80.0
P0055,1,10,1,2.9950047298357103,0.0,3.0049952701642897,304.0
P0055,2,0,0,9.65100419931073,0.0,3.34400053052498,304.0
P0055,3,10,1,4.479181512142689,0.0,5.171822687168041,304.0
P0055,4,0,0,9.926298041377702,0.0,4.552883470764986,304.0
P0055,5,0,0,6.0683276060271805,0.0,3.857970435350522,304.0
P0055,6,10,1,0.0,1.1800451174706756,7.248372723497856,304.0
P0005,1,34,1,7.869361737583915,0.0,22.130638262416085,130.0
P0005,2,0,0,26.62619830118872,0.0,15.243163436395196,130.0
P0005,3,0,0,18.76615596237171,0.0,7.860042338817009,130.0
P0005,4,34,1,0.7604599306169888,0.0,18.00569603175472,130.0
P0005,5,34,1,9.888655006450968,0.0,24.87180492416602,130.0
P0005,6,0,0,30.220647642527524,0.0,13.668007363923442,130.0
P0001,1,0,0,7.0,0.0,0.0,95.0
P0001,2,0,0,7.0,0.0,0.0,95.0
P0001,3,0,0,7.0,0.0,0.0,95.0
P0001,4,0,0,7.0,0.0,0.0,95.0
P0001,5,0,0,7.0,0.0,0.0,95.0
P0001,6,0,0,7.0,0.0,0.0,95.0
P0186,1,0,0,9.308289073123948,0.0,4.691710926876053,152.0
P0186,2,15,1,4.810740600919036,0.0,4.497548472204912,152.0
P0186,3,0,0,11.956626936403913,0.0,7.854113664515124,152.0
P0186,4,15,1,5.997709310527931,0.0,5.958917625875982,152.0
P0186,5,0,0,12.373936181533601,0.0,8.62377312899433,152.0
P0186,6,15,1,0.0,0.2106397160421345,12.584575897575736,152.0
P0090,1,0,0,8.979288050663639,0.0,4.020711949336361,280.0
P0090,2,14,1,4.153882973393085,0.0,4.825405077270554,280.0
P0090,3,0,0,11.538859928099727,0.0,6.615023045293357,280.0
P0090,4,14,1,1.5945787210143738,0.0,9.944281207085353,280.0
P0090,5,14,1,6.0226646530735675,0.0,9.571914067940806,280.0
P0090,6,0,0,15.217485412092502,0.0,4.805179240981067,280.0
P0019,1,0,0,0.0,0.0,0.0,235.0
P0019,2,0,0,0.0,0.0,0.0,235.0
P0019,3,0,0,0.0,0.0,0.0,235.0
P0019,4,0,0,0.0,0.0,0.0,235.0
P0019,5,0,0,0.0,0.0,0.0,235.0
P0019,6,0,0,0.0,0.0,0.0,235.0
P0112,1,41,1,9.49834241861399,0.0,22.50165758138601,88.0
P0112,2,41,1,0.0,14.357584866871282,23.855927285485272,88.0
P0112,3,41,1,13.25775360417651,0.0,27.74224639582349,88.0
P0112,4,0,0,45.470452402937894,0.0,8.787301201238622,88.0
P0112,5,0,0,71.70601309904389,0.0,14.764439303894006,88.0
P0112,6,0,0,46.61601973833497,0.0,25.08999336070892,88.0
P0089,1,10,1,0.8644936413590978,0.0,4.135506358640902,360.0
P0089,2,0,0,4.886999601719667,0.0,5.97749403963943,360.0
P0089,3,10,1,4.239940259163604,0.0,0.6470593425560632,360.0
P0089,4,0,0,10.135435721992167,0.0,4.104504537171437,360.0
P0089,5,10,1,4.008875813679334,0.0,6.126559908312832,360.0
P0089,6,0,0,7.811070438021441,0.0,6.197805375657894,360.0
P0054,1,0,0,11.0029268751053,0.0,2.997073124894699,320.0
P0054,2,0,0,6.718904430082246,0.0,4.284022445023055,320.0
P0054,3,11,1,0.0,0.5071623277488673,7.226066757831113,320.0
P0054,4,0,0,7.730897954628377,0.0,3.269102045371623,320.0
P0054,5,11,1,1.9664888646033782,0.0,5.764409090024999,320.0
P0054,6,0,0,5.51011856039728,0.0,7.456370304206097,320.0
P0038,1,0,0,5.041515790289673,0.0,3.9584842097103268,680.0
P0038,2,0,0,3.1570214408257207,0.0,1.8844943494639526,680.0
P0038,3,0,0,2.7329886060048705,0.0,0.4240328348208502,680.0
P0038,4,0,0,2.7329886060048705,0.0,0.0,680.0
P0038,5,5,1,0.0,0.3069448477788912,3.0399334537837617,680.0
P0038,6,5,1,1.7362164355126901,0.0,3.26378356448731,680.0
P0158,1,96,1,0.0,25.454541256051556,41.454541256051556,32.0
P0158,2,0,0,53.707277212260315,0.0,42.292722787739685,32.0
P0158,3,96,1,2.6264438046911494,0.0,51.080833407569166,32.0
P0158,4,96,1,45.5849329508156,0.0,53.04151085387555,32.0
P0158,5,0,0,95.28141982555852,0.0,46.30351312525707,32.0
P0158,6,96,1,41.81725571946335,0.0,53.46416410609517,32.0
P0058,1,11,1,0.0,8.708549392649259,9.708549392649259,280.0
P0058,2,0,0,7.392952983706594,0.0,3.6070470162934063,280.0
P0058,3,0,0,5.146763067047389,0.0,2.2461899166592048,280.0
P0058,4,11,1,0.0,0.19014946525973642,5.336912532307125,280.0
P0058,5,0,0,6.790684595984673,0.0,4.209315404015327,280.0
P0058,6,11,1,1.2772604384519584,0.0,5.5134241575327145,280.0
P0179,1,0,0,70.0,0.0,0.0,58.0
P0179,2,0,0,70.0,0.0,0.0,58.0
P0179,3,0,0,70.0,0.0,0.0,58.0
P0179,4,0,0,70.0,0.0,0.0,58.0
P0179,5,0,0,70.0,0.0,0.0,58.0
P0179,6,0,0,70.0,0.0,0.0,58.0
P0232,1,14,1,0.0,4.273773468293443,7.273773468293443,280.0
P0232,2,14,1,0.0,6.093531641038787,6.093531641038787,280.0
P0232,3,14,1,2.7082554825569414,0.0,11.291744517443059,280.0
P0232,4,0,0,13.518735427783833,0.0,3.1895200547731104,280.0
P0232,5,0,0,17.43256552293022,0.0,10.086169904853614,280.0
P0232,6,0,0,15.880344710111439,0.0,1.5522208128187798,280.0
P0087,1,0,0,0.0,0.0,0.0,304.0
P0087,2,0,0,0.0,0.0,0.0,304.0
P0087,3,0,0,0.0,0.0,0.0,304.0
P0087,4,0,0,0.0,0.0,0.0,304.0
P0087,5,0,0,0.0,0.0,0.0,304.0
P0087,6,0,0,0.0,0.0,0.0,304.0
P0157,1,81,1,0.0,12.454995314177253,37.45499531417725,38.0
P0157,2,81,1,23.721970790335668,0.0,57.27802920966433,38.0
P0157,3,0,0,71.56978841810204,0.0,33.152182372233625,38.0
P0157,4,81,1,37.80714811100659,0.0,33.762640307095445,38.0
P0157,5,0,0,82.78178086686151,0.0,36.02536724414508,38.0
P0157,6,81,1,39.73175125414849,0.0,43.05002961271302,38.0
P0086,1,23,1,3.1725938346121474,0.0,12.827406165387853,200.0
P0086,2,23,1,0.0,10.477891505026063,13.65048533963821,200.0
P0086,3,0,0,11.890507927759595,0.0,11.109492072240405,200.0
P0086,4,0,0,23.39709570923599,0.0,11.493412218523602,200.0
P0086,5,0,0,13.060965505067948,0.0,10.336130204168043,200.0
P0086,6,23,1,4.8968498258291255,0.0,8.164115679238822,200.0
P0220,1,35,1,0.0,13.773461355842183,22.773461355842183,130.0
P0220,2,35,1,0.0,24.913989052944554,24.913989052944554,130.0
P0220,3,35,1,16.422291571840432,0.0,18.577708428159568,130.0
P0220,4,0,0,38.526800835187885,0.0,12.895490736652548,130.0
P0220,5,0,0,61.183796028044085,0.0,12.343004807143803,130.0
P0220,6,0,0,48.03864905019061,0.0,13.145146977853477,130.0
P0006,1,24,1,11.527416620394561,0.0,3.4725833796054393,145.0
P0006,2,0,0,29.239095070414514,0.0,6.288321549980047,145.0
P0006,3,0,0,23.285578987646794,0.0,5.95351608276772,145.0
P0006,4,24,1,1.1591189757047289,0.0,22.126460011942065,145.0
P0006,5,24,1,0.0,5.250809904426376,30.409928880131105,145.0
P0006,6,0,0,21.156898449285276,0.0,2.843101550714725,145.0
P0223,1,0,0,9.0,0.0,0.0,1235.0
P0223,2,0,0,9.0,0.0,0.0,1235.0
P0223,3,0,0,9.0,0.0,0.0,1235.0
P0223,4,0,0,9.0,0.0,0.0,1235.0
P0223,5,0,0,9.0,0.0,0.0,1235.0
P0223,6,0,0,9.0,0.0,0.0,1235.0
P0095,1,48,1,0.0,25.698550866463492,44.69855086646349,75.0
P0095,2,48,1,0.0,36.000102143398685,36.000102143398685,75.0
P0095,3,0,0,32.240302203429394,0.0,15.759697796570606,75.0
P0095,4,0,0,70.92232017649943,0.0,9.317982026929965,75.0
P0095,5,0,0,51.320762054160454,0.0,19.60155812233897,75.0
P0095,6,0,0,33.79954395535236,0.0,17.521218098808088,75.0
P0145,1,101,1,0.0,30.147541975085737,50.14754197508574,28.0
P0145,2,101,1,0.0,69.49941065443677,69.49941065443677,28.0
P0145,3,101,1,48.85840074031581,0.0,52.14159925968419,28.0
P0145,4,0,0,104.01055292865487,0.0,45.84784781166092,28.0
P0145,5,0,0,177.85003032072723,0.0,27.16052260792764,28.0
P0145,6,0,0,120.93213257566684,0.0,56.91789774506039,28.0
P0074,1,0,0,3.176539542067273,0.0,2.823460457932727,1190.0
P0074,2,0,0,3.176539542067273,0.0,0.0,1190.0
P0074,3,3,1,0.6110949738971141,0.0,2.5654445681701588,1190.0
P0074,4,0,0,2.955835909018511,0.0,0.655259064878603,1190.0
P0074,5,0,0,2.130463802178986,0.0,0.825372106839525,1190.0
P0074,6,0,0,2.050821476389317,0.0,0.07964232578966937,1190.0
P0114,1,0,0,16.0,0.0,0.0,135.0
P0114,2,0,0,16.0,0.0,0.0,135.0
P0114,3,0,0,16.0,0.0,0.0,135.0
P0114,4,0,0,16.0,0.0,0.0,135.0
P0114,5,0,0,16.0,0.0,0.0,135.0
P0114,6,0,0,16.0,0.0,0.0,135.0
P0159,1,78,1,0.0,21.854001864930503,43.8540018649305,28.0
P0159,2,78,1,0.0,59.14274700879114,59.14274700879114,28.0
P0159,3,78,1,33.930560930347376,0.0,44.069439069652624,28.0
P0159,4,0,0,77.19280662752149,0.0,34.73775430282589,28.0
P0159,5,0,0,135.61833981153285,0.0,19.57446681598863,28.0
P0159,6,0,0,103.5580188392978,0.0,32.06032097223504,28.0
P0075,1,0,0,4.451402578389698,0.0,0.5485974216103023,850.0
P0075,2,0,0,4.004286149798704,0.0,0.44711642859099443,850.0
P0075,3,0,0,3.811078040296113,0.0,0.19320810950259082,850.0
P0075,4,5,1,0.5721867286066362,0.0,3.2388913116894766,850.0
P0075,5,5,1,1.7864552235820095,0.0,3.785731505024627,850.0
P0075,6,5,1,1.5674380426386287,0.0,5.219017180943381,850.0
P0102,1,41,1,0.0,13.983268573467612,25.983268573467612,65.0
P0102,2,41,1,0.0,24.66480090927782,24.66480090927782,65.0
P0102,3,0,0,20.441496172370954,0.0,20.558503827629046,65.0
P0102,4,0,0,45.80699939704828,0.0,15.634496775322674,65.0
P0102,5,0,0,26.491320308858963,0.0,19.315679088189317,65.0
P0102,6,41,1,12.00024859789328,0.0,14.491071710965683,65.0
P0146,1,74,1,0.0,8.29261210183541,43.29261210183541,38.0
P0146,2,0,0,38.55240056768913,0.0,35.44759943231087,38.0
P0146,3,74,1,0.0,8.115416151803515,46.66781671949265,38.0
P0146,4,0,0,52.899102737194966,0.0,21.10089726280503,38.0
P0146,5,74,1,16.90836390844037,0.0,35.990738828754594,38.0
P0146,6,0,0,52.23926408028931,0.0,38.66909982815107,38.0
P0053,1,0,0,0.0,0.0,0.0,592.0
P0053,2,0,0,0.0,0.0,0.0,592.0
P0053,3,0,0,0.0,0.0,0.0,592.0
P0053,4,0,0,0.0,0.0,0.0,592.0
P0053,5,0,0,0.0,0.0,0.0,592.0
P0053,6,0,0,0.0,0.0,0.0,592.0
P0218,1,34,1,0.0,8.925144868709555,18.925144868709555,95.0
P0218,2,34,1,0.0,22.38857957300538,22.38857957300538,95.0
P0218,3,0,0,16.840434537945512,0.0,17.159565462054488,95.0
P0218,4,0,0,34.44732108453569,0.0,16.39311345340983,95.0
P0218,5,0,0,19.745635061247853,0.0,14.701686023287834,95.0
P0218,6,34,1,9.813761632855186,0.0,9.931873428392667,95.0
P0039,1,14,1,0.0,10.01330754298385,10.01330754298385,184.0
P0039,2,0,0,11.479323245913491,0.0,2.520676754086509,184.0
P0039,3,14,1,1.2452420766795846,0.0,10.234081169233907,184.0
P0039,4,0,0,7.704509111232211,0.0,7.540732965447374,184.0
P0039,5,14,1,1.1462461916801656,0.0,6.558262919552045,184.0
P0039,6,0,0,10.880672350101563,0.0,4.265573841578604,184.0
P0184,1,31,1,0.0,12.010140235352697,21.010140235352697,96.0
P0184,2,31,1,12.38193861024418,0.0,18.61806138975582,96.0
P0184,3,0,0,26.953995943036603,0.0,16.427942667207574,96.0
P0184,4,31,1,12.745047170202747,0.0,14.208948772833855,96.0
P0184,5,0,0,33.603748463912325,0.0,10.141298706290417,96.0
P0184,6,0,0,23.49713969332209,0.0,10.106608770590237,96.0
P0030,1,0,0,0.0,0.0,0.0,130.0
P0030,2,0,0,0.0,0.0,0.0,130.0
P0030,3,0,0,0.0,0.0,0.0,130.0
P0030,4,0,0,0.0,0.0,0.0,130.0
P0030,5,0,0,0.0,0.0,0.0,130.0
P0030,6,0,0,0.0,0.0,0.0,130.0
P0099,1,56,1,0.0,13.087335742777306,23.087335742777306,57.0
P0099,2,56,1,0.0,30.182244329462485,30.182244329462485,57.0
P0099,3,0,0,36.96817437213511,0.0,19.03182562786489,57.0
P0099,4,0,0,58.26104584433332,0.0,34.70712852780179,57.0
P0099,5,56,1,25.047105444047027,0.0,33.21394040028629,57.0
P0099,6,56,1,0.0,1.939146809365024,26.98625225341205,57.0
P0248,1,7,1,0.0,0.9160657174180051,3.916065717418005,360.0
P0248,2,7,1,1.3362286876447076,0.0,5.663771312355292,360.0
P0248,3,0,0,7.105372505883164,0.0,1.2308561817615438,360.0
P0248,4,0,0,4.678167925008221,0.0,2.427204580874943,360.0
P0248,5,7,1,1.8702836754478223,0.0,2.807884249560399,360.0
P0248,6,0,0,6.545264871643608,0.0,2.325018803804214,360.0
P0149,1,86,1,0.0,33.59968747262605,52.59968747262605,22.0
P0149,2,86,1,0.0,37.552163220414506,37.552163220414506,22.0
P0149,3,0,0,53.319454632438415,0.0,32.680545367561585,22.0
P0149,4,0,0,89.72170802599743,0.0,49.597746606440985,22.0
P0149,5,0,0,44.776878804789824,0.0,44.944829221207605,22.0
P0149,6,86,1,7.021216618245646,0.0,37.75566218654418,22.0
P0057,1,0,0,13.0,0.0,0.0,224.0
P0057,2,0,0,13.0,0.0,0.0,224.0
P0057,3,0,0,13.0,0.0,0.0,224.0
P0057,4,0,0,13.0,0.0,0.0,224.0
P0057,5,0,0,13.0,0.0,0.0,224.0
P0057,6,0,0,13.0,0.0,0.0,224.0
P0216,1,30,1,7.748979075618021,0.0,16.25102092438198,82.0
P0216,2,30,1,0.0,8.031179902283355,15.780158977901376,82.0
P0216,3,0,0,18.172738532580873,0.0,11.82726146741913,82.0
P0216,4,0,0,38.490363712318015,0.0,9.682374820262856,82.0
P0216,5,0,0,19.720215309922136,0.0,18.77014840239588,82.0
P0216,6,30,1,3.338606110206065,0.0,16.38160919971607,82.0
P0255,1,12,1,0.0,4.771625589828494,4.771625589828494,246.0
P0255,2,12,1,0.0,6.732203866047369,6.732203866047369,246.0
P0255,3,0,0,8.039212270216382,0.0,3.9607877297836187,246.0
P0255,4,0,0,12.218463820633023,0.0,7.820748449583359,246.0
P0255,5,0,0,8.503610658658037,0.0,3.714853161974985,246.0
P0255,6,12,1,0.6631005040340456,0.0,7.840510154623991,246.0
P0155,1,69,1,0.0,1.8827579910209522,25.882757991020952,22.0
P0155,2,69,1,0.0,33.17070830038714,33.17070830038714,22.0
P0155,3,0,0,37.01823788528196,0.0,31.98176211471804,22.0
P0155,4,0,0,72.21582218892831,0.0,33.802415696353656,22.0
P0155,5,0,0,35.413918329564034,0.0,36.80190385936428,22.0
P0155,6,69,1,0.0,7.942730409333926,43.35664873889796,22.0
P0113,1,27,1,0.0,14.270347054896423,20.270347054896423,75.0
P0113,2,27,1,0.0,11.294854309360094,11.294854309360094,75.0
P0113,3,27,1,11.71156184498469,0.0,15.28843815501531,75.0
P0113,4,0,0,25.754366603241323,0.0,12.957195241743365,75.0
P0113,5,0,0,45.81457510567812,0.0,6.939791497563204,75.0
P0113,6,0,0,34.19965637845185,0.0,11.614918727226268,75.0
P0270,1,0,0,11.973023522078014,0.0,8.026976477921986,90.0
P0270,2,19,1,0.0,1.2365587929964814,13.209582315074496,90.0
P0270,3,19,1,7.827620190815221,0.0,11.172379809184779,90.0
P0270,4,0,0,17.052752492970725,0.0,9.774867697844494,90.0
P0270,5,0,0,10.835355123572688,0.0,6.2173973693980376,90.0
P0270,6,19,1,3.9704071807676895,0.0,6.864947942804998,90.0
P0138,1,68,1,0.0,19.884365611150507,37.88436561115051,22.0
P0138,2,68,1,0.0,34.638502890446105,34.638502890446105,22.0
P0138,3,68,1,32.062451368937815,0.0,35.937548631062185,22.0
P0138,4,0,0,63.30717647478383,0.0,36.755274894153985,22.0
P0138,5,0,0,92.50347181270814,0.0,38.803704662075695,22.0
P0138,6,0,0,73.06446449703932,0.0,19.439007315668817,22.0
P0007,1,0,0,0.0,0.0,0.0,165.0
P0007,2,0,0,0.0,0.0,0.0,165.0
P0007,3,0,0,0.0,0.0,0.0,165.0
P0007,4,0,0,0.0,0.0,0.0,165.0
P0007,5,0,0,0.0,0.0,0.0,165.0
P0007,6,0,0,0.0,0.0,0.0,165.0
P0111,1,39,1,0.0,17.26304755595983,23.26304755595983,45.0
P0111,2,39,1,0.0,11.420366434283839,11.420366434283839,45.0
P0111,3,39,1,14.02316911231415,0.0,24.97683088768585,45.0
P0111,4,0,0,30.33316436443522,0.0,22.69000474787893,45.0
P0111,5,0,0,49.612213969634226,0.0,19.72095039480099,45.0
P0111,6,0,0,36.417120898528246,0.0,13.195093071105982,45.0
P0152,1,90,1,0.0,15.774971279704395,39.774971279704395,18.0
P0152,2,90,1,0.0,77.6161485087714,77.6161485087714,18.0
P0152,3,0,0,55.49560210530572,0.0,34.50439789469428,18.0
P0152,4,0,0,93.17272294728954,0.0,52.32287915801618,18.0
P0152,5,0,0,70.48837114507012,0.0,22.684351802219417,18.0
P0152,6,90,1,28.734676978751494,0.0,41.753694166318624,18.0
P0262,1,0,0,0.0,0.0,0.0,415.0
P0262,2,0,0,0.0,0.0,0.0,415.0
P0262,3,0,0,0.0,0.0,0.0,415.0
P0262,4,0,0,0.0,0.0,0.0,415.0
P0262,5,0,0,0.0,0.0,0.0,415.0
P0262,6,0,0,0.0,0.0,0.0,415.0
P0180,1,0,0,37.04863269853544,0.0,32.95136730146456,32.0
P0180,2,48,1,4.5237388494892485,0.0,32.524893849046194,32.0
P0180,3,0,0,43.688064925913594,0.0,8.835673923575655,32.0
P0180,4,0,0,27.52265198567856,0.0,16.165412940235033,32.0
P0180,5,48,1,8.453696926360909,0.0,19.068955059317652,32.0
P0180,6,48,1,22.84397050682503,0.0,33.609726419535875,32.0
P0070,1,0,0,0.0,0.0,0.0,569.0
P0070,2,0,0,0.0,0.0,0.0,569.0
P0070,3,0,0,0.0,0.0,0.0,569.0
P0070,4,0,0,0.0,0.0,0.0,569.0
P0070,5,0,0,0.0,0.0,0.0,569.0
P0070,6,0,0,0.0,0.0,0.0,569.0
P0208,1,0,0,18.0,0.0,0.0,14.0
P0208,2,0,0,18.0,0.0,0.0,14.0
P0208,3,0,0,18.0,0.0,0.0,14.0
P0208,4,0,0,18.0,0.0,0.0,14.0
P0208,5,0,0,18.0,0.0,0.0,14.0
P0208,6,0,0,18.0,0.0,0.0,14.0
P0009,1,0,0,0.0,0.0,0.0,175.0
P0009,2,0,0,0.0,0.0,0.0,175.0
P0009,3,0,0,0.0,0.0,0.0,175.0
P0009,4,0,0,0.0,0.0,0.0,175.0
P0009,5,0,0,0.0,0.0,0.0,175.0
P0009,6,0,0,0.0,0.0,0.0,175.0
P0032,1,0,0,0.0,0.0,0.0,140.0
P0032,2,0,0,0.0,0.0,0.0,140.0
P0032,3,0,0,0.0,0.0,0.0,140.0
P0032,4,0,0,0.0,0.0,0.0,140.0
P0032,5,0,0,0.0,0.0,0.0,140.0
P0032,6,0,0,0.0,0.0,0.0,140.0
P0018,1,0,0,0.0,0.0,0.0,220.0
P0018,2,0,0,0.0,0.0,0.0,220.0
P0018,3,0,0,0.0,0.0,0.0,220.0
P0018,4,0,0,0.0,0.0,0.0,220.0
P0018,5,0,0,0.0,0.0,0.0,220.0
P0018,6,0,0,0.0,0.0,0.0,220.0
P0176,1,64,1,12.61752387283795,0.0,38.38247612716205,26.0
P0176,2,64,1,0.0,30.01243979348847,42.62996366632642,26.0
P0176,3,64,1,22.117296054829552,0.0,41.88270394517045,26.0
P0176,4,0,0,36.90212795786026,0.0,49.21516809696929,26.0
P0176,5,0,0,86.74305326958363,0.0,14.159074688276636,26.0
P0176,6,0,0,82.13391018238201,0.0,4.609143087201609,26.0
P0194,1,19,1,0.0,5.465980392904019,16.46598039290402,88.0
P0194,2,19,1,0.0,8.603108406168385,8.603108406168385,88.0
P0194,3,0,0,11.849407647361781,0.0,7.150592352638219,88.0
P0194,4,0,0,24.880093032237994,0.0,5.969314615123785,88.0
P0194,5,0,0,19.379679094762366,0.0,5.500413937475629,88.0
P0194,6,19,1,6.758647363572406,0.0,12.62103173118996,88.0
P0156,1,73,1,0.0,4.27631832377384,27.27631832377384,18.0
P0156,2,73,1,0.0,32.65194121652264,32.65194121652264,18.0
P0156,3,73,1,30.33617220174584,0.0,42.66382779825416,18.0
P0156,4,0,0,68.6944138145551,0.0,34.64175838719074,18.0
P0156,5,0,0,117.18116469369572,0.0,24.51324912085939,18.0
P0156,6,0,0,61.057708827410046,0.0,56.123455866285674,18.0
P0269,1,20,1,5.105849653139629,0.0,14.894150346860371,62.0
P0269,2,0,0,17.814438565021593,0.0,7.2914110881180365,62.0
P0269,3,20,1,4.806566334895132,0.0,13.00787223012646,62.0
P0269,4,0,0,12.054059821634397,0.0,12.752506513260734,62.0
P0269,5,20,1,4.522293740740367,0.0,7.531766080894029,62.0
P0269,6,0,0,22.931000575815723,0.0,1.5912931649246418,62.0
P0061,1,0,0,12.398707243828067,0.0,3.601292756171933,280.0
P0061,2,0,0,9.470914780254054,0.0,2.9277924635740136,280.0
P0061,3,0,0,9.445036513492512,0.0,0.025878266761541504,280.0
P0061,4,0,0,6.6118529073157735,0.0,2.8331836061767386,280.0
P0061,5,7,1,0.0,0.051865224906896046,6.6637181322226695,280.0
P0061,6,0,0,4.871880261964369,0.0,2.1281197380356303,280.0
P0191,1,0,0,3.0,0.0,0.0,200.0
P0191,2,0,0,3.0,0.0,0.0,200.0
P0191,3,0,0,3.0,0.0,0.0,200.0
P0191,4,0,0,3.0,0.0,0.0,200.0
P0191,5,0,0,3.0,0.0,0.0,200.0
P0191,6,0,0,3.0,0.0,0.0,200.0
P0212,1,0,0,59.0,0.0,0.0,110.0
P0212,2,0,0,59.0,0.0,0.0,110.0
P0212,3,0,0,59.0,0.0,0.0,110.0
P0212,4,0,0,59.0,0.0,0.0,110.0
P0212,5,0,0,59.0,0.0,0.0,110.0
P0212,6,0,0,59.0,0.0,0.0,110.0
P0010,1,0,0,0.0,0.0,0.0,175.0
P0010,2,0,0,0.0,0.0,0.0,175.0
P0010,3,0,0,0.0,0.0,0.0,175.0
P0010,4,0,0,0.0,0.0,0.0,175.0
P0010,5,0,0,0.0,0.0,0.0,175.0
P0010,6,0,0,0.0,0.0,0.0,175.0
P0048,1,0,0,0.0,0.0,0.0,96.0
P0048,2,0,0,0.0,0.0,0.0,96.0
P0048,3,0,0,0.0,0.0,0.0,96.0
P0048,4,0,0,0.0,0.0,0.0,96.0
P0048,5,0,0,0.0,0.0,0.0,96.0
P0048,6,0,0,0.0,0.0,0.0,96.0
P0097,1,0,0,17.0,0.0,0.0,69.0
P0097,2,0,0,17.0,0.0,0.0,69.0
P0097,3,0,0,17.0,0.0,0.0,69.0
P0097,4,0,0,17.0,0.0,0.0,69.0
P0097,5,0,0,17.0,0.0,0.0,69.0
P0097,6,0,0,17.0,0.0,0.0,69.0
P0150,1,95,1,33.59562599917658,0.0,43.40437400082342,18.0
P0150,2,95,1,0.0,16.37798604325001,49.973612042426595,18.0
P0150,3,95,1,28.615305195050368,0.0,66.38469480494963,18.0
P0150,4,0,0,75.5112707885892,0.0,48.10403440646116,18.0
P0150,5,0,0,135.130809672453,0.0,35.38046111613619,18.0
P0150,6,0,0,94.62105823108996,0.0,40.50975144136305,18.0
P0144,1,0,0,18.0,0.0,0.0,24.0
P0144,2,0,0,18.0,0.0,0.0,24.0
P0144,3,0,0,18.0,0.0,0.0,24.0
P0144,4,0,0,18.0,0.0,0.0,24.0
P0144,5,0,0,18.0,0.0,0.0,24.0
P0144,6,0,0,18.0,0.0,0.0,24.0
P0185,1,12,1,0.7784861475953342,0.0,5.221513852404666,112.0
P0185,2,0,0,12.029319367853338,0.0,0.7491667797419961,112.0
P0185,3,0,0,5.8895676536647095,0.0,6.139751714188629,112.0
P0185,4,12,1,0.0,7.2246601134211055,13.114227767085815,112.0
P0185,5,0,0,6.6074551880600945,0.0,5.3925448119399055,112.0
P0185,6,12,1,3.1365934492275773,0.0,3.470861738832517,112.0
P0083,1,0,0,0.0,0.0,0.0,765.0
P0083,2,0,0,0.0,0.0,0.0,765.0
P0083,3,0,0,0.0,0.0,0.0,765.0
P0083,4,0,0,0.0,0.0,0.0,765.0
P0083,5,0,0,0.0,0.0,0.0,765.0
P0083,6,0,0,0.0,0.0,0.0,765.0
P0081,1,0,0,0.0,0.0,0.0,935.0
P0081,2,0,0,0.0,0.0,0.0,935.0
P0081,3,0,0,0.0,0.0,0.0,935.0
P0081,4,0,0,0.0,0.0,0.0,935.0
P0081,5,0,0,0.0,0.0,0.0,935.0
P0081,6,0,0,0.0,0.0,0.0,935.0
P0201,1,22,1,0.0,16.036656215136603,38.0366562151366,9.0
P0201,2,22,1,0.0,1.6056697732331457,1.6056697732331457,9.0
P0201,3,0,0,17.92711396955721,0.0,4.072886030442789,9.0
P0201,4,0,0,21.527976567712027,0.0,18.399137401845184,9.0
P0201,5,0,0,21.527976567712027,0.0,0.0,9.0
P0201,6,0,0,19.034809936288834,0.0,2.4931666314231933,9.0
P0136,1,108,1,0.0,38.19889174283867,50.19889174283867,12.0
P0136,2,108,1,0.0,42.08369856507545,42.08369856507545,12.0
P0136,3,108,1,28.6054003040433,0.0,79.3945996959567,12.0
P0136,4,0,0,116.23390228437512,0.0,20.371498019668188,12.0
P0136,5,0,0,161.99486852750374,0.0,62.239033756871365,12.0
P0136,6,0,0,93.03568731538294,0.0,68.9591812121208,12.0
P0267,1,23,1,0.0,18.780633112639936,27.780633112639936,58.0
P0267,2,0,0,12.58803074421877,0.0,10.41196925578123,58.0
P0267,3,0,0,12.58803074421877,0.0,0.0,58.0
P0267,4,23,1,0.0,1.8234265422873968,14.411457286506167,58.0
P0267,5,0,0,20.824364953277506,0.0,2.175635046722495,58.0
P0267,6,23,1,7.877607613666262,0.0,12.946757339611244,58.0
P0050,1,18,1,0.0,1.280720328661694,8.280720328661694,84.0
P0050,2,18,1,1.1612911428994614,0.0,16.83870885710054,84.0
P0050,3,0,0,14.890156886624101,0.0,4.27113425627536,84.0
P0050,4,0,0,10.51138443856093,0.0,4.378772448063172,84.0
P0050,5,18,1,0.0,0.3789555508266389,10.890339989387568,84.0
P0050,6,0,0,11.205783271829114,0.0,6.794216728170886,84.0
P0148,1,97,1,25.416910711086814,0.0,2.583089288913186,14.0
P0148,2,97,1,0.0,69.83308928891319,95.25,14.0
P0148,3,0,0,97.0,0.0,0.0,14.0
P0148,4,0,0,98.75,0.0,95.25,14.0
P0148,5,0,0,98.75,0.0,0.0,14.0
P0148,6,97,1,3.5,0.0,95.25,14.0
P0135,1,164,1,0.0,75.53450533662286,87.53450533662286,13.0
P0135,2,164,1,0.0,78.5074302116204,78.5074302116204,13.0
P0135,3,164,1,67.61247839480077,0.0,96.38752160519923,13.0
P0135,4,0,0,154.0577330411785,0.0,77.55474535362228,13.0
P0135,5,0,0,245.60117167591892,0.0,72.45656136525959,13.0
P0135,6,0,0,168.7656452760904,0.0,76.83552639982852,13.0
P0134,1,171,1,0.0,61.5,85.5,14.0
P0134,2,171,1,0.0,85.5,85.5,14.0
P0134,3,0,0,85.5,0.0,85.5,14.0
P0134,4,0,0,171.07227012899494,0.0,85.42772987100506,14.0
P0134,5,0,0,85.57227012899494,0.0,85.5,14.0
P0134,6,171,1,0.07227012899494412,0.0,85.5,14.0
P0217,1,42,1,0.0,17.25824639895141,25.25824639895141,55.0
P0217,2,42,1,0.0,20.79074002187634,20.79074002187634,55.0
P0217,3,0,0,27.541747732612766,0.0,14.458252267387234,55.0
P0217,4,0,0,49.62060404729404,0.0,19.921143685318725,55.0
P0217,5,0,0,32.47465833738639,0.0,17.14594570990765,55.0
P0217,6,42,1,5.497196738521783,0.0,26.977461598864604,55.0
P0187,1,6,1,2.3458676794908135,0.0,2.6541323205091865,184.0
P0187,2,0,0,5.691735358981628,0.0,2.6541323205091865,184.0
P0187,3,0,0,3.0376030384724415,0.0,2.6541323205091865,184.0
P0187,4,6,1,0.38347071796325505,0.0,2.6541323205091865,184.0
P0187,5,0,0,3.7293383974540686,0.0,2.6541323205091865,184.0
P0187,6,6,1,1.0752060769448821,0.0,2.6541323205091865,184.0
P0229,1,15,1,0.276907849529767,0.0,6.723092150470233,90.0
P0229,2,15,1,0.0,14.502483678147463,14.77939152767723,90.0
P0229,3,15,1,4.854896530459463,0.0,10.145103469540537,90.0
P0229,4,0,0,16.39803440447174,0.0,3.4568621259877217,90.0
P0229,5,0,0,26.93045131397901,0.0,4.467583090492731,90.0
P0229,6,0,0,22.7000334467938,0.0,4.23041786718521,90.0
P0251,1,7,1,0.2864207061218025,0.0,2.7135792938781975,154.0
P0251,2,7,1,0.0,2.9897312542418466,3.276151960363649,154.0
P0251,3,7,1,3.0868231076967536,0.0,3.9131768923032464,154.0
P0251,4,0,0,8.717279424055693,0.0,1.3695436836410595,154.0
P0251,5,0,0,10.17917930442735,0.0,5.538100119628344,154.0
P0251,6,0,0,6.179150943474842,0.0,4.000028360952508,154.0
P0247,1,0,0,0.0,0.0,0.0,240.0
P0247,2,0,0,0.0,0.0,0.0,240.0
P0247,3,0,0,0.0,0.0,0.0,240.0
P0247,4,0,0,0.0,0.0,0.0,240.0
P0247,5,0,0,0.0,0.0,0.0,240.0
P0247,6,0,0,0.0,0.0,0.0,240.0
P0101,1,0,0,9.0,0.0,0.0,100.0
P0101,2,0,0,9.0,0.0,0.0,100.0
P0101,3,0,0,9.0,0.0,0.0,100.0
P0101,4,0,0,9.0,0.0,0.0,100.0
P0101,5,0,0,9.0,0.0,0.0,100.0
P0101,6,0,0,9.0,0.0,0.0,100.0
P0175,1,59,1,0.0,0.442235895119385,28.442235895119385,18.0
P0175,2,59,1,0.0,31.677958612485696,31.677958612485696,18.0
P0175,3,0,0,37.38968521177616,0.0,21.61031478822384,18.0
P0175,4,0,0,77.26860808946131,0.0,19.121077122314855,18.0
P0175,5,59,1,22.27331521406505,0.0,54.99529287539626,18.0
P0175,6,59,1,2.260842895788304,0.0,20.012472318276746,18.0
P0141,1,107,1,0.0,32.27626524156095,59.27626524156095,11.0
P0141,2,107,1,0.0,69.28077843872981,69.28077843872981,11.0
P0141,3,0,0,70.69152756311111,0.0,36.30847243688889,11.0
P0141,4,0,0,128.6396870809915,0.0,49.05184048211959,11.0
P0141,5,0,0,82.76179903903522,0.0,45.87788804195628,11.0
P0141,6,107,1,24.552362973615388,0.0,58.20943606541984,11.0
P0197,1,91,1,0.0,29.12986004557075,54.12986004557075,8.5
P0197,2,91,1,1.522678881571096,0.0,89.4773211184289,8.5
P0197,3,0,0,73.62863339741571,0.0,18.894045484155384,8.5
P0197,4,91,1,13.47881197433751,0.0,60.1498214230782,8.5
P0197,5,0,0,104.4788119743375,0.0,0.0,8.5
P0197,6,0,0,55.762868890739725,0.0,48.71594308359778,8.5
P0059,1,11,1,0.0,12.093385360145868,15.093385360145868,72.0
P0059,2,0,0,10.273984308312885,0.0,0.726015691687115,72.0
P0059,3,11,1,4.882563188454505,0.0,5.39142111985838,72.0
P0059,4,0,0,9.613143715151526,0.0,6.269419473302978,72.0
P0059,5,0,0,8.211847818246918,0.0,1.4012958969046085,72.0
P0059,6,0,0,5.886996853257596,0.0,2.324850964989322,72.0
P0154,1,105,1,0.0,24.61982148765656,55.61982148765656,104.0
P0154,2,105,1,30.907102792484153,0.0,74.09289720751585,104.0
P0154,3,0,0,88.20707233136821,0.0,47.70003046111594,104.0
P0154,4,105,1,18.853101930646332,0.0,69.35397040072188,104.0
P0154,5,0,0,101.43335435371066,0.0,22.41974757693567,104.0
P0154,6,0,0,57.34786758699641,0.0,44.08548676671425,104.0
P0077,1,0,0,0.0,0.0,0.0,1275.0
P0077,2,0,0,0.0,0.0,0.0,1275.0
P0077,3,0,0,0.0,0.0,0.0,1275.0
P0077,4,0,0,0.0,0.0,0.0,1275.0
P0077,5,0,0,0.0,0.0,0.0,1275.0
P0077,6,0,0,0.0,0.0,0.0,1275.0
P0123,1,88,1,36.31913416610868,0.0,41.68086583389132,11.0
P0123,2,88,1,0.5189646805753512,0.0,35.80016948553333,11.0
P0123,3,0,0,60.2023186282383,0.0,28.31664605233705,11.0
P0123,4,0,0,85.42299262790107,0.0,62.77932600033723,11.0
P0123,5,88,1,43.86596346014831,0.0,41.55702916775276,11.0
P0123,6,88,1,0.0,9.253533526241029,53.119496986389336,11.0
P0275,1,44,1,0.0,6.24476788470804,19.24476788470804,27.0
P0275,2,44,1,17.590441623957393,0.0,26.409558376042607,27.0
P0275,3,0,0,33.163525830099566,0.0,28.426915793857823,27.0
P0275,4,44,1,17.22581132746837,0.0,15.937714502631197,27.0
P0275,5,0,0,50.281266953632354,0.0,10.944544373836017,27.0
P0275,6,0,0,21.85632262628524,0.0,28.424944327347113,27.0
P0243,1,74,1,0.0,20.143757915715135,43.143757915715135,10.0
P0243,2,74,1,1.4606616269622918,0.0,72.53933837303771,10.0
P0243,3,0,0,39.2894616845519,0.0,36.17119994241039,10.0
P0243,4,74,1,23.56300083156892,0.0,15.72646085298298,10.0
P0243,5,0,0,60.41907511579656,0.0,37.14392571577237,10.0
P0243,6,0,0,44.51704838229613,0.0,15.90202673350043,10.0
P0041,1,6,1,0.0,1.8632028031306445,2.8632028031306445,280.0
P0041,2,0,0,3.1367971968693555,0.0,2.8632028031306445,280.0
P0041,3,6,1,0.2735943937387111,0.0,2.8632028031306445,280.0
P0041,4,0,0,3.4103915906080666,0.0,2.8632028031306445,280.0
P0041,5,6,1,0.5471887874774222,0.0,2.8632028031306445,280.0
P0041,6,0,0,3.6839859843467777,0.0,2.8632028031306445,280.0
P0079,1,0,0,0.0,0.0,0.0,765.0
P0079,2,0,0,0.0,0.0,0.0,765.0
P0079,3,0,0,0.0,0.0,0.0,765.0
P0079,4,0,0,0.0,0.0,0.0,765.0
P0079,5,0,0,0.0,0.0,0.0,765.0
P0079,6,0,0,0.0,0.0,0.0,765.0
P0209,1,0,0,13.0,0.0,0.0,7.5
P0209,2,0,0,13.0,0.0,0.0,7.5
P0209,3,0,0,13.0,0.0,0.0,7.5
P0209,4,0,0,13.0,0.0,0.0,7.5
P0209,5,0,0,13.0,0.0,0.0,7.5
P0209,6,0,0,13.0,0.0,0.0,7.5
P0003,1,0,0,0.0,0.0,0.0,90.0
P0003,2,0,0,0.0,0.0,0.0,90.0
P0003,3,0,0,0.0,0.0,0.0,90.0
P0003,4,0,0,0.0,0.0,0.0,90.0
P0003,5,0,0,0.0,0.0,0.0,90.0
P0003,6,0,0,0.0,0.0,0.0,90.0
P0228,1,16,1,1.1099066135373983,0.0,4.890093386462602,65.0
P0228,2,16,1,0.0,10.13083303809816,11.24073965163556,65.0
P0228,3,0,0,12.736718364483446,0.0,3.2632816355165537,65.0
P0228,4,0,0,20.039820964520395,0.0,8.69689739996305,65.0
P0228,5,0,0,9.003079531365758,0.0,11.036741433154637,65.0
P0228,6,16,1,0.7548759117997008,0.0,8.248203619566057,65.0
P0049,1,19,1,0.9555173532673038,0.0,7.044482646732696,72.0
P0049,2,19,1,5.784360406603277,0.0,14.171156946664027,72.0
P0049,3,0,0,18.808145251486522,0.0,5.976215155116755,72.0
P0049,4,19,1,6.804812659215463,0.0,12.00333259227106,72.0
P0049,5,0,0,18.39380397847353,0.0,7.411008680741932,72.0
P0049,6,0,0,9.539780610455558,0.0,8.854023368017973,72.0
P0151,1,130,1,0.0,35.024756773017586,51.024756773017586,9.0
P0151,2,130,1,0.0,83.61404041458418,83.61404041458418,9.0
P0151,3,130,1,43.981904394639415,0.0,86.01809560536059,9.0
P0151,4,0,0,114.91389345055423,0.0,59.068010944085174,9.0
P0151,5,0,0,192.59999038413426,0.0,52.31390306641995,9.0
P0151,6,0,0,136.0546444841886,0.0,56.54534589994567,9.0
P0163,1,115,1,0.0,28.0,104.0,8.0
P0163,2,115,1,0.0,31.440612444170373,31.440612444170373,8.0
P0163,3,0,0,89.95317469604636,0.0,25.046825303953643,8.0
P0163,4,0,0,162.19842179981407,0.0,42.75475289623228,8.0
P0163,5,0,0,86.77598702889006,0.0,75.42243477092401,8.0
P0163,6,115,1,22.87531156652613,0.0,63.90067546236393,8.0
P0244,1,90,1,0.0,2.8523744917192175,55.85237449171922,9.0
P0244,2,90,1,28.464989308069242,0.0,61.53501069193076,9.0
P0244,3,0,0,76.60949372499265,0.0,41.8554955830766,9.0
P0244,4,90,1,38.80170833997676,0.0,37.80778538501588,9.0
P0244,5,0,0,93.33260639671738,0.0,35.469101943259375,9.0
P0244,6,0,0,57.865492303619504,0.0,35.46711409309788,9.0
P0193,1,0,0,0.0,0.0,0.0,60.0
P0193,2,0,0,0.0,0.0,0.0,60.0
P0193,3,0,0,0.0,0.0,0.0,60.0
P0193,4,0,0,0.0,0.0,0.0,60.0
P0193,5,0,0,0.0,0.0,0.0,60.0
P0193,6,0,0,0.0,0.0,0.0,60.0
P0203,1,97,1,0.0,52.86139803151286,80.86139803151286,7.0
P0203,2,97,1,0.0,42.03802280967148,42.03802280967148,7.0
P0203,3,0,0,49.552624753042224,0.0,47.447375246957776,7.0
P0203,4,0,0,90.36425309016356,0.0,56.18837166287865,7.0
P0203,5,0,0,59.74964526299679,0.0,30.614607827166765,7.0
P0203,6,97,1,26.833141429091086,0.0,32.91650383390571,7.0
P0036,1,0,0,10.67865524133677,0.0,6.32134475866323,132.0
P0036,2,13,1,2.26634967629861,0.0,8.41230556503816,132.0
P0036,3,0,0,8.783698518543972,0.0,6.482651157754638,132.0
P0036,4,13,1,3.89634337876148,0.0,4.887355139782492,132.0
P0036,5,0,0,11.210475790768065,0.0,5.685867587993414,132.0
P0036,6,13,1,4.903466951561588,0.0,6.307008839206477,132.0
P0246,1,5,1,2.3509472127200146,0.0,4.649052787279985,104.0
P0246,2,5,1,2.0141574540299816,0.0,5.336789758690033,104.0
P0246,3,0,0,5.683275010154912,0.0,1.33088244387507,104.0
P0246,4,0,0,5.683275010154912,0.0,0.0,104.0
P0246,5,0,0,5.384979509517723,0.0,0.2982955006371887,104.0
P0246,6,5,1,2.053733839926784,0.0,3.3312456695909387,104.0
P0160,1,47,1,0.0,49.782654979284914,62.782654979284914,8.0
P0160,2,47,1,0.0,17.09664303142742,17.09664303142742,8.0
P0160,3,0,0,37.05871571221257,0.0,9.941284287787434,8.0
P0160,4,0,0,84.05871571221257,0.0,0.0,8.0
P0160,5,0,0,46.913721453623566,0.0,37.14499425858901,8.0
P0160,6,0,0,33.04513909044553,0.0,13.868582363178035,8.0
P0174,1,69,1,0.0,30.098968300472464,35.098968300472464,11.0
P0174,2,69,1,0.0,60.91047773959641,60.91047773959641,11.0
P0174,3,0,0,39.2100491103926,0.0,29.789950889607397,11.0
P0174,4,0,0,70.56155503529666,0.0,37.64849407509594,11.0
P0174,5,0,0,57.70549085475692,0.0,12.856064180539747,11.0
P0174,6,69,1,29.700456323751386,0.0,28.00503453100553,11.0
P0260,1,7,1,0.0,1.397994116250632,5.397994116250632,192.0
P0260,2,7,1,0.0,2.72883769267831,2.72883769267831,192.0
P0260,3,0,0,4.300838930074982,0.0,2.699161069925018,192.0
P0260,4,0,0,10.08500480274413,0.0,1.2158341273308504,192.0
P0260,5,0,0,8.47110730095762,0.0,1.6138975017865098,192.0
P0260,6,0,0,3.8435226640805897,0.0,4.62758463687703,192.0
P0207,1,120,1,0.0,16.868627080088046,42.86862708008805,6.0
P0207,2,120,1,0.0,45.011312626556474,45.011312626556474,6.0
P0207,3,120,1,42.01274212239488,0.0,77.98725787760512,6.0
P0207,4,0,0,102.85804460065641,0.0,59.15469752173847,6.0
P0207,5,0,0,170.8851403628772,0.0,51.9729042377792,6.0
P0207,6,0,0,90.3600599241817,0.0,80.5250804386955,6.0
P0122,1,111,1,0.351164939884427,0.0,71.64883506011557,7.5
P0122,2,111,1,0.0,62.467338278055415,62.81850321793984,7.5
P0122,3,0,0,64.8169238406501,0.0,46.18307615934989,7.5
P0122,4,0,0,120.85913799220131,0.0,54.9577858484488,7.5
P0122,5,0,0,96.60723169173009,0.0,24.251906300471223,7.5
P0122,6,111,1,24.362395938342374,0.0,72.24483575338772,7.5
P0181,1,38,1,4.223986897211191,0.0,11.77601310278881,48.0
P0181,2,38,1,16.403327383595833,0.0,25.820659513615357,48.0
P0181,3,0,0,26.882887230866434,0.0,27.520440152729403,48.0
P0181,4,38,1,4.43896274404683,0.0,22.443924486819604,48.0
P0181,5,0,0,27.904409031146535,0.0,14.534553712900298,48.0
P0181,6,38,1,18.207078393093525,0.0,9.69733063805301,48.0
P0171,1,77,1,0.0,47.12446789444897,81.12446789444897,9.0
P0171,2,77,1,0.0,24.4224986335378,24.4224986335378,9.0
P0171,3,77,1,25.844984341790934,0.0,51.15501565820907,9.0
P0171,4,0,0,92.90588132126395,0.0,9.939103020526986,9.0
P0171,5,0,0,144.1973082700308,0.0,25.708573051233177,9.0
P0171,6,0,0,106.50281277631825,0.0,37.69449549371253,9.0
P0106,1,0,0,4.0,0.0,0.0,85.0
P0106,2,0,0,4.0,0.0,0.0,85.0
P0106,3,0,0,4.0,0.0,0.0,85.0
P0106,4,0,0,4.0,0.0,0.0,85.0
P0106,5,0,0,4.0,0.0,0.0,85.0
P0106,6,0,0,4.0,0.0,0.0,85.0
P0108,1,0,0,18.560836460129412,0.0,2.439163539870589,108.0
P0108,2,0,0,14.317437131697822,0.0,4.2433993284315905,108.0
P0108,3,0,0,13.011335516985598,0.0,1.3061016147122237,108.0
P0108,4,0,0,8.775085218582493,0.0,4.236250298403106,108.0
P0108,5,0,0,5.139168552403868,0.0,3.6359166661786255,108.0
P0108,6,7,1,0.0902290704491655,0.0,5.048939481954703,108.0
P0140,1,94,1,0.0,42.95484268854209,68.95484268854209,6.0
P0140,2,94,1,0.0,57.97110805805811,57.97110805805811,6.0
P0140,3,94,1,37.0083444210982,0.0,56.9916555789018,6.0
P0140,4,0,0,105.9396100871287,0.0,25.06873433396951,6.0
P0140,5,0,0,161.26594766514722,0.0,38.67366242198147,6.0
P0140,6,0,0,127.67425648199138,0.0,33.591691183155845,6.0
P0252,1,0,0,4.495746388628597,0.0,2.5042536113714027,92.0
P0252,2,9,1,0.0,1.903822447815795,6.399568836444392,92.0
P0252,3,9,1,0.0,1.8974632867993524,1.8974632867993524,92.0
P0252,4,9,1,2.882209108751673,0.0,6.117790891248327,92.0
P0252,5,0,0,7.940828507367522,0.0,3.941380601384152,92.0
P0252,6,0,0,11.724157216331182,0.0,5.216671291036339,92.0
P0231,1,0,0,0.0,0.0,0.0,165.0
P0231,2,0,0,0.0,0.0,0.0,165.0
P0231,3,0,0,0.0,0.0,0.0,165.0
P0231,4,0,0,0.0,0.0,0.0,165.0
P0231,5,0,0,0.0,0.0,0.0,165.0
P0231,6,0,0,0.0,0.0,0.0,165.0
P0273,1,0,0,28.0,0.0,0.0,25.0
P0273,2,0,0,28.0,0.0,0.0,25.0
P0273,3,0,0,28.0,0.0,0.0,25.0
P0273,4,0,0,28.0,0.0,0.0,25.0
P0273,5,0,0,28.0,0.0,0.0,25.0
P0273,6,0,0,28.0,0.0,0.0,25.0
P0224,1,0,0,4.5165561636147356,0.0,6.4834438363852644,130.0
P0224,2,7,1,0.0,1.912905693326766,6.429461856941502,130.0
P0224,3,7,1,0.0,0.006636400644284279,0.006636400644284279,130.0
P0224,4,0,0,7.0,0.0,0.0,130.0
P0224,5,0,0,11.420028829544048,0.0,2.579971170455953,130.0
P0224,6,0,0,6.365463440389165,0.0,5.054565389154883,130.0
P0027,1,0,0,0.0,0.0,0.0,95.0
P0027,2,0,0,0.0,0.0,0.0,95.0
P0027,3,0,0,0.0,0.0,0.0,95.0
P0027,4,0,0,0.0,0.0,0.0,95.0
P0027,5,0,0,0.0,0.0,0.0,95.0
P0027,6,0,0,0.0,0.0,0.0,95.0
P0082,1,0,0,0.0,0.0,0.0,510.0
P0082,2,0,0,0.0,0.0,0.0,510.0
P0082,3,0,0,0.0,0.0,0.0,510.0
P0082,4,0,0,0.0,0.0,0.0,510.0
P0082,5,0,0,0.0,0.0,0.0,510.0
P0082,6,0,0,0.0,0.0,0.0,510.0
P0103,1,32,1,0.0,16.8710385154567,26.8710385154567,15.0
P0103,2,32,1,0.0,12.093205148295183,12.093205148295183,15.0
P0103,3,32,1,3.1440561977837405,0.0,28.85594380221626,15.0
P0103,4,0,0,21.400634304483482,0.0,13.743421893300258,15.0
P0103,5,0,0,47.66123025674652,0.0,5.739404047736958,15.0
P0103,6,0,0,40.2925209381704,0.0,7.3687093185761245,15.0
P0276,1,24,1,0.0,18.55675663422485,22.55675663422485,200.0
P0276,2,24,1,0.0,17.824068081030802,17.824068081030802,200.0
P0276,3,0,0,18.498352012687498,0.0,5.501647987312502,200.0
P0276,4,0,0,35.720129353774546,0.0,6.778222658912951,200.0
P0276,5,0,0,29.892103095904858,0.0,5.8280262578696895,200.0
P0276,6,0,0,17.988050600453104,0.0,11.904052495451754,200.0
P0031,1,0,0,0.0,0.0,0.0,120.0
P0031,2,0,0,0.0,0.0,0.0,120.0
P0031,3,0,0,0.0,0.0,0.0,120.0
P0031,4,0,0,0.0,0.0,0.0,120.0
P0031,5,0,0,0.0,0.0,0.0,120.0
P0031,6,0,0,0.0,0.0,0.0,120.0
P0253,1,5,1,0.0,5.125148716248846,7.125148716248846,62.0
P0253,2,5,1,0.0,0.18573423914207932,0.18573423914207932,62.0
P0253,3,5,1,1.8893122824561974,0.0,3.1106877175438026,62.0
P0253,4,0,0,4.239812349942519,0.0,2.6494999325136783,62.0
P0253,5,0,0,8.106839080417995,0.0,1.1329732695245243,62.0
P0253,6,0,0,8.106839080417995,0.0,0.0,62.0
P0047,1,0,0,14.0,0.0,0.0,132.0
P0047,2,0,0,14.0,0.0,0.0,132.0
P0047,3,0,0,14.0,0.0,0.0,132.0
P0047,4,0,0,14.0,0.0,0.0,132.0
P0047,5,0,0,14.0,0.0,0.0,132.0
P0047,6,0,0,14.0,0.0,0.0,132.0
P0274,1,38,1,9.802293604648138,0.0,27.19770639535186,13.0
P0274,2,0,0,23.330336270607823,0.0,24.47195733404032,13.0
P0274,3,38,1,13.494963044509998,0.0,9.835373226097825,13.0
P0274,4,0,0,32.38979662167267,0.0,19.105166422837332,13.0
P0274,5,38,1,11.048185664668765,0.0,21.34161095700391,13.0
P0274,6,0,0,39.26056339078514,0.0,9.787622273883626,13.0
P0153,1,85,1,0.0,0.6159253130179678,40.61592531301797,5.0
P0153,2,85,1,0.0,68.80930275958347,68.80930275958347,5.0
P0153,3,0,0,61.11056610345313,0.0,23.88943389654687,5.0
P0153,4,0,0,94.55734622093698,0.0,51.55321988251614,5.0
P0153,5,0,0,65.96889046254833,0.0,28.588455758388655,5.0
P0153,6,85,1,25.38832527063522,0.0,40.58056519191311,5.0
P0266,1,0,0,20.48777059069576,0.0,5.51222940930424,32.0
P0266,2,0,0,18.190286113841054,0.0,2.297484476854706,32.0
P0266,3,0,0,16.19076493766997,0.0,1.9995211761710832,32.0
P0266,4,0,0,11.041065172239987,0.0,5.149699765429984,32.0
P0266,5,0,0,11.041065172239987,0.0,0.0,32.0
P0266,6,0,0,6.583628223315781,0.0,4.457436948924206,32.0
P0210,1,116,1,0.0,30.914953819703513,67.91495381970351,4.0
P0210,2,116,1,0.0,83.63745053518744,83.63745053518744,4.0
P0210,3,0,0,60.252820519494755,0.0,55.747179480505245,4.0
P0210,4,0,0,123.70625430832759,0.0,52.54656621116716,4.0
P0210,5,0,0,83.19438022262116,0.0,40.51187408570642,4.0
P0210,6,116,1,37.45097944638411,0.0,45.74340077623705,4.0
P0125,1,76,1,0.0,11.393087549792611,53.39308754979261,5.0
P0125,2,76,1,0.0,48.338330538516786,48.338330538516786,5.0
P0125,3,0,0,50.8746705769464,0.0,25.1253294230536,5.0
P0125,4,0,0,94.19812346436137,0.0,32.676547112585034,5.0
P0125,5,0,0,56.09470716048815,0.0,38.103416303873225,5.0
P0125,6,76,1,26.98990461069928,0.0,29.104802549788868,5.0
P0279,1,25,1,5.547815089954714,0.0,15.452184910045286,22.0
P0279,2,25,1,11.483087714032663,0.0,19.06472737592205,22.0
P0279,3,0,0,27.534541354137854,0.0,8.94854635989481,22.0
P0279,4,0,0,15.823599207087886,0.0,11.710942147049968,22.0
P0279,5,25,1,6.954235431620342,0.0,8.869363775467544,22.0
P0279,6,0,0,23.09069937807064,0.0,8.863536053549703,22.0
P0198,1,126,1,26.39544183518086,0.0,39.60455816481914,3.8
P0198,2,0,0,79.6237449357803,0.0,72.77169689940057,3.8
P0198,3,126,1,0.0,8.289139731571936,87.91288466735223,3.8
P0198,4,126,1,61.644529629115056,0.0,64.35547037088494,3.8
P0198,5,0,0,145.01628335169437,0.0,42.62824627742068,3.8
P0198,6,0,0,76.06832101445451,0.0,68.94796233723986,3.8
P0137,1,0,0,25.99609679266954,0.0,5.003903207330458,26.0
P0137,2,0,0,18.074678097785487,0.0,7.9214186948840535,26.0
P0137,3,0,0,12.33670741886106,0.0,5.737970678924428,26.0
P0137,4,0,0,9.174427595585573,0.0,3.1622798232754867,26.0
P0137,5,0,0,5.774144627932413,0.0,3.40028296765316,26.0
P0137,6,0,0,5.774144627932413,0.0,0.0,26.0
P0233,1,0,0,13.0,0.0,0.0,100.0
P0233,2,0,0,13.0,0.0,0.0,100.0
P0233,3,0,0,13.0,0.0,0.0,100.0
P0233,4,0,0,13.0,0.0,0.0,100.0
P0233,5,0,0,13.0,0.0,0.0,100.0
P0233,6,0,0,13.0,0.0,0.0,100.0
P0170,1,79,1,0.0,29.116563997316725,50.116563997316725,6.0
P0170,2,79,1,0.0,41.54586440593733,41.54586440593733,6.0
P0170,3,0,0,39.34366472021077,0.0,39.65633527978923,6.0
P0170,4,0,0,99.84757446438817,0.0,18.496090255822597,6.0
P0170,5,0,0,50.48492642570095,0.0,49.362648038687226,6.0
P0170,6,79,1,15.647752998504089,0.0,34.83717342719686,6.0
P0261,1,2,1,0.07652656615011355,0.0,0.9234734338498864,270.0
P0261,2,2,1,0.0,0.8469468676997729,0.9234734338498864,270.0
P0261,3,0,0,1.0765265661501136,0.0,0.9234734338498864,270.0
P0261,4,0,0,2.1530531323002275,0.0,0.9234734338498864,270.0
P0261,5,0,0,1.229579698450341,0.0,0.9234734338498864,270.0
P0261,6,2,1,0.30610626460045465,0.0,0.9234734338498864,270.0
P0132,1,94,1,0.0,13.296505284818487,62.29650528481849,4.5
P0132,2,94,1,0.0,42.802752860614206,42.802752860614206,4.5
P0132,3,0,0,55.35049467901626,0.0,38.64950532098374,4.5
P0132,4,0,0,109.24694367661462,0.0,40.10355100240164,4.5
P0132,5,0,0,48.45716453642524,0.0,60.78977914018938,4.5
P0132,6,94,1,12.596094103748221,0.0,35.86107043267702,4.5
P0234,1,0,0,0.0,0.0,0.0,70.0
P0234,2,0,0,0.0,0.0,0.0,70.0
P0234,3,0,0,0.0,0.0,0.0,70.0
P0234,4,0,0,0.0,0.0,0.0,70.0
P0234,5,0,0,0.0,0.0,0.0,70.0
P0234,6,0,0,0.0,0.0,0.0,70.0
P0128,1,0,0,78.0,0.0,0.0,7.0
P0128,2,0,0,78.0,0.0,0.0,7.0
P0128,3,0,0,78.0,0.0,0.0,7.0
P0128,4,0,0,78.0,0.0,0.0,7.0
P0128,5,0,0,78.0,0.0,0.0,7.0
P0128,6,0,0,78.0,0.0,0.0,7.0
P0272,1,37,1,0.0,10.500722901200295,23.500722901200295,11.0
P0272,2,37,1,15.142683680054969,0.0,21.85731631994503,11.0
P0272,3,0,0,37.1724289192055,0.0,14.970254760849473,11.0
P0272,4,0,0,21.49785606348577,0.0,15.674572855719733,11.0
P0272,5,37,1,9.949710156891802,0.0,11.548145906593968,11.0
P0272,6,0,0,23.61300965197626,0.0,23.336700504915544,11.0
P0130,1,93,1,0.0,6.88198348152892,68.88198348152892,3.5
P0130,2,93,1,0.0,53.62222404537494,53.62222404537494,3.5
P0130,3,0,0,53.8928307386836,0.0,39.1071692613164,3.5
P0130,4,0,0,105.853836967267,0.0,41.03899377141659,3.5
P0130,5,0,0,55.9743675630248,0.0,49.8794694042422,3.5
P0130,6,93,1,31.11446360062496,0.0,24.85990396239984,3.5
P0271,1,51,1,0.0,24.931679195954075,32.931679195954075,9.0
P0271,2,51,1,15.827903358886765,0.0,35.172096641113235,9.0
P0271,3,0,0,49.16870129078444,0.0,17.65920206810233,9.0
P0271,4,51,1,24.19914457747246,0.0,24.96955671331198,9.0
P0271,5,0,0,51.128220483434276,0.0,24.070924094038176,9.0
P0271,6,0,0,34.89166353541306,0.0,16.236556948021217,9.0
P0199,1,0,0,26.0,0.0,0.0,4.5
P0199,2,0,0,26.0,0.0,0.0,4.5
P0199,3,0,0,26.0,0.0,0.0,4.5
P0199,4,0,0,26.0,0.0,0.0,4.5
P0199,5,0,0,26.0,0.0,0.0,4.5
P0199,6,0,0,26.0,0.0,0.0,4.5
P0126,1,0,0,170.47049819213777,0.0,39.52950180786224,3.5
P0126,2,0,0,160.53197053016865,0.0,9.938527661969111,3.5
P0126,3,0,0,130.11796085770987,0.0,30.41400967245878,3.5
P0126,4,0,0,92.65158824143722,0.0,37.46637261627265,3.5
P0126,5,0,0,64.34038750392827,0.0,28.311200737508948,3.5
P0126,6,0,0,50.362572427914046,0.0,13.977815076014224,3.5
P0127,1,92,1,27.4875755002969,0.0,42.5124244997031,4.0
P0127,2,92,1,0.0,17.852883985663745,45.34045948596064,4.0
P0127,3,92,1,2.002700414475811,0.0,89.99729958552419,4.0
P0127,4,0,0,52.80569699623598,0.0,41.19700341823983,4.0
P0127,5,0,0,108.69834424635198,0.0,36.107352749884,4.0
P0127,6,0,0,88.43309530448286,0.0,20.26524894186911,4.0
P0121,1,0,0,163.6607385112769,0.0,36.3392614887231,4.5
P0121,2,0,0,112.65276144412883,0.0,51.00797706714807,4.5
P0121,3,0,0,96.097080189022,0.0,16.55568125510683,4.5
P0121,4,0,0,62.25839061356076,0.0,33.83868957546123,4.5
P0121,5,72,1,30.617642714592535,0.0,31.64074789896823,4.5
P0121,6,72,1,0.0,14.044237283255846,44.66187999784838,4.5
P0211,1,119,1,0.0,83.60599043063857,107.60599043063857,3.0
P0211,2,119,1,0.0,54.11400886792349,54.11400886792349,3.0
P0211,3,0,0,67.13957899927445,0.0,51.86042100072556,3.0
P0211,4,0,0,151.83009359810725,0.0,34.309485401167194,3.0
P0211,5,0,0,92.05781034907443,0.0,59.772283249032824,3.0
P0211,6,119,1,42.764008919949795,0.0,49.293801429124635,3.0
P0173,1,18,1,0.0,3.602120195994747,8.602120195994747,22.0
P0173,2,18,1,0.0,8.602120195994747,8.602120195994747,22.0
P0173,3,0,0,9.397879804005253,0.0,8.602120195994747,22.0
P0173,4,0,0,18.795759608010506,0.0,8.602120195994747,22.0
P0173,5,0,0,10.19363941201576,0.0,8.602120195994747,22.0
P0173,6,18,1,1.5915192160210125,0.0,8.602120195994747,22.0
P0131,1,0,0,185.54279676449397,0.0,26.457203235506025,3.0
P0131,2,0,0,145.48522354147605,0.0,40.057573223017926,3.0
P0131,3,0,0,72.48405521291579,0.0,73.00116832856025,3.0
P0131,4,80,1,30.703727761491592,0.0,41.7803274514242,3.0
P0131,5,80,1,0.0,0.34137111285205535,31.045098874343648,3.0
P0131,6,0,0,54.906863953239544,0.0,25.093136046760456,3.0
P0202,1,0,0,38.0,0.0,0.0,4.5
P0202,2,0,0,38.0,0.0,0.0,4.5
P0202,3,0,0,38.0,0.0,0.0,4.5
P0202,4,0,0,38.0,0.0,0.0,4.5
P0202,5,0,0,38.0,0.0,0.0,4.5
P0202,6,0,0,38.0,0.0,0.0,4.5
P0143,1,81,1,0.0,21.10355921439338,29.10355921439338,3.0
P0143,2,81,1,0.0,55.28154846331936,55.28154846331936,3.0
P0143,3,81,1,16.97930394013136,0.0,64.02069605986864,3.0
P0143,4,0,0,61.23230239727391,0.0,36.74700154285745,3.0
P0143,5,0,0,118.09632137568252,0.0,24.135981021591395,3.0
P0143,6,0,0,84.74508817745242,0.0,33.351233198230105,3.0
P0278,1,16,1,0.0,3.45820678463099,8.45820678463099,12.0
P0278,2,16,1,0.0,15.57272966848408,15.57272966848408,12.0
P0278,3,16,1,7.598526042235093,0.0,8.401473957764907,12.0
P0278,4,0,0,22.664959434712504,0.0,0.9335666075225886,12.0
P0278,5,0,0,25.602326924999364,0.0,13.062632509713136,12.0
P0278,6,0,0,25.602326924999364,0.0,0.0,12.0
P0213,1,0,0,19.0,0.0,0.0,50.0
P0213,2,0,0,19.0,0.0,0.0,50.0
P0213,3,0,0,19.0,0.0,0.0,50.0
P0213,4,0,0,19.0,0.0,0.0,50.0
P0213,5,0,0,19.0,0.0,0.0,50.0
P0213,6,0,0,19.0,0.0,0.0,50.0
P0259,1,0,0,0.0,0.0,0.0,152.0
P0259,2,0,0,0.0,0.0,0.0,152.0
P0259,3,0,0,0.0,0.0,0.0,152.0
P0259,4,0,0,0.0,0.0,0.0,152.0
P0259,5,0,0,0.0,0.0,0.0,152.0
P0259,6,0,0,0.0,0.0,0.0,152.0
P0226,1,0,0,4.914949917970613,0.0,2.0850500820293867,65.0
P0226,2,4,1,1.2638764733263903,0.0,3.651073444644223,65.0
P0226,3,0,0,3.8581321847476135,0.0,1.4057442885787768,65.0
P0226,4,0,0,3.162062056037152,0.0,0.6960701287104615,65.0
P0226,5,0,0,3.162062056037152,0.0,0.0,65.0
P0226,6,4,1,1.341349004447201,0.0,1.820713051589951,65.0
P0225,1,0,0,4.0,0.0,0.0,26.0
P0225,2,0,0,4.0,0.0,0.0,26.0
P0225,3,0,0,4.0,0.0,0.0,26.0
P0225,4,0,0,4.0,0.0,0.0,26.0
P0225,5,0,0,4.0,0.0,0.0,26.0
P0225,6,0,0,4.0,0.0,0.0,26.0
P0142,1,0,0,82.0,0.0,0.0,15.0
P0142,2,0,0,76.34770535237124,0.0,5.6522946476287625,15.0
P0142,3,0,0,72.90114718003039,0.0,3.4465581723408394,15.0
P0142,4,0,0,72.53101254932842,0.0,0.3701346307019757,15.0
P0142,5,0,0,67.47380721823468,0.0,5.057205331093745,15.0
P0142,6,0,0,62.4321659277491,0.0,5.041641290485583,15.0
P0196,1,0,0,44.0,0.0,0.0,4.2
P0196,2,0,0,44.0,0.0,0.0,4.2
P0196,3,0,0,44.0,0.0,0.0,4.2
P0196,4,0,0,44.0,0.0,0.0,4.2
P0196,5,0,0,44.0,0.0,0.0,4.2
P0196,6,0,0,44.0,0.0,0.0,4.2
P0200,1,175,1,0.0,72.86566689282571,155.86566689282571,1.5
P0200,2,175,1,0.0,58.88007584907763,58.88007584907763,1.5
P0200,3,0,0,88.59175597574297,0.0,86.40824402425703,1.5
P0200,4,0,0,168.67745540069512,0.0,94.91430057504785,1.5
P0200,5,0,0,114.53302646031617,0.0,54.144428940378965,1.5
P0200,6,175,1,41.45824328242581,0.0,73.07478317789035,1.5
P0277,1,0,0,7.0,0.0,0.0,16.0
P0277,2,13,1,0.0,0.5783313261506073,7.578331326150607,16.0
P0277,3,13,1,0.0,8.227184776025528,8.227184776025528,16.0
P0277,4,0,0,7.091644437901553,0.0,5.908355562098447,16.0
P0277,5,0,0,11.015862064797156,0.0,9.075782373104397,16.0
P0277,6,13,1,5.042167850515341,0.0,5.9736942142818155,16.0
P0205,1,117,1,0.0,28.99629746374393,69.99629746374393,1.5
P0205,2,117,1,0.0,105.25565396770787,105.25565396770787,1.5
P0205,3,117,1,57.73589425105815,0.0,59.26410574894185,1.5
P0205,4,0,0,136.35105498521187,0.0,38.38483926584626,1.5
P0205,5,0,0,227.25205624509206,0.0,26.098998740119818,1.5
P0205,6,0,0,176.4890878506227,0.0,50.762968394469354,1.5
P0242,1,0,0,75.99570750097281,0.0,79.00429249902719,22.0
P0242,2,108,1,21.94346046142001,0.0,54.0522470395528,22.0
P0242,3,108,1,0.0,17.049051140719314,38.992511602139324,22.0
P0242,4,0,0,63.37304185696961,0.0,44.62695814303039,22.0
P0242,5,0,0,126.91220815163578,0.0,44.46083370533385,22.0
P0242,6,0,0,64.58940302549249,0.0,62.32280512614329,22.0
P0162,1,0,0,13.0,0.0,0.0,7.0
P0162,2,0,0,13.0,0.0,0.0,7.0
P0162,3,0,0,13.0,0.0,0.0,7.0
P0162,4,0,0,13.0,0.0,0.0,7.0
P0162,5,0,0,13.0,0.0,0.0,7.0
P0162,6,0,0,13.0,0.0,0.0,7.0
P0236,1,110,1,0.0,25.506299999492313,64.50629999949231,2.0
P0236,2,0,0,55.22247811789903,0.0,54.77752188210097,2.0
P0236,3,110,1,0.0,0.6779724932236633,55.90045061112269,2.0
P0236,4,110,1,41.069688411978944,0.0,68.93031158802106,2.0
P0236,5,0,0,117.93912404343818,0.0,33.13056436854076,2.0
P0236,6,0,0,67.17480503308825,0.0,50.764319010349936,2.0
P0100,1,0,0,3.2723817832168427,0.0,5.727618216783157,31.0
P0100,2,6,1,1.8014822189481157,0.0,1.470899564268727,31.0
P0100,3,6,1,1.1677266767353358,0.0,0.6337555422127799,31.0
P0100,4,0,0,6.636141908451208,0.0,0.5315847682841284,31.0
P0100,5,0,0,5.733584865210818,0.0,6.90255704324039,31.0
P0100,6,0,0,5.5122732241727705,0.0,0.22131164103804757,31.0
P0206,1,0,0,25.0,0.0,0.0,2.0
P0206,2,0,0,25.0,0.0,0.0,2.0
P0206,3,0,0,25.0,0.0,0.0,2.0
P0206,4,0,0,25.0,0.0,0.0,2.0
P0206,5,0,0,25.0,0.0,0.0,2.0
P0206,6,0,0,25.0,0.0,0.0,2.0
P0172,1,0,0,27.6559945831265,0.0,7.3440054168735,13.0
P0172,2,0,0,20.311989166253,0.0,7.3440054168735,13.0
P0172,3,0,0,12.9679837493795,0.0,7.3440054168735,13.0
P0172,4,15,1,5.623978332505999,0.0,7.3440054168735,13.0
P0172,5,15,1,0.0,1.7200270843675014,7.3440054168735,13.0
P0172,6,0,0,7.6559945831265,0.0,7.3440054168735,13.0
P0237,1,69,1,14.271128112151594,0.0,63.728871887848406,1.8
P0237,2,0,0,40.02336965394426,0.0,43.24775845820733,1.8
P0237,3,69,1,9.546548950449239,0.0,30.47682070349502,1.8
P0237,4,0,0,56.436826156281185,0.0,22.109722794168047,1.8
P0237,5,0,0,34.99560592200022,0.0,21.441220234280962,1.8
P0237,6,69,1,10.442526511224923,0.0,24.5530794107753,1.8
P0204,1,121,1,0.0,25.74467507096763,75.74467507096763,1.5
P0204,2,121,1,0.0,79.49363225168814,79.49363225168814,1.5
P0204,3,0,0,64.99147252422105,0.0,56.008527475778955,1.5
P0204,4,0,0,137.16116766858366,0.0,48.83030485563739,1.5
P0204,5,0,0,95.47772836390077,0.0,41.68343930468289,1.5
P0204,6,121,1,36.76626941494117,0.0,58.711458948959596,1.5
P0241,1,69,1,12.067000235770593,0.0,37.93299976422941,16.0
P0241,2,69,1,0.0,37.8398184226862,49.90681865845679,16.0
P0241,3,0,0,39.03748081422159,0.0,29.96251918577841,16.0
P0241,4,0,0,77.26347440337676,0.0,30.774006410844827,16.0
P0241,5,0,0,53.517697949290636,0.0,23.745776454086126,16.0
P0241,6,69,1,18.958079641647828,0.0,34.55961830764281,16.0
P0240,1,115,1,0.0,31.64659911174104,75.64659911174104,1.5
P0240,2,0,0,59.44485801884326,0.0,55.55514198115674,1.5
P0240,3,115,1,22.086676174867584,0.0,37.35818184397568,1.5
P0240,4,0,0,78.91645444273075,0.0,58.17022173213684,1.5
P0240,5,115,1,13.25844475658478,0.0,65.65800968614597,1.5
P0240,6,0,0,77.88428716385788,0.0,50.37415759272689,1.5
P0268,1,8,1,0.6177825649402227,0.0,2.3822174350597773,35.0
P0268,2,8,1,3.3979000225313545,0.0,5.219882542408868,35.0
P0268,3,0,0,8.738201154476435,0.0,2.6596988680549183,35.0
P0268,4,8,1,3.103564609084013,0.0,5.634636545392422,35.0
P0268,5,0,0,8.503087593005219,0.0,2.6004770160787958,35.0
P0268,6,0,0,5.261357131510003,0.0,3.2417304614952154,35.0
P0254,1,0,0,0.0,0.0,0.0,169.0
P0254,2,0,0,0.0,0.0,0.0,169.0
P0254,3,0,0,0.0,0.0,0.0,169.0
P0254,4,0,0,0.0,0.0,0.0,169.0
P0254,5,0,0,0.0,0.0,0.0,169.0
P0254,6,0,0,0.0,0.0,0.0,169.0
P0161,1,0,0,21.480385073997525,0.0,5.519614926002475,9.0
P0161,2,0,0,15.96077014799505,0.0,5.519614926002475,9.0
P0161,3,0,0,10.441155221992574,0.0,5.519614926002475,9.0
P0161,4,12,1,4.9215402959900985,0.0,5.519614926002475,9.0
P0161,5,12,1,0.0,0.5980746300123769,5.519614926002475,9.0
P0161,6,0,0,6.480385073997525,0.0,5.519614926002475,9.0
P0139,1,0,0,36.688424230795576,0.0,2.311575769204426,7.0
P0139,2,0,0,25.918120614539113,0.0,10.770303616256463,7.0
P0139,3,0,0,19.14578032598715,0.0,6.772340288551963,7.0
P0139,4,15,1,6.176720226199368,0.0,12.969060099787782,7.0
P0139,5,15,1,5.099790096853273,0.0,1.0769301293460956,7.0
P0139,6,0,0,9.265012510915987,0.0,10.834777585937285,7.0
P0120,1,0,0,52.322706833182274,0.0,63.677293166817726,1.0
P0120,2,78,1,31.31577622243584,0.0,21.006930610746434,1.0
P0120,3,78,1,0.0,2.0323598424011884,33.34813606483703,1.0
P0120,4,78,1,21.10282472708286,0.0,56.89717527291714,1.0
P0120,5,0,0,67.74153259317481,0.0,31.36129213390805,1.0
P0120,6,0,0,119.03705412912942,0.0,26.7044784640454,1.0
P0257,1,0,0,0.0,0.0,0.0,96.0
P0257,2,0,0,0.0,0.0,0.0,96.0
P0257,3,0,0,0.0,0.0,0.0,96.0
P0257,4,0,0,0.0,0.0,0.0,96.0
P0257,5,0,0,0.0,0.0,0.0,96.0
P0257,6,0,0,0.0,0.0,0.0,96.0
P0258,1,0,0,0.0,0.0,0.0,128.0
P0258,2,0,0,0.0,0.0,0.0,128.0
P0258,3,0,0,0.0,0.0,0.0,128.0
P0258,4,0,0,0.0,0.0,0.0,128.0
P0258,5,0,0,0.0,0.0,0.0,128.0
P0258,6,0,0,0.0,0.0,0.0,128.0
P0256,1,0,0,0.0,0.0,0.0,64.0
P0256,2,0,0,0.0,0.0,0.0,64.0
P0256,3,0,0,0.0,0.0,0.0,64.0
P0256,4,0,0,0.0,0.0,0.0,64.0
P0256,5,0,0,0.0,0.0,0.0,64.0
P0256,6,0,0,0.0,0.0,0.0,64.0
P0238,1,97,1,0.0,12.765833885574935,51.765833885574935,0.8
P0238,2,97,1,0.0,55.02047922624308,55.02047922624308,0.8
P0238,3,97,1,36.92981239259627,0.0,60.07018760740373,0.8
P0238,4,0,0,90.87057788382366,0.0,43.059234508772604,0.8
P0238,5,0,0,152.03082378178993,0.0,35.83975410203375,0.8
P0238,6,0,0,108.97261902367913,0.0,43.0582047581108,0.8
P0250,1,0,0,3.0,0.0,0.0,12.0
P0250,2,5,1,0.8566116344952022,0.0,2.143388365504798,12.0
P0250,3,0,0,5.856611634495202,0.0,0.0,12.0
P0250,4,5,1,0.5470536258926124,0.0,5.30955800860259,12.0
P0250,5,0,0,5.547053625892612,0.0,0.0,12.0
P0250,6,5,1,0.0,0.09442683239118388,5.641480458283796,12.0
P0249,1,0,0,0.0,0.0,0.0,56.0
P0249,2,0,0,0.0,0.0,0.0,56.0
P0249,3,0,0,0.0,0.0,0.0,56.0
P0249,4,0,0,0.0,0.0,0.0,56.0
P0249,5,0,0,0.0,0.0,0.0,56.0
P0249,6,0,0,0.0,0.0,0.0,56.0
P0124,1,0,0,72.0,0.0,0.0,3.5
P0124,2,0,0,72.0,0.0,0.0,3.5
P0124,3,0,0,72.0,0.0,0.0,3.5
P0124,4,0,0,72.0,0.0,0.0,3.5
P0124,5,0,0,72.0,0.0,0.0,3.5
P0124,6,0,0,72.0,0.0,0.0,3.5
P0169,1,0,0,9.263293140460789,0.0,5.73670685953921,4.0
P0169,2,12,1,3.5265862809215784,0.0,5.73670685953921,4.0
P0169,3,12,1,0.0,2.210120578617632,5.73670685953921,4.0
P0169,4,0,0,6.26329314046079,0.0,5.73670685953921,4.0
P0169,5,0,0,12.526586280921578,0.0,5.73670685953921,4.0
P0169,6,0,0,6.789879421382367,0.0,5.73670685953921,4.0
P0129,1,0,0,112.85031483608692,0.0,37.14968516391308,0.45
P0129,2,0,0,71.8460664530385,0.0,41.00424838304843,0.45
P0129,3,97,1,12.156750616215746,0.0,59.68931583682276,0.45
P0129,4,97,1,0.0,59.651541004875824,71.80829162109157,0.45
P0129,5,0,0,71.54292109914084,0.0,25.457078900859166,0.45
P0129,6,0,0,114.43421839634473,0.0,54.1087027027961,0.45
P0239,1,70,1,0.0,0.5984094864934448,22.598409486493445,0.5
P0239,2,70,1,0.0,70.06673840871808,70.06673840871808,0.5
P0239,3,0,0,38.06900299128986,0.0,31.930997008710143,0.5
P0239,4,0,0,73.84023017210438,0.0,34.22877281918547,0.5
P0239,5,0,0,42.95682708086737,0.0,30.88340309123701,0.5
P0239,6,70,1,25.438986223076746,0.0,17.517840857790624,0.5
P0119,1,0,0,29.0,0.0,0.0,1.2
P0119,2,0,0,12.850451445481486,0.0,16.149548554518514,1.2
P0119,3,0,0,10.778426896233174,0.0,2.0720245492483116,1.2
P0119,4,21,1,0.0,9.157798807617585,19.93622570385076,1.2
P0119,5,21,1,0.0,0.0,0.0,1.2
P0119,6,21,1,0.0,3.5433499823564105,24.54334998235641,1.2
