produit_id,ventes_totales_36mois,ca_total_36mois,nb_transactions,date_premiere_vente,date_derniere_vente,cout_achat_unitaire,prix_vente_unitaire,marge_unitaire_moy,famille,marque,origine_fournisseur,age_produit_jours,jours_depuis_derniere_vente,ventes_moyennes_mensuelles,ecart_type_ventes_mensuelles,nombre_mois_avec_ventes,coefficient_variation,tendance_3_mois,tendance_6_mois,ratio_ventes_3m_vs_12m,nombre_mois_consecutifs_sans_vente,stock_courant,valeur_stock_dormant,ca_cumul,ca_cumul_pct,classe_abc,classe_xyz,classe_abc_xyz,cluster_kmeans,cluster_label
P0023,1202.0,420700.0,392,2022-08-02,2025-07-31,250.0,350.0,100.0,Cartouche,HP,Dubaï,1094,0,33.388888888888886,17.736609078042555,36,0.531212917478812,4.4999999999999885,1.4857142857142849,0.2323529411764706,0,26.0,6500.0,420700.0,0.027615641984321374,A,Y,AY,4,Forte rotation stable
P0024,1152.0,419328.0,361,2022-08-05,2025-07-30,260.0,364.0,104.0,Cartouche,HP,Dubaï,1091,1,32.0,20.52872551885702,36,0.6415226724642819,-4.500000000000005,-2.2000000000000006,0.26501766784452296,0,29.0,7540.0,840028.0,0.05514122297315312,A,Y,AY,4,Forte rotation stable
P0105,655.0,408720.0,389,2022-08-01,2025-07-26,480.0,624.0,144.0,Reseau,Cisco,Dubaï,1095,5,18.194444444444443,5.800588366435373,36,0.3188109636514098,6.000000000000002,-0.028571428571428623,0.19815668202764977,0,21.0,10080.0,1248748.0,0.081970472300065,A,X,AX,4,Forte rotation stable
P0021,1144.0,400400.0,359,2022-08-01,2025-07-30,250.0,350.0,100.0,Cartouche,HP,Dubaï,1095,1,31.77777777777778,19.951528564586024,36,0.6278453044799798,-2.5000000000000013,-3.342857142857142,0.041379310344827586,0,11.0,2750.0,1649148.0,0.10825357914703976,A,Y,AY,4,Forte rotation stable
P0110,605.0,362576.5,348,2022-08-01,2025-07-26,461.0,599.3,138.29999999999995,Reseau,SpaceX,Dubaï,1095,5,16.805555555555557,7.532100615534797,36,0.4481911110070292,2.4999999999999987,-1.6857142857142844,0.17326732673267325,0,16.0,7376.0,2011724.5,0.13205387107936278,A,X,AX,4,Forte rotation stable
P0025,832.0,314496.0,270,2023-03-03,2025-07-31,270.0,378.0,108.0,Cartouche,HP,Dubaï,881,0,28.689655172413794,21.13917056129933,29,0.7368220508145199,-5.999999999999998,2.428571428571429,0.26848249027237353,0,11.0,2970.0,2326220.5,0.15269805682098658,A,Y,AY,4,Forte rotation stable
P0104,716.0,297856.0,405,2022-08-03,2025-07-27,320.0,416.0,96.0,Reseau,Cisco,Dubaï,1093,4,19.88888888888889,8.707231076287858,36,0.43779374126586995,-5.000000000000001,0.028571428571428133,0.22857142857142856,0,23.0,7360.0,2624076.5,0.17224995760273612,A,X,AX,4,Forte rotation stable
P0080,223.0,283377.25,182,2022-08-16,2025-07-31,1105.0,1270.75,165.75,Ordinateur,Dell,Dubaï,1080,0,6.194444444444445,3.2847652183500937,36,0.530275999374903,-1.9999999999999996,-0.3999999999999998,0.30303030303030304,0,4.0,4420.0,2907453.75,0.1908514424672513,A,Y,AY,0,Forte rotation stable
P0020,767.0,257712.0,215,2022-08-02,2024-08-17,240.0,336.0,96.0,Cartouche,HP,Dubaï,1094,348,30.68,18.188182976867147,25,0.5928351687375211,13.5,7.485714285714284,0.0,11,5.0,1200.0,3165165.75,0.20776820578330416,A,Y,AY,4,Forte rotation stable
P0017,724.0,222992.0,241,2022-08-01,2024-09-28,220.0,308.0,88.0,Cartouche,HP,Dubaï,1095,306,27.846153846153847,22.354762012049797,26,0.8027953208747164,3.999999999999996,-0.3428571428571431,0.0,10,0.0,0.0,3388157.75,0.22240587451961932,A,Y,AY,4,Forte rotation stable
P0094,692.0,220402.0,419,2022-08-03,2025-07-31,245.0,318.5,73.5,Reseau,TP-Link,Chine,1093,0,19.22222222222222,6.4147647150309695,36,0.3337160834409175,-0.5000000000000007,-0.8571428571428575,0.18930041152263374,0,10.0,2450.0,3608559.75,0.23687353015220405,A,X,AX,4,Forte rotation stable
P0043,318.0,207590.4,209,2022-08-01,2025-07-30,544.0,652.8,108.79999999999995,Imprimante,HP,Dubaï,1095,1,9.085714285714285,5.98710098054647,35,0.6589576550915925,1.999999999999998,0.8285714285714286,0.2692307692307692,0,6.0,3264.0,3816150.15,0.2505002051362356,A,Y,AY,0,Forte rotation stable
P0037,286.0,205920.0,192,2023-06-25,2025-07-29,600.0,720.0,120.0,Imprimante,HP,Dubaï,767,2,11.0,5.329165037789692,26,0.484469548889972,2.5,0.5999999999999998,0.1721311475409836,0,12.0,7200.0,4022070.15,0.26401723151467976,A,X,AX,0,Forte rotation stable
P0051,237.0,204768.0,155,2022-08-01,2025-07-29,720.0,864.0,144.0,Imprimante,HP,Dubaï,1095,2,7.40625,5.333154818921034,32,0.7200884143690847,2.999999999999999,0.428571428571428,0.4375,0,0.0,0.0,4226838.15,0.2774586381651326,A,Y,AY,0,Forte rotation stable
P0014,795.0,200340.0,264,2022-08-04,2025-07-30,180.0,252.0,72.0,Cartouche,HP,Dubaï,1092,1,22.083333333333332,12.456495723689136,36,0.5640677308840364,3.4999999999999933,1.4857142857142849,0.26855123674911663,0,24.0,4320.0,4427178.15,0.290609381486119,A,Y,AY,4,Forte rotation stable
P0016,566.0,174328.0,162,2024-06-17,2025-07-31,220.0,308.0,88.0,Cartouche,HP,Dubaï,409,0,40.42857142857143,20.868505109243102,14,0.5161821051756245,-8.000000000000012,2.3428571428571403,0.21,0,37.0,8140.0,4601506.15,0.3020526418518018,A,Y,AY,0,Forte rotation stable
P0073,154.0,173558.0,118,2022-08-03,2025-03-25,980.0,1127.0,147.0,Ordinateur,Dell,Dubaï,1093,128,5.133333333333334,2.800656737431337,30,0.5455824813177929,3.4999999999999982,1.5142857142857138,0.0,4,0.0,0.0,4775064.15,0.3134453577812405,A,Y,AY,0,Forte rotation stable
P0107,613.0,171333.5,361,2022-08-14,2025-07-31,215.0,279.5,64.5,Reseau,Hikvision,Chine,1082,0,17.02777777777778,10.686402872304896,36,0.6275864655839742,8.999999999999996,1.5999999999999985,0.21195652173913043,0,13.0,2795.0,4946397.65,0.32469205280363345,A,Y,AY,3,En croissance
P0192,342.0,171000.0,225,2022-08-02,2025-07-28,400.0,500.0,100.0,Onduleur,APC,Dubaï,1094,3,9.5,5.920907266386027,36,0.623253396461687,-6.000000000000002,-0.8571428571428567,0.2268041237113402,0,20.0,8000.0,5117397.65,0.33591685617734146,A,Y,AY,0,Forte rotation stable
P0002,1105.0,170170.0,303,2022-08-01,2025-06-17,110.0,154.0,44.0,Cartouche,HP,Dubaï,1095,44,31.571428571428573,18.541346030022797,35,0.5872824534396361,-8.500000000000012,1.0857142857142843,0.17701863354037267,1,0.0,0.0,5287567.65,0.3470871765873057,A,Y,AY,1,En croissance
P0072,173.0,157170.5,129,2022-08-01,2025-07-30,790.0,908.5,118.5,Ordinateur,Dell,Dubaï,1095,1,4.942857142857143,2.4125024491649523,35,0.4880785301778805,0.4999999999999999,0.6857142857142856,0.2857142857142857,0,6.0,4740.0,5444738.15,0.35740418219343073,A,X,AX,0,Forte rotation stable
P0091,307.0,153254.4,194,2022-08-05,2025-07-24,416.0,499.2,83.19999999999999,Moniteur,Acer,Chine,1091,7,8.527777777777779,5.256213254594773,36,0.6163637692684424,0.5000000000000004,1.2285714285714282,0.4117647058823529,0,16.0,6656.0,5597992.550000001,0.3674641266738728,A,Y,AY,0,Forte rotation stable
P0098,604.0,150758.4,354,2022-08-01,2025-07-24,192.0,249.6,57.599999999999994,Reseau,TP-Link,Chine,1095,7,16.77777777777778,7.3216356919986945,36,0.4363888823045579,7.9999999999999964,1.9714285714285709,0.21666666666666667,0,6.0,1152.0,5748750.950000001,0.3773602284103338,A,X,AX,3,En croissance
P0115,579.0,150540.0,342,2022-08-01,2025-07-31,200.0,260.0,60.0,Reseau,Generic,Chine,1095,0,16.083333333333332,6.407027391856539,36,0.39836439742113194,0.5000000000000006,-0.6571428571428569,0.2132701421800948,0,18.0,3600.0,5899290.950000001,0.3872419939066964,A,X,AX,3,En croissance
P0092,250.0,144000.0,157,2022-08-01,2025-07-30,480.0,576.0,96.0,Moniteur,LG,Dubaï,1095,1,6.944444444444445,4.098393026153714,36,0.5901685957661348,0.5000000000000006,-0.14285714285714274,0.208955223880597,0,7.0,3360.0,6043290.950000001,0.39669445990560837,A,Y,AY,0,Forte rotation stable
P0078,130.0,139782.5,100,2024-06-04,2025-07-28,935.0,1075.25,140.25,Ordinateur,Dell,Dubaï,422,3,9.285714285714286,5.941102868719183,14,0.6398110781697581,-2.500000000000001,0.5142857142857138,0.1956521739130435,0,6.0,5610.0,6183073.450000001,0.4058700802423647,A,Y,AY,0,Forte rotation stable
P0088,251.0,139756.8,166,2022-08-02,2025-07-28,464.0,556.8,92.79999999999995,Moniteur,Generic,Chine,1094,3,6.972222222222222,3.676070192949539,36,0.5272451272756311,-0.9999999999999996,0.08571428571428538,0.2222222222222222,0,6.0,2784.0,6322830.250000001,0.4150440135765088,A,Y,AY,0,Forte rotation stable
P0069,142.0,138805.0,116,2022-08-01,2024-09-21,850.0,977.5,127.5,Ordinateur,HP,Dubaï,1095,313,5.461538461538462,2.5016917352986434,26,0.45805623322369526,-1.000000000000001,0.11428571428571432,0.0,10,0.0,0.0,6461635.250000001,0.424155468736085,A,X,AX,0,Forte rotation stable
P0190,381.0,133350.0,257,2022-08-02,2025-07-19,280.0,350.0,70.0,Onduleur,APC,Dubaï,1094,12,10.583333333333334,5.217415890211223,36,0.4929841786026352,-1.5000000000000018,-1.2571428571428571,0.2,0,7.0,1960.0,6594985.250000001,0.4329088461038275,A,X,AX,3,En croissance
P0015,453.0,133182.0,126,2022-08-01,2025-07-03,210.0,294.0,84.0,Cartouche,HP,Dubaï,1095,28,14.15625,17.585018137699652,32,1.2422087867690703,0.4999999999999994,-1.828571428571428,0.16666666666666666,0,13.0,2730.0,6728167.250000001,0.4416511955945712,A,Z,AZ,3,En croissance
P0068,139.0,133155.05000000002,106,2024-05-07,2025-07-31,833.0,957.95,124.95000000000005,Ordinateur,HP,Dubaï,450,0,9.266666666666667,6.933012813104176,15,0.7481668503349829,1.4999999999999991,0.6,0.0990990990990991,0,1.0,833.0,6861322.300000001,0.4503917760300464,A,Y,AY,0,Forte rotation stable
P0046,369.0,127526.40000000001,235,2022-08-02,2025-07-31,288.0,345.6,57.60000000000002,Imprimante,HP,Dubaï,1094,0,10.25,5.1512827806007975,36,0.502564173717151,-2.4999999999999964,-0.17142857142857085,0.24561403508771928,0,8.0,2304.0,6988848.700000001,0.4587628799186829,A,Y,AY,3,En croissance
P0004,735.0,123480.0,205,2022-08-02,2024-12-10,120.0,168.0,48.0,Cartouche,HP,Dubaï,1094,233,25.344827586206897,20.032608884496593,29,0.7904022553066683,-8.5,1.7428571428571433,0.0,7,0.0,0.0,7112328.700000001,0.46686836951274996,A,Y,AY,6,Dormant / risque obsolescence
P0013,485.0,122220.0,148,2022-08-01,2023-09-15,180.0,252.0,72.0,Cartouche,HP,Dubaï,1095,685,34.642857142857146,23.03711768448456,14,0.6649889640882141,7.999999999999994,4.999999999999999,0.0,22,0.0,0.0,7234548.700000001,0.47489115002932647,A,Y,AY,2,Dormant / risque obsolescence
P0012,473.0,119196.0,138,2022-08-01,2023-09-21,180.0,252.0,72.0,Cartouche,HP,Dubaï,1095,679,33.785714285714285,24.214358650089512,14,0.7167040615248481,3.000000000000006,2.9142857142857146,0.0,22,15.0,2700.0,7353744.700000001,0.4827154287599259,A,Y,AY,2,Dormant / risque obsolescence
P0008,485.0,118825.0,172,2022-08-02,2025-07-26,175.0,245.0,70.0,Cartouche,HP,Dubaï,1094,5,13.857142857142858,12.271782211865654,35,0.8855925307531914,7.499999999999997,2.799999999999999,0.5230769230769231,0,13.0,2275.0,7472569.700000001,0.4905153542621531,A,Y,AY,3,En croissance
P0022,328.0,114800.0,93,2022-08-04,2025-07-08,250.0,350.0,100.0,Cartouche,HP,Dubaï,1092,23,10.580645161290322,9.854860707787424,31,0.9314045181140553,-2.5,-2.0857142857142854,0.07462686567164178,0,16.0,4000.0,7587369.700000001,0.49805107021128575,A,Y,AY,3,En croissance
P0044,226.0,112819.2,143,2022-08-01,2025-07-31,416.0,499.2,83.19999999999999,Imprimante,HP,Dubaï,1095,0,6.457142857142857,3.64887458187942,35,0.5650911963087597,4.999999999999999,0.5714285714285714,0.1728395061728395,0,8.0,3328.0,7700188.900000001,0.5054567622392333,A,Y,AY,0,Forte rotation stable
P0178,1016.0,112471.2,459,2022-08-01,2025-07-31,82.0,110.7,28.700000000000003,Stockage,Seagate,Dubaï,1095,0,28.22222222222222,13.524815522610094,36,0.4792257468641372,6.999999999999997,5.228571428571428,0.30218068535825543,0,60.0,4920.0,7812660.1000000015,0.5128396108076836,A,X,AX,1,En croissance
P0062,260.0,112320.0,183,2022-08-09,2025-07-30,360.0,432.0,72.0,Imprimante,Epson,Dubaï,1087,1,7.222222222222222,4.270236601749443,36,0.5912635294729998,3.4999999999999996,0.7999999999999997,0.21052631578947367,0,9.0,3240.0,7924980.1000000015,0.5202125342868349,A,Y,AY,3,En croissance
P0188,398.0,107460.0,275,2022-08-02,2025-07-23,216.0,270.0,54.0,Onduleur,APC,Dubaï,1094,8,11.055555555555555,5.036690775524538,36,0.45558007014794816,2.0,-0.9999999999999997,0.20634920634920634,0,13.0,2808.0,8032440.1000000015,0.527266437038523,A,X,AX,3,En croissance
P0067,128.0,106278.4,98,2022-08-03,2024-11-17,722.0,830.3,108.29999999999995,Ordinateur,HP,Dubaï,1093,256,5.333333333333333,3.772516939388214,24,0.7073469261352902,0.9999999999999998,-4.3978562576499566e-17,0.0,8,0.0,0.0,8138718.500000002,0.5342427770553201,A,Y,AY,0,Forte rotation stable
P0052,155.0,102672.0,111,2022-08-01,2025-07-24,552.0,662.4,110.39999999999998,Imprimante,HP,Dubaï,1095,7,5.7407407407407405,4.425386489793359,27,0.7708737756414239,0.9999999999999998,0.11428571428571419,0.2222222222222222,0,2.0,1104.0,8241390.500000002,0.5409823853125443,A,Y,AY,0,Forte rotation stable
P0222,424.0,102396.0,296,2022-08-02,2025-07-26,210.0,241.5,31.5,Telephone,Samsung,Dubaï,1094,5,11.777777777777779,5.586264333734057,36,0.4743054622981746,-0.4999999999999985,-0.42857142857142866,0.17266187050359713,0,6.0,1260.0,8343786.500000002,0.5477038763432707,A,X,AX,3,En croissance
P0071,139.0,101824.45,108,2022-08-04,2024-10-08,637.0,732.55,95.54999999999995,Ordinateur,Dell,Dubaï,1092,296,5.148148148148148,3.0847478852686674,27,0.5991956323903167,1.0000000000000018,-0.5428571428571428,0.0,9,0.0,0.0,8445610.950000001,0.5543878496174575,A,Y,AY,0,Forte rotation stable
P0076,148.0,101269.0,114,2022-08-02,2025-07-18,595.0,684.25,89.25,Ordinateur,HP,Dubaï,1094,13,4.228571428571429,2.6355679629626243,35,0.6232762074573773,-1.5000000000000002,0.5142857142857142,0.27906976744186046,0,6.0,3570.0,8546879.950000001,0.5610353619733174,A,Y,AY,0,Forte rotation stable
P0045,215.0,100104.0,135,2022-08-01,2025-07-23,388.0,465.6,77.60000000000002,Imprimante,HP,Dubaï,1095,8,5.972222222222222,4.0531195119041055,36,0.6786618717606874,3.9999999999999982,0.6571428571428569,0.23076923076923078,0,9.0,3492.0,8646983.950000001,0.567606401253561,A,Y,AY,3,En croissance
P0042,259.0,99456.0,166,2022-08-02,2025-07-24,320.0,384.0,64.0,Imprimante,HP,Dubaï,1094,7,7.194444444444445,4.393628142431748,36,0.6106973479827912,2.5000000000000004,0.3999999999999999,0.20967741935483872,0,18.0,5760.0,8746439.950000001,0.5741349044368096,A,Y,AY,3,En croissance
P0066,153.0,97124.4,117,2022-08-03,2025-07-28,552.0,634.8,82.79999999999995,Ordinateur,HP,Dubaï,1093,3,4.371428571428571,2.961376014483751,35,0.6774389575616425,-2.500000000000003,-0.11428571428571427,0.2916666666666667,0,8.0,4416.0,8843564.350000001,0.5805103564414258,A,Y,AY,0,Forte rotation stable
P0147,1694.0,96558.0,615,2022-08-01,2025-07-30,38.0,57.0,19.0,Accessoire,Dell,Dubaï,1095,1,47.05555555555556,20.442175512467838,36,0.4344263981398124,1.999999999999991,1.542857142857142,0.16491754122938532,0,22.0,836.0,8940122.350000001,0.5868486287464462,A,X,AX,1,En croissance
P0026,248.0,95480.0,87,2022-08-01,2024-09-01,275.0,385.0,110.0,Cartouche,HP,Dubaï,1095,333,12.4,15.742667466073481,20,1.2695699569414098,1.0000000000000038,1.5142857142857147,0.0,10,0.0,0.0,9035602.350000001,0.5931161388407248,A,Z,AZ,6,Dormant / risque obsolescence
P0040,355.0,95424.0,230,2022-08-01,2025-07-30,224.0,268.8,44.80000000000001,Imprimante,HP,Dubaï,1095,1,10.142857142857142,5.504772566455708,35,0.5427240558477459,1.9999999999999984,0.7428571428571427,0.2079207920792079,0,10.0,2240.0,9131026.350000001,0.5993799729760038,A,Y,AY,3,En croissance
P0189,526.0,94680.0,345,2022-08-02,2025-07-24,144.0,180.0,36.0,Onduleur,Mercury,Chine,1094,7,14.61111111111111,6.1378347870414265,36,0.4200799474020748,1.4999999999999991,1.3714285714285708,0.2874251497005988,0,5.0,720.0,9225706.350000001,0.6055949693702884,A,X,AX,3,En croissance
P0221,496.0,94116.0,349,2022-08-01,2025-07-29,165.0,189.75,24.75,Telephone,Samsung,Dubaï,1095,2,13.777777777777779,5.138710850626762,36,0.37297094883581333,3.4999999999999982,0.2571428571428572,0.18354430379746836,0,11.0,1815.0,9319822.350000001,0.6117729436060774,A,X,AX,3,En croissance
P0011,395.0,94010.0,126,2022-08-01,2024-08-14,170.0,238.0,68.0,Cartouche,HP,Dubaï,1095,351,17.17391304347826,18.09985478071589,23,1.0539155948264949,3.999999999999999,-1.9510032784030544e-16,0.0,11,0.0,0.0,9413832.350000001,0.6179439597766171,A,Z,AZ,6,Dormant / risque obsolescence
P0109,534.0,93717.0,303,2022-08-01,2025-07-31,135.0,175.5,40.5,Reseau,Ubiquiti,Chine,1095,0,14.833333333333334,5.784214973282274,36,0.38994707685049035,-5.999999999999998,2.2,0.32460732984293195,0,30.0,4050.0,9507549.350000001,0.624095742804534,A,X,AX,3,En croissance
P0219,492.0,93357.0,344,2022-08-03,2025-07-21,165.0,189.75,24.75,Telephone,Tecno,Chine,1093,10,13.666666666666666,4.956957592256421,36,0.362704214067543,5.499999999999998,2.3714285714285697,0.2598870056497175,0,10.0,1650.0,9600906.350000001,0.6302238946674537,A,X,AX,3,En croissance
P0060,184.0,92736.0,113,2024-05-18,2025-07-26,420.0,504.0,84.0,Imprimante,Canon,Dubaï,439,5,12.266666666666667,8.180697373929043,15,0.6669046772224763,3.999999999999999,-0.17142857142857154,0.11976047904191617,0,3.0,1260.0,9693642.350000001,0.6363112827707529,A,Y,AY,0,Forte rotation stable
P0056,272.0,91392.0,173,2022-08-05,2025-07-31,280.0,336.0,56.0,Imprimante,Canon,Dubaï,1091,0,7.555555555555555,4.292481429825505,36,0.5681225421827875,0.4999999999999986,0.9714285714285711,0.25,0,13.0,3640.0,9785034.350000001,0.6423104478580625,A,Y,AY,3,En croissance
P0177,1145.0,86562.0,547,2022-08-06,2025-07-29,56.0,75.6,19.599999999999994,Stockage,Seagate,Dubaï,1090,2,31.805555555555557,15.72953444855422,36,0.49455304816415013,13.000000000000002,5.428571428571427,0.28530259365994237,0,60.0,3360.0,9871596.350000001,0.6479925614816584,A,X,AX,1,En croissance
P0230,242.0,84942.0,151,2022-08-09,2024-10-27,270.0,351.0,81.0,Camera,Hikvision,Chine,1087,277,8.962962962962964,4.926236521707649,27,0.5496214301078781,3.5000000000000013,1.4285714285714284,0.0,9,0.0,0.0,9956538.350000001,0.6535683348627666,A,Y,AY,0,Forte rotation stable
P0096,655.0,83447.0,386,2022-08-01,2025-07-30,98.0,127.4,29.400000000000006,Reseau,D-Link,Chine,1095,1,18.194444444444443,7.566163188619804,36,0.4158501905195618,-2.1754265397145848e-15,1.7714285714285707,0.2422907488986784,0,15.0,1470.0,10039985.350000001,0.6590459732670111,A,X,AX,3,En croissance
P0028,563.0,82761.0,191,2022-08-02,2024-08-27,105.0,147.0,42.0,Cartouche,HP,Dubaï,1094,338,23.458333333333332,16.197098952983946,24,0.6904624775694755,7.499999999999997,0.8857142857142848,0.0,11,0.0,0.0,10122746.350000001,0.6644785811735108,A,Y,AY,6,Dormant / risque obsolescence
P0029,733.0,82096.0,219,2022-08-02,2024-10-06,80.0,112.0,32.0,Cartouche,HP,Dubaï,1094,298,27.14814814814815,16.913134867733156,27,0.6229940537909894,-6.499999999999993,0.28571428571428553,0.0,9,0.0,0.0,10204842.350000001,0.6698675370668905,A,Y,AY,6,Dormant / risque obsolescence
P0055,225.0,82080.0,144,2022-08-02,2025-07-06,304.0,364.8,60.80000000000001,Imprimante,Canon,Dubaï,1094,25,6.818181818181818,5.186849630643738,33,0.7607379458277482,-0.5,-1.171428571428571,0.13333333333333333,0,6.0,1824.0,10286922.350000001,0.6752554426862704,A,Y,AY,3,En croissance
P0005,448.0,81536.0,129,2022-08-02,2025-07-22,130.0,182.0,52.0,Cartouche,HP,Dubaï,1094,9,13.176470588235293,10.37032651435143,34,0.7870337086784567,3.4999999999999982,-5.590316773581776e-16,0.125,0,30.0,3900.0,10368458.350000001,0.6806076389896543,A,Y,AY,3,En croissance
P0001,608.0,80864.0,176,2022-08-01,2024-04-01,95.0,133.0,38.0,Cartouche,HP,Dubaï,1095,486,28.952380952380953,15.714567097047853,21,0.542772876707245,-6.499999999999994,0.48571428571428693,0.0,15,7.0,665.0,10449322.350000001,0.6859157237850434,A,Y,AY,6,Dormant / risque obsolescence
P0186,422.0,80180.0,268,2022-08-02,2025-07-23,152.0,190.0,38.0,Onduleur,APC,Dubaï,1094,8,11.722222222222221,7.033028655102442,36,0.5999740084921515,0.5000000000000014,2.998499011473747e-16,0.2920353982300885,0,14.0,2128.0,10529502.350000001,0.6911789093669375,A,Y,AY,3,En croissance
P0090,234.0,78624.0,162,2022-08-06,2025-07-30,280.0,336.0,56.0,Moniteur,Dell,Dubaï,1090,1,6.685714285714286,3.9761896375315713,35,0.5947292192889102,1.5,1.1428571428571423,0.35384615384615387,0,13.0,3640.0,10608126.350000001,0.6963399558023435,A,Y,AY,3,En croissance
P0019,235.0,77315.0,77,2022-08-02,2025-01-01,235.0,329.0,94.0,Cartouche,HP,Dubaï,1094,211,9.791666666666666,15.001388824594432,24,1.5320567310224102,-2.5000000000000013,-1.6285714285714281,0.0,6,0.0,0.0,10685441.350000001,0.7014150766961343,B,Z,BZ,6,Dormant / risque obsolescence
P0112,671.0,76762.40000000001,410,2022-08-02,2025-07-30,88.0,114.4,26.400000000000006,Reseau,TP-Link,Chine,1094,1,18.63888888888889,6.547203450013832,36,0.35126575886810424,5.999999999999997,-0.28571428571428603,0.21428571428571427,0,32.0,2816.0,10762203.750000002,0.7064539237516544,B,X,BX,3,En croissance
P0089,176.0,76032.0,126,2022-08-01,2025-07-31,360.0,432.0,72.0,Moniteur,HP,Dubaï,1095,0,5.176470588235294,3.537424060521614,34,0.6833660116916754,-1.0000000000000013,-0.0285714285714285,0.2692307692307692,0,5.0,1800.0,10838235.750000002,0.7114448257990799,B,Y,BY,3,En croissance
P0054,194.0,74496.0,123,2022-08-05,2025-07-26,320.0,384.0,64.0,Imprimante,Canon,Dubaï,1091,5,5.705882352941177,3.841791026171263,34,0.6733035819063038,2.4999999999999996,1.0857142857142854,0.32,0,14.0,4480.0,10912731.750000002,0.716334901542517,B,Y,BY,3,En croissance
P0038,91.0,74256.0,64,2022-08-08,2025-07-18,680.0,816.0,136.0,Imprimante,HP,Dubaï,1088,13,3.1379310344827585,1.7055400889670966,29,0.5435237646158879,-0.9999999999999996,0.22857142857142854,0.28,0,9.0,6120.0,10986987.750000002,0.721209223175956,B,Y,BY,0,Forte rotation stable
P0158,1532.0,73536.0,598,2022-08-02,2025-07-31,32.0,48.0,16.0,Accessoire,Logitech,Dubaï,1094,0,42.55555555555556,12.541233578980165,36,0.2947026167384373,9.999999999999996,2.8000000000000007,0.24806201550387597,0,16.0,512.0,11060523.750000002,0.7260362824794004,B,X,BX,1,En croissance
P0058,218.0,73248.0,152,2022-08-02,2025-07-23,280.0,336.0,56.0,Imprimante,Canon,Dubaï,1094,8,6.055555555555555,4.153789625627211,36,0.6859469106540349,4.499999999999998,1.5142857142857136,0.3013698630136986,0,1.0,280.0,11133771.750000002,0.730844436850847,B,Y,BY,3,En croissance
P0179,930.0,72819.0,382,2022-08-02,2025-07-24,58.0,78.3,20.299999999999997,Stockage,WD,Dubaï,1094,7,25.833333333333332,16.17493652007857,36,0.6261265749707834,18.499999999999996,7.485714285714284,0.32063492063492066,0,70.0,4060.0,11206590.750000002,0.7356244307506717,B,Y,BY,1,En croissance
P0232,200.0,72800.0,136,2022-08-01,2025-07-16,280.0,364.0,84.0,Camera,Hikvision,Chine,1095,15,5.714285714285714,3.730411021128184,35,0.6528219286974322,-1.9999999999999991,-0.6285714285714284,0.203125,0,3.0,840.0,11279390.750000002,0.7404031774501217,B,Y,BY,3,En croissance
P0087,199.0,72595.2,128,2022-08-03,2024-11-14,304.0,364.8,60.80000000000001,Moniteur,Generic,Chine,1093,259,7.37037037037037,4.27108478517639,27,0.5794939155766962,0.4999999999999999,-1.4571428571428564,0.0,8,0.0,0.0,11351985.950000001,0.7451684806423732,B,Y,BY,0,Forte rotation stable
P0157,1258.0,71706.0,466,2022-08-01,2025-07-29,38.0,57.0,19.0,Accessoire,HP,Dubaï,1095,2,34.94444444444444,13.077667866458333,36,0.37424168775238476,-11.000000000000004,0.5714285714285702,0.25925925925925924,0,25.0,950.0,11423691.950000001,0.7498754148570814,B,X,BX,1,En croissance
P0086,297.0,71280.0,188,2022-08-14,2025-07-26,200.0,240.0,40.0,Moniteur,Generic,Chine,1082,5,8.25,3.682972402053227,36,0.446420897218573,1.9999999999999971,1.371428571428571,0.3493975903614458,0,16.0,3200.0,11494971.950000001,0.7545543855265429,B,X,BX,3,En croissance
P0220,471.0,70414.5,339,2022-08-01,2025-07-30,130.0,149.5,19.5,Telephone,Tecno,Chine,1095,1,13.083333333333334,6.548173136728399,36,0.5004973098136355,-1.0000000000000018,0.9428571428571421,0.23178807947019867,0,9.0,1170.0,11565386.450000001,0.7591765429368234,B,Y,BY,3,En croissance
P0006,342.0,69426.0,105,2022-08-22,2025-07-28,145.0,203.0,58.0,Cartouche,HP,Dubaï,1074,3,9.771428571428572,8.029671864534741,35,0.8217500446161284,-1.9999999999999996,-0.9428571428571416,0.19801980198019803,0,15.0,2175.0,11634812.450000001,0.7637338131065488,B,Y,BY,3,En croissance
P0223,486.0,69024.15000000001,344,2022-08-06,2025-07-28,1235.0,142.025,-1092.975,Telephone,Samsung,Dubaï,1090,3,13.5,6.716716885077538,36,0.49753458407981765,-5.000000000000002,-0.02857142857142937,0.19883040935672514,0,9.0,11115.0,11703836.600000001,0.768264704988346,B,X,BX,3,En croissance
P0095,705.0,68737.5,405,2022-08-03,2025-07-31,75.0,97.5,22.5,Reseau,TP-Link,Chine,1093,0,19.583333333333332,8.696058220333427,36,0.44405403678298355,1.4725055674335305e-15,0.028571428571428262,0.1652542372881356,0,19.0,1425.0,11772574.100000001,0.7727767805550142,B,X,BX,3,En croissance
P0145,1603.0,67326.0,562,2022-08-01,2025-07-29,28.0,42.0,14.0,Accessoire,Generic,Chine,1095,2,44.52777777777778,19.23313526348453,36,0.43193566405829265,-3.500000000000007,3.171428571428569,0.20463320463320464,0,20.0,560.0,11839900.100000001,0.7771962022622555,B,X,BX,1,En croissance
P0074,48.0,65688.0,39,2022-08-23,2025-07-30,1190.0,1368.5,178.5,Ordinateur,HP,Dubaï,1073,1,1.92,0.9539392014169457,25,0.49684333407132586,0.4999999999999998,-2.0822395322839762e-17,0.2222222222222222,0,6.0,7140.0,11905588.100000001,0.7815081021687592,B,X,BX,0,Forte rotation stable
P0114,373.0,65461.5,207,2022-08-02,2024-10-15,135.0,175.5,40.5,Reseau,Generic,Chine,1094,289,14.92,10.037097854127623,25,0.6727277382123071,-1.0000000000000009,-0.11428571428571377,0.0,9,16.0,2160.0,11971049.600000001,0.7858051341339521,B,Y,BY,6,Dormant / risque obsolescence
P0159,1523.0,63966.0,604,2022-08-01,2025-07-29,28.0,42.0,14.0,Accessoire,Generic,Chine,1095,2,42.30555555555556,14.188162962623748,36,0.3353735171729842,-0.4999999999999999,0.3428571428571433,0.1853932584269663,0,22.0,616.0,12035015.600000001,0.7900039983012188,B,X,BX,1,En croissance
P0075,65.0,63537.5,53,2022-08-17,2025-06-29,850.0,977.5,127.5,Ordinateur,HP,Dubaï,1079,32,2.3214285714285716,1.6113847605587086,28,0.6941349737791359,-5.741802664986524e-16,0.08571428571428559,0.19230769230769232,1,5.0,4250.0,12098553.100000001,0.7941747348179262,B,Y,BY,0,Forte rotation stable
P0102,731.0,61769.5,404,2022-08-01,2025-07-26,65.0,84.5,19.5,Reseau,D-Link,Chine,1095,5,20.305555555555557,9.747730708644653,36,0.4800524015201197,1.499999999999999,-0.42857142857142777,0.23222748815165878,0,12.0,780.0,12160322.600000001,0.7982294160576471,B,X,BX,3,En croissance
P0146,1022.0,58254.0,404,2022-08-01,2025-07-28,38.0,57.0,19.0,Accessoire,HP,Dubaï,1095,3,28.38888888888889,14.263395263556445,36,0.502428795976548,-2.4999999999999973,0.5999999999999993,0.22784810126582278,0,35.0,1330.0,12218576.600000001,0.8020533324069569,B,Y,BY,1,En croissance
P0053,82.0,58252.799999999996,59,2022-08-02,2023-04-04,592.0,710.4,118.39999999999998,Imprimante,HP,Dubaï,1094,849,9.11111111111111,7.540630683909079,9,0.8276301970144111,0.5,-2.142857142857142,0.0,27,0.0,0.0,12276829.400000002,0.8058771699857168,B,Y,BY,2,Dormant / risque obsolescence
P0218,528.0,57684.0,384,2022-08-01,2025-07-29,95.0,109.25,14.25,Telephone,Itel,Chine,1095,2,14.666666666666666,5.971360218337431,36,0.4071381967048248,5.499999999999998,2.1428571428571423,0.2711864406779661,0,10.0,950.0,12334513.400000002,0.809663670323781,B,X,BX,3,En croissance
P0039,260.0,57408.0,160,2022-08-04,2025-07-31,184.0,220.8,36.80000000000001,Imprimante,HP,Dubaï,1092,0,7.222222222222222,4.7755993557195735,36,0.661236833868864,2.999999999999999,0.5142857142857139,0.22077922077922077,0,0.0,0.0,12391921.400000002,0.8134320534353472,B,Y,BY,3,En croissance
P0184,462.0,55440.0,295,2022-08-02,2025-07-29,96.0,120.0,24.0,Onduleur,APC,Dubaï,1094,2,12.833333333333334,6.199078272499181,36,0.4830450601947413,2.9999999999999987,1.5714285714285705,0.24324324324324326,0,9.0,864.0,12447361.400000002,0.8170712528449283,B,X,BX,3,En croissance
P0030,299.0,54418.0,94,2022-08-01,2023-09-16,130.0,182.0,52.0,Cartouche,Canon,Dubaï,1095,684,21.357142857142858,25.460700162156826,14,1.192139806923731,-2.9999999999999982,2.2285714285714286,0.0,22,0.0,0.0,12501779.400000002,0.8206433660027672,B,Z,BZ,2,Dormant / risque obsolescence
P0099,705.0,52240.5,416,2022-08-01,2025-07-31,57.0,74.1,17.099999999999994,Reseau,TP-Link,Chine,1095,0,19.583333333333332,7.200694410957877,36,0.36769503375104057,-0.9999999999999977,-0.6571428571428571,0.19011406844106463,0,10.0,570.0,12554019.900000002,0.824072543433435,B,X,BX,3,En croissance
P0248,116.0,50112.0,113,2022-08-04,2025-07-12,360.0,432.0,72.0,Gaming,Sony,Dubaï,1092,19,3.411764705882353,2.046692039999024,34,0.5998924944824725,-2.0000000000000013,-6.548738434834962e-17,0.21951219512195122,0,3.0,1080.0,12604131.900000002,0.8273620016010563,B,Y,BY,3,En croissance
P0149,1488.0,49104.0,572,2022-08-01,2025-07-25,22.0,33.0,11.0,Accessoire,HP,Chine,1095,6,41.333333333333336,16.478557495814286,36,0.39867477812453916,0.49999999999999584,2.0571428571428574,0.2126865671641791,0,19.0,418.0,12653235.900000002,0.8305852925066853,B,X,BX,1,En croissance
P0057,179.0,48115.200000000004,125,2022-08-01,2025-07-25,224.0,268.8,44.80000000000001,Imprimante,Canon,Dubaï,1095,6,5.114285714285714,3.537791173395431,35,0.6917468774795535,1.0813965140346581e-17,-1.485714285714285,0.05084745762711865,0,13.0,2912.0,12701351.100000001,0.8337436764791217,B,Y,BY,3,En croissance
P0216,499.0,47055.7,349,2022-08-01,2025-07-28,82.0,94.3,12.299999999999997,Telephone,Itel,Chine,1095,3,13.86111111111111,6.15120326337064,36,0.44377418332934476,-1.999999999999997,1.2857142857142863,0.2808988764044944,0,24.0,1968.0,12748406.8,0.8368325126201287,B,X,BX,3,En croissance
P0255,131.0,41893.8,120,2022-08-07,2025-07-25,246.0,319.8,73.80000000000001,Mobilier,Generic,Chine,1089,6,4.09375,2.084650121490956,32,0.5092275105932106,0.4999999999999989,0.3999999999999996,0.3684210526315789,0,0.0,0.0,12790300.600000001,0.8395825106761372,B,Y,BY,3,En croissance
P0155,1269.0,41877.0,489,2022-08-01,2025-07-25,22.0,33.0,11.0,Accessoire,Generic,Chine,1095,6,35.25,14.794545326861904,36,0.4197034135279973,3.500000000000002,1.7142857142857135,0.2545871559633027,0,24.0,528.0,12832177.600000001,0.8423314059444458,B,X,BX,1,En croissance
P0113,420.0,40950.0,234,2022-08-01,2025-07-20,75.0,97.5,22.5,Reseau,Generic,Chine,1095,11,11.666666666666666,6.4142698058981855,36,0.549794554791273,-0.5000000000000028,0.6285714285714273,0.28187919463087246,0,6.0,450.0,12873127.600000001,0.8450194509628863,B,Y,BY,3,En croissance
P0270,347.0,40599.0,224,2022-08-02,2025-07-29,90.0,117.0,27.0,Composant,Kingston,Dubaï,1094,2,9.63888888888889,6.132595711338728,36,0.636234713568283,-3.0,0.31428571428571395,0.23577235772357724,0,20.0,1800.0,12913726.600000001,0.8476844555954547,B,Y,BY,3,En croissance
P0138,1228.0,40524.0,470,2022-08-01,2025-07-29,22.0,33.0,11.0,Accessoire,Generic,Chine,1095,2,34.111111111111114,13.599953314579068,36,0.39869569977593355,-7.000000000000002,-1.371428571428572,0.20665083135391923,0,18.0,396.0,12954250.600000001,0.8503445370686484,B,X,BX,1,En croissance
P0007,175.0,40425.0,52,2022-08-01,2023-02-24,165.0,231.0,66.0,Cartouche,HP,Dubaï,1095,888,25.0,25.099800796022265,7,1.0039920318408906,7.4999999999999964,1.0857142857142852,0.0,29,0.0,0.0,12994675.600000001,0.852998119971468,B,Z,BZ,2,Dormant / risque obsolescence
P0111,676.0,40072.5,390,2022-08-01,2025-07-30,45.0,58.5,13.5,Reseau,Generic,Chine,1095,1,18.77777777777778,8.377217782639878,36,0.44612402392756745,3.0000000000000004,3.457142857142855,0.2907488986784141,0,6.0,270.0,13034748.100000001,0.8556285640252278,B,X,BX,3,En croissance
P0152,1460.0,39420.0,567,2022-08-01,2025-07-30,18.0,27.0,9.0,Accessoire,Generic,Chine,1095,1,40.55555555555556,13.753845061227569,36,0.3391359056193099,2.4999999999999933,1.4,0.23809523809523808,0,24.0,432.0,13074168.100000001,0.8582161765924299,B,X,BX,1,En croissance
P0262,72.0,38844.0,57,2022-08-08,2025-03-23,415.0,539.5,124.5,Rack,Generic,Chine,1088,130,2.6666666666666665,1.4935759876113537,27,0.5600909953542577,1.4999999999999993,0.08571428571428556,0.0,4,0.0,0.0,13113012.100000001,0.8607659792956365,B,Y,BY,0,Forte rotation stable
P0180,879.0,37972.8,428,2022-08-01,2025-07-31,32.0,43.2,11.200000000000003,Stockage,Kingston,Dubaï,1095,0,24.416666666666668,11.072165874067148,36,0.4534675443303951,10.499999999999998,1.37142857142857,0.23824451410658307,0,70.0,2240.0,13150984.900000002,0.8632585945795496,B,X,BX,1,En croissance
P0070,57.0,37297.950000000004,45,2022-08-01,2023-08-25,569.0,654.35,85.35000000000002,Ordinateur,Dell,Dubaï,1095,706,4.75,3.1658691180665177,12,0.6664987616982142,0.4999999999999996,1.1428571428571432,0.0,23,0.0,0.0,13188282.850000001,0.8657069112754114,B,Y,BY,2,Dormant / risque obsolescence
P0208,1889.0,37024.4,638,2022-08-01,2025-07-31,14.0,19.6,5.600000000000001,Papeterie,Alba,Chine,1095,0,52.47222222222222,25.63199575431469,36,0.4884869492616881,48.99999999999999,6.228571428571426,0.24088541666666666,0,18.0,252.0,13225307.250000002,0.8681372715679817,B,X,BX,1,En croissance
P0009,150.0,36750.0,64,2022-08-01,2023-06-27,175.0,245.0,70.0,Cartouche,HP,Dubaï,1095,765,16.666666666666668,22.15851980616034,9,1.3295111883696202,6.4999999999999964,2.5428571428571414,0.0,25,0.0,0.0,13262057.250000002,0.870549619661454,B,Z,BZ,2,Dormant / risque obsolescence
P0032,187.0,36652.0,50,2022-08-01,2024-03-19,140.0,196.0,56.0,Cartouche,Canon,Dubaï,1095,499,10.38888888888889,14.621253220966867,18,1.4073933581679337,-0.5000000000000033,-0.40000000000000047,0.0,16,0.0,0.0,13298709.250000002,0.8729555348266772,B,Z,BZ,6,Dormant / risque obsolescence
P0018,118.0,36344.0,35,2022-08-01,2022-09-24,220.0,308.0,88.0,Cartouche,HP,Dubaï,1095,1041,59.0,2.8284271247461903,2,0.04793944279230831,-4.00000000000001,-4.00000000000001,0.0,34,0.0,0.0,13335053.250000002,0.8753412322174026,B,X,BX,5,Dormant / risque obsolescence
P0176,996.0,34959.6,424,2022-08-02,2025-07-22,26.0,35.1,9.100000000000001,Stockage,SanDisk,Chine,1094,9,27.666666666666668,15.029494811393837,36,0.5432347522190544,-3.5000000000000018,-1.971428571428571,0.14776632302405499,0,51.0,1326.0,13370012.850000001,0.8776360546502884,B,Y,BY,1,En croissance
P0194,312.0,34320.0,211,2022-08-01,2025-07-23,88.0,110.0,22.0,Onduleur,Generic,Chine,1095,8,8.666666666666666,3.82473154987006,36,0.4413151788311608,-0.5000000000000006,0.28571428571428553,0.23958333333333334,0,11.0,968.0,13404332.850000001,0.8798888923800291,B,X,BX,3,En croissance
P0156,1260.0,34020.0,486,2022-08-02,2025-07-28,18.0,27.0,9.0,Accessoire,Generic,Chine,1094,3,35.0,15.598534729720154,36,0.44567242084914727,1.999999999999997,3.8571428571428554,0.25471698113207547,0,23.0,414.0,13438352.850000001,0.882122037472272,B,X,BX,1,En croissance
P0269,416.0,33529.6,260,2022-08-04,2025-07-31,62.0,80.6,18.599999999999994,Composant,Kingston,Dubaï,1092,0,11.555555555555555,6.5615522747264805,36,0.5678266391590223,1.4179447980672952e-15,-2.114285714285714,0.20481927710843373,0,20.0,1240.0,13471882.450000001,0.8843229916664187,B,Y,BY,3,En croissance
P0061,99.0,33264.0,61,2022-08-11,2025-07-14,280.0,336.0,56.0,Imprimante,Epson,Dubaï,1085,17,3.09375,2.2484313528295896,32,0.7267656898035038,-1.9999999999999996,0.22857142857142854,0.24390243902439024,0,16.0,4480.0,13505146.450000001,0.8865065113121674,B,Y,BY,3,En croissance
P0191,131.0,32750.0,93,2022-08-01,2025-05-22,200.0,250.0,50.0,Onduleur,Mercury,Chine,1095,70,5.038461538461538,4.520891675152319,26,0.8972762103355747,2.4999999999999987,0.6,0.3333333333333333,2,3.0,600.0,13537896.450000001,0.8886562909056699,B,Y,BY,3,En croissance
P0212,2018.0,32324.600000000002,693,2022-08-01,2025-07-30,110.0,15.4,-94.6,Papeterie,Generic,Chine,1095,1,56.05555555555556,20.037029212998107,36,0.35744948050938147,13.99999999999999,-3.6571428571428566,0.18494055482166447,0,59.0,6490.0,13570221.05,0.8907781463392006,B,X,BX,1,En croissance
P0010,130.0,31850.0,39,2022-08-01,2022-09-20,175.0,245.0,70.0,Cartouche,HP,Dubaï,1095,1045,65.0,39.59797974644666,2,0.6091996884068717,-56.00000000000001,-56.00000000000001,0.0,34,0.0,0.0,13602071.05,0.89286884802021,B,Y,BY,5,Dormant / risque obsolescence
P0048,273.0,31449.600000000002,177,2022-08-04,2025-03-03,96.0,115.2,19.200000000000003,Imprimante,HP,Dubaï,1092,150,8.53125,4.799088455113116,32,0.5625305148850539,0.5000000000000004,0.3999999999999999,0.0,4,0.0,0.0,13633520.65,0.8949332665943723,B,Y,BY,3,En croissance
P0097,349.0,31305.300000000003,192,2022-08-02,2024-07-23,69.0,89.7,20.700000000000003,Reseau,TP-Link,Chine,1094,373,15.863636363636363,12.551969887310438,22,0.7912416547874775,-0.4999999999999991,-0.28571428571428564,0.0,12,17.0,1173.0,13664825.950000001,0.8969882130098984,B,Y,BY,6,Dormant / risque obsolescence
P0150,1149.0,31023.0,426,2022-08-09,2025-07-31,18.0,27.0,9.0,Accessoire,Generic,Chine,1087,0,31.916666666666668,17.685143078705522,36,0.5541036995939067,3.999999999999998,2.9142857142857133,0.20754716981132076,0,77.0,1386.0,13695848.950000001,0.8990246286535389,B,Y,BY,1,En croissance
P0144,859.0,30924.0,344,2022-08-01,2024-07-15,24.0,36.0,12.0,Accessoire,Generic,Chine,1095,381,37.34782608695652,27.963626854853256,23,0.7487350613057333,-0.4999999999999996,-0.8285714285714287,0.0,12,18.0,432.0,13726772.950000001,0.9010545457268053,C,Y,CY,6,Dormant / risque obsolescence
P0185,215.0,30100.0,155,2022-08-02,2025-07-28,112.0,140.0,28.0,Onduleur,APC,Dubaï,1094,3,6.323529411764706,4.422535870901644,34,0.6993777656309577,2.8828903816168033e-16,0.11428571428571441,0.18181818181818182,0,6.0,672.0,13756872.950000001,0.9030303736890779,C,Y,CY,3,En croissance
P0083,34.0,29911.5,26,2022-08-05,2023-05-17,765.0,879.75,114.75,Ordinateur,Asus,Dubaï,1091,806,3.4,2.366431913239847,10,0.6960093862470138,1.4999999999999998,-0.08571428571428584,0.0,26,0.0,0.0,13786784.450000001,0.9049938281107894,C,Y,CY,2,Dormant / risque obsolescence
P0081,27.0,29031.75,20,2022-08-01,2023-01-11,935.0,1075.25,140.25,Ordinateur,Lenovo,Dubaï,1095,932,5.4,4.878524367060187,5,0.903430438344479,0.4999999999999997,-1.8000000000000018,0.0,30,0.0,0.0,13815816.200000001,0.9068995338730388,C,Y,CY,2,Dormant / risque obsolescence
P0201,2293.0,28891.8,729,2022-08-03,2025-07-30,9.0,12.6,3.5999999999999996,Papeterie,Generic,Chine,1093,1,63.69444444444444,23.267168093928216,36,0.36529352437043866,-0.4999999999999965,-1.5428571428571418,0.20048309178743962,0,22.0,198.0,13844708.000000002,0.9087960530198955,C,X,CX,1,En croissance
P0136,1605.0,28890.0,631,2022-08-04,2025-07-30,12.0,18.0,6.0,Accessoire,Logitech,Chine,1092,1,44.583333333333336,15.723276648695988,36,0.35267162576514366,13.999999999999993,5.857142857142853,0.2613430127041742,0,12.0,144.0,13873598.000000002,0.9106924540109272,C,X,CX,1,En croissance
P0267,379.0,28576.600000000002,243,2022-08-10,2025-07-28,58.0,75.4,17.400000000000006,Composant,Kingston,Dubaï,1086,3,10.527777777777779,5.547128529305492,36,0.5269040291688594,0.5000000000000004,-0.22857142857142862,0.15517241379310345,0,9.0,522.0,13902174.600000001,0.9125682827599864,C,Y,CY,3,En croissance
P0050,263.0,28324.8,173,2022-08-01,2025-07-26,84.0,100.8,16.799999999999997,Imprimante,HP,Dubaï,1095,5,7.305555555555555,4.132238718345882,36,0.5656296344503869,2.5,0.3428571428571427,0.14772727272727273,0,7.0,588.0,13930499.400000002,0.9144275828219723,C,Y,CY,3,En croissance
P0148,1328.0,27888.0,510,2022-08-01,2025-07-31,14.0,21.0,7.0,Accessoire,Generic,Chine,1095,0,36.888888888888886,14.994813918300034,36,0.4064859194719889,-2.5000000000000138,4.54285714285714,0.2622641509433962,0,28.0,392.0,13958387.400000002,0.9162582104037617,C,X,CX,1,En croissance
P0135,1391.0,27124.5,532,2022-08-01,2025-07-31,13.0,19.5,6.5,Accessoire,Dell,Chine,1095,0,38.638888888888886,15.806242487931838,36,0.4090760097523697,16.0,8.657142857142855,0.27207207207207207,0,12.0,156.0,13985511.900000002,0.9180387202231193,C,X,CX,1,En croissance
P0134,1277.0,26817.0,482,2022-08-02,2025-07-30,14.0,21.0,7.0,Accessoire,HP,Chine,1094,1,35.47222222222222,15.615900524988918,36,0.4402289889581841,17.499999999999996,4.685714285714288,0.2616632860040568,0,24.0,336.0,14012328.900000002,0.9197990450890416,C,X,CX,1,En croissance
P0217,419.0,26501.75,294,2022-08-01,2025-07-31,55.0,63.25,8.25,Telephone,Itel,Chine,1095,0,11.63888888888889,5.172193664354352,36,0.4443889544552665,2.999999999999999,0.7428571428571418,0.25,0,8.0,440.0,14038830.650000002,0.9215386762750601,C,X,CX,3,En croissance
P0187,114.0,26220.0,79,2022-08-01,2025-07-25,184.0,230.0,46.0,Onduleur,APC,Dubaï,1095,6,4.071428571428571,4.658155503889141,28,1.1441083693762804,1.4999999999999998,0.3428571428571427,0.4,0,5.0,920.0,14065050.650000002,0.923259812792362,C,Z,CZ,3,En croissance
P0229,223.0,26091.0,136,2022-08-01,2025-07-20,90.0,117.0,27.0,Camera,Hikvision,Chine,1095,11,6.371428571428571,4.433069009200752,35,0.6957731628790418,0.9999999999999972,0.9714285714285709,0.265625,0,7.0,630.0,14091141.650000002,0.9249724814755399,C,Y,CY,3,En croissance
P0251,130.0,26026.0,106,2022-08-10,2025-07-15,154.0,200.2,46.19999999999999,Mobilier,Generic,Chine,1086,16,3.9393939393939394,2.249158091644987,33,0.5709401309560352,1.4999999999999998,0.5428571428571427,0.358974358974359,0,3.0,462.0,14117167.650000002,0.9266808834205933,C,Y,CY,3,En croissance
P0247,90.0,25920.0,87,2022-08-03,2024-10-28,240.0,288.0,48.0,Gaming,Sony,Dubaï,1093,276,3.4615384615384617,1.8596939367706553,26,0.5372449150670782,8.129555825336368e-16,1.0285714285714282,0.0,9,0.0,0.0,14143087.650000002,0.9283823273003974,C,Y,CY,6,Dormant / risque obsolescence
P0101,186.0,24180.0,113,2022-08-01,2024-06-26,100.0,130.0,30.0,Reseau,D-Link,Chine,1095,400,9.3,9.308174110058207,20,1.0008789365653985,0.5000000000000003,-0.02857142857142869,0.0,13,9.0,900.0,14167267.650000002,0.9299695538827147,C,Z,CZ,6,Dormant / risque obsolescence
P0175,993.0,24129.9,413,2022-08-02,2025-07-28,18.0,24.3,6.300000000000001,Stockage,SanDisk,Chine,1094,3,27.583333333333332,14.295603719825397,36,0.5182696212625522,-2.5000000000000027,-0.8857142857142869,0.20743034055727555,0,28.0,504.0,14191397.550000003,0.9315534917945699,C,Y,CY,1,En croissance
P0141,1461.0,24106.5,532,2022-08-01,2025-07-30,11.0,16.5,5.5,Accessoire,Logitech,Chine,1095,1,40.583333333333336,18.060809980254408,36,0.44503022538614556,-5.500000000000011,0.7428571428571412,0.26559714795008915,0,27.0,297.0,14215504.050000003,0.9331358936807003,C,X,CX,1,En croissance
P0197,1995.0,23740.5,715,2022-08-02,2025-07-29,8.5,11.9,3.4000000000000004,Papeterie,Chamex,Dubaï,1094,2,55.416666666666664,17.4574994118369,36,0.315022545777508,-13.000000000000007,-1.2285714285714284,0.21932515337423314,0,25.0,212.5,14239244.550000003,0.9346942705490834,C,X,CX,1,En croissance
P0059,233.0,23241.600000000002,147,2022-08-03,2025-07-24,72.0,86.4,14.400000000000006,Imprimante,Canon,Dubaï,1093,7,6.6571428571428575,4.874560958467452,35,0.7322301868942523,4.499999999999999,0.8285714285714277,0.27586206896551724,0,3.0,216.0,14262486.150000002,0.9362198985613078,C,Y,CY,3,En croissance
P0154,1370.0,22916.399999999998,548,2022-08-02,2025-07-30,104.0,15.6,-88.4,Accessoire,JBL,Dubaï,1094,1,38.05555555555556,16.78254951590992,36,0.4410013011479979,-5.4999999999999964,0.5714285714285724,0.1864754098360656,0,31.0,3224.0,14285402.550000003,0.9377241797544846,C,X,CX,1,En croissance
P0077,15.0,21993.75,13,2022-08-04,2023-09-13,1275.0,1466.25,191.25,Ordinateur,Dell,Dubaï,1092,687,2.5,3.6742346141747673,6,1.469693845669907,8.985767264226737e-17,-1.2857142857142856,0.0,22,0.0,0.0,14307396.300000003,0.9391678962410372,C,Z,CZ,2,Dormant / risque obsolescence
P0123,1464.0,21740.399999999998,443,2022-08-02,2025-07-31,11.0,14.85,3.8499999999999996,Cable,Generic,Chine,1094,0,40.666666666666664,17.676457305046814,36,0.43466698291098727,7.0,-3.628571428571423,0.20121951219512196,0,78.0,858.0,14329136.700000003,0.940594982295223,C,X,CX,1,En croissance
P0275,567.0,21432.6,384,2022-08-01,2025-07-31,27.0,37.8,10.799999999999997,JeuEncre,Epson,Dubaï,1095,0,16.2,6.685365932172959,35,0.4126769093933926,-1.0000000000000022,0.8857142857142857,0.23902439024390243,0,13.0,351.0,14350569.300000003,0.942001863703336,C,X,CX,3,En croissance
P0243,1416.0,21240.0,490,2022-08-03,2025-07-30,10.0,15.0,5.0,Batterie,Sony,Dubaï,1093,1,39.333333333333336,16.04101884900974,36,0.40782251311041706,1.9999999999999976,4.97142857142857,0.2680652680652681,0,23.0,230.0,14371809.300000003,0.9433961024381756,C,X,CX,1,En croissance
P0041,63.0,21168.0,45,2022-08-01,2025-05-26,280.0,336.0,56.0,Imprimante,HP,Dubaï,1095,66,3.15,4.545385166934644,20,1.4429794180744904,1.4999999999999998,0.5714285714285712,0.3076923076923077,2,1.0,280.0,14392977.300000003,0.9447856149400157,C,Z,CZ,6,Dormant / risque obsolescence
P0079,24.0,21114.0,21,2022-08-01,2022-12-08,765.0,879.75,114.75,Ordinateur,Dell,Dubaï,1095,966,4.8,5.718391382198319,5,1.1913315379579832,-0.5,-2.600000000000002,0.0,31,0.0,0.0,14414091.300000003,0.9461715827671061,C,Z,CZ,2,Dormant / risque obsolescence
P0209,1979.0,20779.5,663,2022-08-01,2025-07-29,7.5,10.5,3.0,Papeterie,Generic,Chine,1095,2,54.97222222222222,21.15046248884557,36,0.3847481806965339,-10.000000000000005,10.08571428571428,0.33380281690140845,0,13.0,97.5,14434870.800000003,0.9475355933033867,C,X,CX,1,En croissance
P0003,161.0,20286.0,41,2022-08-02,2023-02-03,90.0,126.0,36.0,Cartouche,HP,Dubaï,1094,909,26.833333333333332,32.35068263061333,6,1.2056155017619874,3.000000000000001,-13.057142857142857,0.0,29,0.0,0.0,14455156.800000003,0.9488672094509834,C,Z,CZ,2,Dormant / risque obsolescence
P0228,235.0,19857.5,159,2022-08-09,2025-07-31,65.0,84.5,19.5,Camera,Hikvision,Chine,1087,0,6.527777777777778,3.1666666666666665,36,0.4851063829787234,-1.0000000000000013,0.9999999999999991,0.27848101265822783,0,6.0,390.0,14475014.300000003,0.9501706979480208,C,X,CX,3,En croissance
P0049,228.0,19699.2,135,2022-08-02,2025-07-28,72.0,86.4,14.400000000000006,Imprimante,HP,Dubaï,1094,3,6.514285714285714,4.154171741411621,35,0.6377018024096787,4.0,1.8571428571428565,0.3291139240506329,0,8.0,576.0,14494713.500000002,0.9514637952966719,C,Y,CY,3,En croissance
P0151,1299.0,18265.5,482,2022-08-01,2025-07-31,9.0,13.5,4.5,Accessoire,Generic,Chine,1095,0,36.083333333333336,19.888797995713208,36,0.551190706578657,26.499999999999993,3.3999999999999964,0.22,0,16.0,144.0,14512979.000000002,0.9526627815307214,C,Y,CY,1,En croissance
P0163,1423.0,17184.0,538,2022-08-01,2025-07-31,8.0,12.0,4.0,Accessoire,Generic,Chine,1095,0,39.52777777777778,19.707121426546163,36,0.49856385899905964,6.499999999999994,5.971428571428568,0.22154471544715448,0,76.0,608.0,14530163.000000002,0.9537907758065916,C,X,CX,1,En croissance
P0244,1267.0,17104.5,461,2022-08-04,2025-07-30,9.0,13.5,4.5,Batterie,Sony,Dubaï,1092,1,35.19444444444444,13.851909501054243,36,0.3935822746945168,12.500000000000002,2.9999999999999964,0.24,0,53.0,477.0,14547267.500000002,0.9549135515335249,C,X,CX,1,En croissance
P0193,224.0,16800.0,148,2022-08-01,2024-09-09,60.0,75.0,15.0,Onduleur,Generic,Chine,1095,325,8.615384615384615,4.850376670543625,26,0.562990149259528,-5.499999999999999,0.9428571428571434,0.0,10,0.0,0.0,14564067.500000002,0.9560163392333979,C,Y,CY,6,Dormant / risque obsolescence
P0203,1698.0,16640.4,618,2022-08-02,2025-07-29,7.0,9.8,2.8000000000000007,Papeterie,Generic,Chine,1094,2,47.166666666666664,18.544926144751443,36,0.39317864617847587,-12.5,4.342857142857142,0.2981132075471698,0,28.0,196.0,14580707.900000002,0.9571086504501222,C,X,CX,1,En croissance
P0036,105.0,16632.0,65,2022-08-02,2025-07-23,132.0,158.4,26.400000000000006,Imprimante,HP,Dubaï,1094,8,3.5,2.388911164468896,30,0.6825460469911132,0.9999999999999972,1.1999999999999995,0.3488372093023256,0,17.0,2244.0,14597339.900000002,0.9582004102729965,C,Y,CY,3,En croissance
P0246,132.0,16473.6,127,2022-08-06,2025-07-13,104.0,124.8,20.799999999999997,Gaming,Sony,Dubaï,1090,18,3.8823529411764706,2.483456851298974,34,0.6396782798800388,0.999999999999999,0.3428571428571426,0.2571428571428571,0,7.0,728.0,14613813.500000002,0.9592817723832721,C,Y,CY,3,En croissance
P0160,1339.0,16392.0,561,2022-08-03,2025-07-31,8.0,12.0,4.0,Accessoire,Generic,Chine,1093,0,37.19444444444444,18.843444399190844,36,0.5066198643546456,4.499999999999994,1.7999999999999978,0.2151029748283753,0,13.0,104.0,14630205.500000002,0.9603577780961482,C,Y,CY,1,En croissance
P0174,1087.0,16141.949999999999,512,2022-08-01,2025-07-29,11.0,14.85,3.8499999999999996,Stockage,SanDisk,Chine,1095,2,30.194444444444443,13.995549179128231,36,0.463514048250797,1.0292348853405685e-15,4.714285714285713,0.24873096446700507,0,5.0,55.0,14646347.450000001,0.96141736999567,C,X,CX,1,En croissance
P0260,64.0,15974.4,56,2022-08-09,2025-06-28,192.0,249.6,57.599999999999994,Rack,Generic,Chine,1087,33,2.2857142857142856,1.6523191974188067,28,0.7228896488707279,5.769208098040985e-16,-0.2857142857142855,0.20833333333333334,1,4.0,768.0,14662321.850000001,0.9624659635571493,C,Y,CY,3,En croissance
P0207,1882.0,15808.800000000001,678,2022-08-01,2025-07-30,6.0,8.4,2.4000000000000004,Papeterie,Generic,Chine,1095,1,52.27777777777778,20.82801836964691,36,0.39841055329824054,10.000000000000002,0.6857142857142864,0.1794871794871795,0,26.0,156.0,14678130.650000002,0.9635036867827299,C,X,CX,1,En croissance
P0122,1532.0,15503.84,477,2022-08-01,2025-07-31,7.5,10.12,2.619999999999999,Cable,Generic,Chine,1095,0,42.55555555555556,17.17879830230017,36,0.4036793334744165,21.999999999999996,8.485714285714282,0.313588850174216,0,72.0,540.0,14693634.490000002,0.9645213917858727,C,X,CX,1,En croissance
P0181,234.0,15163.199999999999,101,2022-08-05,2025-07-15,48.0,64.8,16.799999999999997,Stockage,Kingston,Dubaï,1091,16,6.882352941176471,6.284973449872095,34,0.9132012704942359,1.0,-1.057142857142857,0.11578947368421053,0,16.0,768.0,14708797.690000001,0.9655167364555581,C,Y,CY,3,En croissance
P0171,1202.0,14604.300000000001,513,2022-08-01,2025-07-31,9.0,12.15,3.1500000000000004,Stockage,SanDisk,Chine,1095,0,33.388888888888886,18.109630867544766,36,0.54238495110783,-1.0000000000000009,2.542857142857141,0.19675925925925927,0,34.0,306.0,14723401.990000002,0.9664753937415853,C,Y,CY,1,En croissance
P0106,132.0,14586.0,79,2022-08-01,2024-09-03,85.0,110.5,25.5,Reseau,Hikvision,Chine,1095,331,6.0,7.534049692025183,22,1.2556749486708638,1.0813965140346581e-17,-0.3142857142857142,0.0,10,4.0,340.0,14737987.990000002,0.9674328497767251,C,Z,CZ,6,Dormant / risque obsolescence
P0108,96.0,13478.4,56,2022-08-01,2025-07-19,108.0,140.4,32.400000000000006,Reseau,Ubiquiti,Chine,1095,12,3.2,1.919051489848476,30,0.5997035905776488,-0.4999999999999998,-0.3714285714285715,0.35294117647058826,0,21.0,2268.0,14751466.390000002,0.9683176005942233,C,Y,CY,3,En croissance
P0140,1425.0,13311.0,533,2022-08-01,2025-07-30,6.0,9.0,3.0,Accessoire,Dell,Chine,1095,1,39.583333333333336,13.684976120862308,36,0.34572571252704776,3.5000000000000013,-1.685714285714286,0.2033898305084746,0,26.0,156.0,14764777.390000002,0.9691913629199977,C,X,CX,1,En croissance
P0252,110.0,13156.0,80,2022-08-02,2025-07-30,92.0,119.6,27.599999999999994,Mobilier,Generic,Chine,1094,1,3.5483870967741935,1.8227947347853766,31,0.5136966979849698,1.9999999999999996,0.6,0.30303030303030304,0,7.0,644.0,14777933.390000002,0.9700549507163984,C,Y,CY,3,En croissance
P0231,61.0,13084.5,34,2022-08-01,2023-12-06,165.0,214.5,49.5,Camera,Hikvision,Chine,1095,603,5.545454545454546,4.740540820700448,11,0.8548516234049988,0.9999999999999998,-0.742857142857143,0.0,19,0.0,0.0,14791017.890000002,0.970913845100862,C,Y,CY,2,Dormant / risque obsolescence
P0273,365.0,12775.0,274,2022-08-01,2024-08-27,25.0,35.0,10.0,JeuEncre,Epson,Dubaï,1095,338,14.6,10.222524150130436,25,0.7001728869952354,-0.4999999999999989,-2.0571428571428574,0.0,11,28.0,700.0,14803792.890000002,0.9717524232476404,C,Y,CY,6,Dormant / risque obsolescence
P0224,85.0,12707.5,61,2022-08-06,2025-07-30,130.0,149.5,19.5,Telephone,Infinix,Chine,1090,1,3.1481481481481484,2.125010474249366,27,0.6750033271145045,-0.5,-0.39999999999999997,0.25925925925925924,0,11.0,1430.0,14816500.390000002,0.972586570550982,C,Y,CY,3,En croissance
P0027,90.0,11970.0,35,2022-08-01,2022-08-29,95.0,133.0,38.0,Cartouche,HP,Dubaï,1095,1067,90.0,,1,0.0,0.0,0.0,0.0,35,0.0,0.0,14828470.390000002,0.9733723067871415,C,X,CX,5,Dormant / risque obsolescence
P0082,20.0,11730.0,17,2022-08-04,2023-02-24,510.0,586.5,76.5,Ordinateur,Lenovo,Dubaï,1092,888,4.0,6.164414002968976,5,1.541103500742244,0.4999999999999998,-2.600000000000002,0.0,29,0.0,0.0,14840200.390000002,0.9741422889133029,C,Z,CZ,2,Dormant / risque obsolescence
P0103,561.0,11641.5,326,2022-08-03,2025-07-29,15.0,19.5,4.5,Reseau,TP-Link,Chine,1093,2,15.583333333333334,6.429285674607583,36,0.412574481793,6.000000000000002,1.8857142857142846,0.2331288343558282,0,10.0,150.0,14851841.890000002,0.9749064617114024,C,X,CX,3,En croissance
P0276,447.0,11622.0,324,2022-08-04,2025-07-29,200.0,26.0,-174.0,Divers,Generic,Chine,1092,2,12.416666666666666,5.8082453706531965,36,0.4677781506566333,6.499999999999997,1.4285714285714273,0.20915032679738563,0,4.0,800.0,14863463.890000002,0.9756693544880646,C,X,CX,3,En croissance
P0031,69.0,11592.0,26,2022-08-02,2022-08-28,120.0,168.0,48.0,Cartouche,Canon,Dubaï,1094,1068,69.0,,1,0.0,0.0,0.0,0.0,35,0.0,0.0,14875055.890000002,0.976430278000977,C,X,CX,5,Dormant / risque obsolescence
P0253,141.0,11364.599999999999,116,2022-08-06,2025-07-12,62.0,80.6,18.599999999999994,Mobilier,Generic,Chine,1090,19,4.147058823529412,2.664381819725435,34,0.6424750487281191,0.5000000000000009,0.42857142857142844,0.3055555555555556,0,2.0,124.0,14886420.490000002,0.9771762744946662,C,Y,CY,3,En croissance
P0047,71.0,11246.4,56,2022-08-01,2024-01-28,132.0,158.4,26.400000000000006,Imprimante,HP,Dubaï,1095,550,4.176470588235294,5.329578948163342,17,1.2760963678700958,-1.0,-0.4285714285714284,0.0,18,14.0,1848.0,14897666.890000002,0.9779145120891811,C,Z,CZ,6,Dormant / risque obsolescence
P0274,582.0,10592.4,414,2022-08-03,2025-07-31,13.0,18.2,5.199999999999999,JeuEncre,Epson,Dubaï,1093,0,16.166666666666668,6.635402883666631,36,0.4104372917731936,4.5,-0.34285714285714286,0.19889502762430938,0,37.0,481.0,14908259.290000003,0.9786098197339511,C,X,CX,3,En croissance
P0153,1336.0,10560.0,503,2022-08-03,2025-07-31,5.0,7.5,2.5,Accessoire,Generic,Chine,1093,0,37.111111111111114,16.88748949925067,36,0.45505211225525755,24.49999999999998,5.8285714285714265,0.29978118161925604,0,40.0,200.0,14918819.290000003,0.9793030005738713,C,X,CX,1,En croissance
P0266,249.0,10358.4,161,2022-08-02,2025-07-16,32.0,41.6,9.600000000000001,Composant,Kingston,Dubaï,1094,15,6.916666666666667,4.777177887773133,36,0.6906763211238265,2.1961400718323828e-16,-0.14285714285714282,0.11494252873563218,0,26.0,832.0,14929177.690000003,0.9799829479613932,C,Y,CY,3,En croissance
P0210,1848.0,10348.8,683,2022-08-02,2025-07-31,4.0,5.6,1.5999999999999996,Papeterie,Generic,Chine,1094,0,51.333333333333336,23.2992949004287,36,0.4538823681901694,-2.0000000000000058,1.999999999999999,0.22330097087378642,0,37.0,148.0,14939526.490000004,0.9806622651845149,C,X,CX,1,En croissance
P0125,1498.0,10111.5,494,2022-08-01,2025-07-30,5.0,6.75,1.75,Cable,Generic,Chine,1095,1,42.8,17.09454677409626,35,0.39940529846019296,1.4999999999999918,-0.6857142857142844,0.25101214574898784,0,42.0,210.0,14949637.990000004,0.981326005531376,C,X,CX,1,En croissance
P0279,353.0,10095.800000000001,247,2022-08-06,2025-07-30,22.0,28.6,6.600000000000001,Divers,Kaspersky,Dubaï,1090,1,9.805555555555555,4.909579233902662,36,0.5006936329192516,2.500000000000001,1.485714285714286,0.31343283582089554,0,21.0,462.0,14959733.790000005,0.9819887152968748,C,Y,CY,3,En croissance
P0198,1732.0,9214.24,597,2022-08-02,2025-07-31,3.8,5.32,1.5200000000000005,Papeterie,Eclipse,Dubaï,1094,0,48.111111111111114,20.599275684600144,36,0.4281604645759845,26.499999999999996,5.4285714285714235,0.22836879432624113,0,66.0,250.79999999999998,14968948.030000005,0.9825935575906652,C,X,CX,1,En croissance
P0137,236.0,9204.0,91,2022-08-04,2025-07-21,26.0,39.0,13.0,Accessoire,Logitech,Chine,1092,10,6.742857142857143,5.215039660008558,35,0.7734168987300828,4.499999999999999,1.0857142857142854,0.17105263157894737,0,31.0,806.0,14978152.030000005,0.9831977277090957,C,Y,CY,3,En croissance
P0233,69.0,8970.0,44,2022-08-03,2024-03-25,100.0,130.0,30.0,Camera,Hikvision,Chine,1093,493,4.3125,4.46794136040302,16,1.0360443734267872,1.0813965140346581e-17,-0.6857142857142856,0.0,16,13.0,1300.0,14987122.030000005,0.9837865375702779,C,Z,CZ,6,Dormant / risque obsolescence
P0170,986.0,8861.4,459,2022-08-01,2025-07-31,6.0,8.1,2.0999999999999996,Stockage,Generic,Chine,1095,0,27.38888888888889,12.77559677728884,36,0.4664518093127771,9.499999999999998,-1.3428571428571425,0.1638418079096045,0,21.0,126.0,14995983.430000005,0.984368218696686,C,X,CX,1,En croissance
P0261,25.0,8775.0,22,2022-08-04,2025-06-19,270.0,351.0,81.0,Rack,Generic,Chine,1092,42,1.7857142857142858,1.4769288003552106,14,0.8270801281989179,8.985767264226737e-17,-0.28571428571428564,0.3333333333333333,1,1.0,270.0,15004758.430000005,0.9849442283434947,C,Y,CY,6,Dormant / risque obsolescence
P0132,1436.0,8730.88,495,2022-08-01,2025-07-31,4.5,6.08,1.58,Cable,Generic,Chine,1095,0,39.888888888888886,15.910064699119197,36,0.3988595607021526,11.5,1.428571428571425,0.20618556701030927,0,49.0,220.5,15013489.310000006,0.9855173418597488,C,X,CX,1,En croissance
P0234,91.0,8281.0,54,2022-08-06,2024-06-16,70.0,91.0,21.0,Camera,Dahua,Chine,1090,410,4.333333333333333,3.4544657088084305,21,0.7971843943404071,1.5,1.5428571428571423,0.0,13,0.0,0.0,15021770.310000006,0.9860609242968112,C,Y,CY,6,Dormant / risque obsolescence
P0128,875.0,8268.75,259,2022-08-02,2024-04-02,7.0,9.45,2.4499999999999993,Cable,Generic,Chine,1094,485,43.75,29.53298780044194,20,0.6750397211529586,-16.5,-5.371428571428571,0.0,15,78.0,546.0,15030039.060000006,0.9866037026178425,C,Y,CY,6,Dormant / risque obsolescence
P0272,512.0,7884.8,364,2022-08-01,2025-07-30,11.0,15.4,4.4,JeuEncre,Epson,Dubaï,1095,1,14.222222222222221,6.005288674451219,36,0.42224685992235134,7.499999999999997,1.2857142857142856,0.20441988950276244,0,13.0,143.0,15037923.860000007,0.987121277644983,C,X,CX,3,En croissance
P0130,1648.0,7795.04,519,2022-08-02,2025-07-31,3.5,4.73,1.2300000000000004,Cable,Generic,Chine,1094,0,45.77777777777778,19.407084289890655,36,0.42394116167236867,6.000000000000001,-2.657142857142856,0.19172932330827067,0,62.0,217.0,15045718.900000006,0.9876329606349841,C,X,CX,1,En croissance
P0271,603.0,7597.8,412,2022-08-01,2025-07-31,9.0,12.6,3.5999999999999996,JeuEncre,Epson,Dubaï,1095,0,16.75,7.415716900128884,36,0.44272936717187367,5.4999999999999964,-0.8571428571428581,0.19742489270386265,0,8.0,72.0,15053316.700000007,0.9881316963722516,C,X,CX,3,En croissance
P0199,1205.0,7591.5,415,2022-08-01,2024-07-20,4.5,6.3,1.7999999999999998,Papeterie,Generic,Chine,1095,376,50.208333333333336,34.90605923066214,24,0.6952244162123579,10.5,2.9999999999999996,0.0,12,26.0,117.0,15060908.200000007,0.9886300185641318,C,Y,CY,6,Dormant / risque obsolescence
P0126,1598.0,7558.54,499,2022-08-05,2025-07-31,3.5,4.73,1.2300000000000004,Cable,Generic,Chine,1091,0,44.388888888888886,17.56014607452712,36,0.3955977839067436,-1.4999999999999982,-3.2571428571428545,0.177734375,0,210.0,735.0,15068466.740000006,0.9891261771915721,C,X,CX,1,En croissance
P0127,1363.0,7360.2,503,2022-08-02,2025-07-30,4.0,5.4,1.4000000000000004,Cable,Generic,Chine,1094,1,37.861111111111114,14.828838270223478,36,0.3916641069171278,22.499999999999996,3.542857142857141,0.2172043010752688,0,70.0,280.0,15075826.940000005,0.9896093163599415,C,X,CX,1,En croissance
P0121,1200.0,7296.0,444,2022-08-03,2025-07-30,4.5,6.08,1.58,Cable,Generic,Chine,1093,1,33.333333333333336,13.528805247639996,36,0.40586415742919985,5.0,-0.3428571428571426,0.1721311475409836,0,200.0,900.0,15083122.940000005,0.9900882413038864,C,X,CX,1,En croissance
P0211,1669.0,7009.8,592,2022-08-01,2025-07-26,3.0,4.2,1.2000000000000002,Papeterie,Generic,Chine,1095,5,46.361111111111114,17.768596339413417,36,0.3832651097776411,9.999999999999998,3.057142857142855,0.25,0,24.0,72.0,15090132.740000006,0.9905483794716584,C,X,CX,1,En croissance
P0173,235.0,6979.5,74,2022-08-08,2025-07-23,22.0,29.7,7.699999999999999,Stockage,SanDisk,Chine,1088,8,7.833333333333333,8.120146649488259,30,1.0366144658921181,7.499999999999997,1.5999999999999996,0.27927927927927926,0,5.0,110.0,15097112.240000006,0.9910065286830432,C,Z,CZ,3,En croissance
P0131,1684.0,6820.2,479,2022-08-03,2025-07-31,3.0,4.05,1.0499999999999998,Cable,Generic,Chine,1093,0,46.77777777777778,20.98041414695567,36,0.44851241644323286,17.49999999999999,5.171428571428568,0.25544554455445545,0,212.0,636.0,15103932.440000005,0.9914542211039167,C,X,CX,1,En croissance
P0202,1006.0,6337.8,323,2022-08-03,2024-06-08,4.5,6.3,1.7999999999999998,Papeterie,Bic,Chine,1093,418,43.73913043478261,28.68990540132119,23,0.6559322308453155,1.1891497721297442e-15,-6.314285714285711,0.0,13,38.0,171.0,15110270.240000006,0.9918702477636938,C,Y,CY,6,Dormant / risque obsolescence
P0143,1354.0,6255.0,522,2022-08-01,2025-07-29,3.0,4.5,1.5,Accessoire,Generic,Chine,1095,2,37.611111111111114,18.265154612427267,36,0.48563188038949895,-10.5,-0.942857142857141,0.24934383202099739,0,8.0,24.0,15116525.240000006,0.9922808392555216,C,X,CX,1,En croissance
P0278,381.0,5943.599999999999,286,2022-08-02,2025-07-23,12.0,15.6,3.5999999999999996,Divers,Casio,Chine,1094,8,10.583333333333334,4.37117179451264,36,0.41302410656812344,-3.500000000000002,0.028571428571428595,0.19469026548672566,0,5.0,60.0,15122468.840000005,0.9926709897896266,C,X,CX,3,En croissance
P0213,805.0,5761.0,259,2022-08-01,2024-02-02,50.0,7.0,-43.0,Papeterie,Generic,Chine,1095,545,42.36842105263158,29.280654452149776,19,0.6910961920383176,-7.0,-3.542857142857142,0.0,17,19.0,950.0,15128229.840000005,0.9930491540717081,C,Y,CY,6,Dormant / risque obsolescence
P0259,28.0,5320.0,26,2022-08-11,2024-10-31,152.0,190.0,38.0,Solaire,Generic,Chine,1085,273,2.0,2.287087499587462,14,1.143543749793731,0.4999999999999998,0.05714285714285703,0.0,9,0.0,0.0,15133549.840000005,0.9933983701766679,C,Z,CZ,6,Dormant / risque obsolescence
P0226,71.0,5307.25,55,2022-08-02,2025-07-18,65.0,74.75,9.75,Telephone,Nokia,Dubaï,1094,13,2.730769230769231,2.30751281353222,26,0.8450046922794044,8.985767264226737e-17,-0.11428571428571424,0.1875,0,7.0,455.0,15138857.090000005,0.993746749344534,C,Y,CY,3,En croissance
P0225,165.0,4933.5,112,2022-08-02,2024-10-02,26.0,29.9,3.8999999999999986,Telephone,Nokia,Dubaï,1094,302,7.857142857142857,10.983103906845798,21,1.3978495881440107,-1.4999999999999993,-0.37142857142857133,0.0,9,4.0,104.0,15143790.590000005,0.9940705947681843,C,Z,CZ,6,Dormant / risque obsolescence
P0142,219.0,4927.5,91,2022-08-05,2025-07-31,15.0,22.5,7.5,Accessoire,Generic,Chine,1091,0,6.636363636363637,4.594957710756037,33,0.6923908879221425,4.9999999999999964,-0.8285714285714287,0.2,0,82.0,1230.0,15148718.090000005,0.9943940463390846,C,Y,CY,3,En croissance
P0196,830.0,4880.4,283,2022-08-01,2024-03-21,4.2,5.88,1.6799999999999997,Papeterie,TypeK,Dubaï,1095,497,41.5,33.57082066318904,20,0.8089354376672058,-10.000000000000004,-2.714285714285713,0.0,16,44.0,184.8,15153598.490000006,0.9947144061658977,C,Y,CY,6,Dormant / risque obsolescence
P0200,2203.0,4815.3,730,2022-08-01,2025-07-31,1.5,2.1,0.6000000000000001,Papeterie,Generic,Chine,1095,0,61.19444444444444,27.374460928228547,36,0.44733572102416147,-8.49999999999999,0.9714285714285719,0.21205098493626884,0,83.0,124.5,15158413.790000007,0.9950304926903738,C,X,CX,1,En croissance
P0277,231.0,4804.8,152,2022-08-01,2025-07-05,16.0,20.8,4.800000000000001,Divers,Casio,Chine,1095,26,6.416666666666667,5.200961449578337,36,0.810539446687533,1.4999999999999998,-0.14285714285714304,0.15384615384615385,0,7.0,112.0,15163218.590000007,0.9953458899725376,C,Y,CY,3,En croissance
P0205,2160.0,4668.3,728,2022-08-01,2025-07-31,1.5,2.1,0.6000000000000001,Papeterie,Generic,Chine,1095,0,60.0,24.20271531401856,36,0.40337858856697595,13.000000000000002,2.0285714285714294,0.18786127167630057,0,41.0,61.5,15167886.890000008,0.9956523271046399,C,X,CX,1,En croissance
P0242,1373.0,4649.7,504,2022-08-02,2025-07-30,22.0,3.3,-18.7,Batterie,Generic,Chine,1094,1,38.138888888888886,16.721505020742903,36,0.43843713091532743,-1.499999999999997,1.485714285714285,0.18969072164948453,0,155.0,3410.0,15172536.590000007,0.9959575432932172,C,X,CX,1,En croissance
P0162,403.0,4326.0,149,2022-08-01,2023-12-30,7.0,10.5,3.5,Accessoire,Generic,Chine,1095,579,23.705882352941178,21.839656321363993,17,0.9212758249706895,-1.9999999999999991,-2.5999999999999988,0.0,19,13.0,91.0,15176862.590000007,0.9962415111259345,C,Y,CY,6,Dormant / risque obsolescence
P0236,1393.0,4179.0,451,2022-08-01,2025-07-31,2.0,3.0,1.0,Batterie,Duracell,Dubaï,1095,0,38.69444444444444,16.73459964853732,36,0.43248068007705925,11.000000000000007,0.22857142857142823,0.2608695652173913,0,39.0,78.0,15181041.590000007,0.9965158295662779,C,X,CX,1,En croissance
P0100,100.0,4030.0,58,2022-08-09,2025-07-18,31.0,40.3,9.299999999999997,Reseau,TP-Link,Chine,1087,13,3.4482758620689653,1.5020511427604522,29,0.4355948314005311,-0.4999999999999997,0.05714285714285709,0.25,0,9.0,279.0,15185071.590000007,0.9967803673299975,C,X,CX,3,En croissance
P0206,1260.0,3628.7999999999997,424,2022-08-01,2024-06-11,2.0,2.8,0.7999999999999998,Papeterie,Generic,Chine,1095,415,54.78260869565217,37.880141741286046,23,0.6914629048012533,-2.500000000000001,-5.571428571428571,0.0,13,25.0,50.0,15188700.390000008,0.9970185694731701,C,Y,CY,6,Dormant / risque obsolescence
P0172,203.0,3562.65,64,2022-08-24,2025-07-21,13.0,17.55,4.550000000000001,Stockage,SanDisk,Chine,1072,10,6.548387096774194,7.112611848809687,31,1.0861624005571442,2.000000000000001,-1.4000000000000004,0.19090909090909092,0,35.0,455.0,15192263.040000008,0.9972524293897744,C,Z,CZ,3,En croissance
P0237,1298.0,3504.6,451,2022-08-01,2025-07-31,1.8,2.7,0.9000000000000001,Batterie,Duracell,Dubaï,1095,0,36.05555555555556,15.589271850391118,36,0.4323680944638522,5.999999999999997,3.1999999999999975,0.31880733944954126,0,78.0,140.4,15195767.640000008,0.9974824787810229,C,X,CX,1,En croissance
P0204,1635.0,3471.3,557,2022-08-02,2025-07-25,1.5,2.1,0.6000000000000001,Papeterie,Generic,Chine,1094,6,45.416666666666664,17.986304313480936,36,0.3960287188289381,10.000000000000007,1.8857142857142881,0.21354166666666666,0,50.0,75.0,15199238.940000009,0.9977103422895093,C,X,CX,1,En croissance
P0241,1300.0,3141.6,449,2022-08-01,2025-07-29,16.0,2.4,-13.6,Batterie,Generic,Chine,1095,2,36.111111111111114,20.319980002489846,36,0.562707138530488,8.499999999999996,-3.4000000000000026,0.19083969465648856,0,50.0,800.0,15202380.540000008,0.9979165635893855,C,Y,CY,1,En croissance
P0240,1396.0,3141.0,499,2022-08-03,2025-07-30,1.5,2.25,0.75,Batterie,Sony,Dubaï,1093,1,38.77777777777778,15.323392222557944,36,0.3951591117565086,-6.999999999999997,5.028571428571427,0.3125,0,44.0,66.0,15205521.540000008,0.9981227455039868,C,X,CX,1,En croissance
P0268,69.0,3139.5,38,2022-08-11,2025-06-10,35.0,45.5,10.5,Composant,Kingston,Dubaï,1085,51,2.76,1.877054430040145,25,0.680092184797154,4.07711101981292e-16,-1.1714285714285708,0.11428571428571428,1,3.0,105.0,15208661.040000008,0.9983288289554005,C,Y,CY,3,En croissance
P0254,13.0,2856.1,12,2022-08-02,2022-08-25,169.0,219.7,50.69999999999999,Mobilier,Generic,Chine,1094,1071,13.0,,1,0.0,0.0,0.0,0.0,35,0.0,0.0,15211517.140000008,0.9985163094285915,C,X,CX,5,Dormant / risque obsolescence
P0161,190.0,2565.0,69,2022-08-02,2025-07-19,9.0,13.5,4.5,Accessoire,Generic,Chine,1094,12,6.129032258064516,6.179222904129994,31,1.0081890001475253,1.4999999999999998,0.17142857142857154,0.10112359550561797,0,27.0,243.0,15214082.140000008,0.9986846814791971,C,Z,CZ,3,En croissance
P0139,242.0,2541.0,90,2022-08-12,2025-07-23,7.0,10.5,3.5,Accessoire,HP,Chine,1084,8,7.333333333333333,5.022864388639879,33,0.6849360529963471,5.999999999999999,2.285714285714285,0.2972972972972973,0,39.0,273.0,15216623.140000008,0.9988514781188029,C,Y,CY,3,En croissance
P0120,1666.0,2467.8,514,2022-08-03,2025-07-26,1.0,1.35,0.3500000000000001,Cable,Generic,Chine,1093,5,46.27777777777778,21.139821746932103,36,0.45680287088208626,7.499999999999989,3.3714285714285683,0.2216117216117216,0,116.0,116.0,15219090.940000009,0.9990134697548593,C,X,CX,1,En croissance
P0257,20.0,2400.0,19,2022-08-10,2023-08-29,96.0,120.0,24.0,Solaire,Generic,Chine,1086,702,2.2222222222222223,1.3944333775567925,9,0.6274950199005566,0.9999999999999998,-9.82421042158016e-17,0.0,23,0.0,0.0,15221490.940000009,0.9991710108548412,C,Y,CY,2,Dormant / risque obsolescence
P0258,15.0,2400.0,15,2022-08-12,2023-07-10,128.0,160.0,32.0,Solaire,Generic,Chine,1084,752,1.6666666666666667,1.6583123951776997,9,0.9949874371066197,8.985767264226737e-17,-0.14285714285714293,0.0,24,0.0,0.0,15223890.940000009,0.9993285519548231,C,Y,CY,2,Dormant / risque obsolescence
P0256,20.0,1600.0,20,2022-08-01,2023-08-16,64.0,80.0,16.0,Solaire,Generic,Chine,1095,715,2.5,2.6186146828319083,8,1.0474458731327634,0.4999999999999998,0.14285714285714274,0.0,23,0.0,0.0,15225490.940000009,0.9994335793548109,C,Z,CZ,2,Dormant / risque obsolescence
P0238,1319.0,1593.6,479,2022-08-02,2025-07-30,0.8,1.2,0.3999999999999999,Batterie,GP,Chine,1094,1,36.638888888888886,15.512488568482544,36,0.42338861900331437,0.999999999999997,2.9999999999999987,0.18762088974854932,0,39.0,31.200000000000003,15227084.540000008,0.9995381866451989,C,X,CX,1,En croissance
P0250,101.0,1454.4,96,2022-08-05,2025-07-08,12.0,14.4,2.4000000000000004,Gaming,Sony,Dubaï,1091,23,3.3666666666666667,1.9384197853839134,30,0.5757682530843307,-1.4999999999999996,0.0285714285714285,0.1111111111111111,0,3.0,36.0,15228538.940000009,0.9996336565517879,C,Y,CY,3,En croissance
P0249,20.0,1344.0,20,2022-08-01,2022-09-25,56.0,67.2,11.200000000000003,Gaming,Sony,Dubaï,1095,1040,10.0,7.0710678118654755,2,0.7071067811865476,-10.0,-10.0,0.0,34,0.0,0.0,15229882.940000009,0.9997218795677778,C,Y,CY,5,Dormant / risque obsolescence
P0124,219.0,1035.8700000000001,62,2022-08-03,2025-06-26,3.5,4.73,1.2300000000000004,Cable,Generic,Chine,1093,35,7.821428571428571,7.9491605493381154,28,1.0163310291391199,8.499999999999996,1.3142857142857138,0.5294117647058824,1,72.0,252.0,15230918.810000008,0.9997898762757936,C,Z,CZ,3,En croissance
P0169,189.0,1020.6,70,2022-08-10,2025-07-09,4.0,5.4,1.4000000000000004,Stockage,Generic,Chine,1086,22,5.7272727272727275,6.947448845047041,33,1.2130466237383721,-4.499999999999999,-0.45714285714285696,0.3157894736842105,0,15.0,60.0,15231939.410000008,0.9998568706285609,C,Z,CZ,3,En croissance
P0129,1457.0,905.24,479,2022-08-02,2025-07-31,0.45,0.61,0.15999999999999998,Cable,Generic,Chine,1094,0,40.47222222222222,16.562412024324598,36,0.40922912345620144,15.499999999999998,9.828571428571422,0.31673306772908366,0,150.0,67.5,15232844.650000008,0.9999162925057891,C,X,CX,1,En croissance
P0239,1143.0,897.75,422,2022-08-02,2025-07-28,0.5,0.75,0.25,Batterie,Generic,Chine,1094,3,31.75,16.61045281914803,36,0.523163868319623,-0.9999999999999932,2.3142857142857136,0.3026315789473684,0,22.0,11.0,15233742.400000008,0.999975222723501,C,Y,CY,1,En croissance
P0119,233.0,377.46000000000004,71,2022-08-03,2025-07-26,1.2,1.62,0.42000000000000015,Cable,Generic,Chine,1093,5,7.28125,6.481907201413944,32,0.8902190147864644,5.5,0.1714285714285711,0.24324324324324326,0,29.0,34.8,15234119.860000009,1.0000000000000007,C,Y,CY,3,En croissance
