produit_id,mois_offset,quantite_commandee,stock_final,rupture,demande_prevue,commande_passee,classe_abc,cout_achat,lead_time_mois
P0023,1,28,0.0,6.5303653,32.53036527398319,1,A,250.0,1
P0023,2,34,0.0,0.0,28.12517936659319,1,A,250.0,1
P0023,3,12,0.0,0.0,33.787984530073714,1,A,250.0,1
P0023,4,37,0.0,0.0,11.783211908522189,1,A,250.0,1
P0023,5,25,0.0,0.0,36.612731365750676,1,A,250.0,1
P0023,6,0,0.0,0.0,24.780632549933276,0,A,250.0,1
P0024,1,10,4.8072821,0.0,24.192717870389927,1,A,260.0,1
P0024,2,15,0.0,0.0,14.775498111888124,1,A,260.0,1
P0024,3,16,0.0,0.0,15.227735971091922,1,A,260.0,1
P0024,4,22,0.0,0.0,15.654697086080306,1,A,260.0,1
P0024,5,18,0.0,0.0,22.279811719405863,1,A,260.0,1
P0024,6,0,0.0,0.0,17.939590044107856,0,A,260.0,1
P0105,1,15,2.0824689,0.0,18.91753113770489,1,A,480.0,1
P0105,2,19,0.0,0.0,17.496174871212002,1,A,480.0,1
P0105,3,15,0.0,0.0,19.09670965921638,1,A,480.0,1
P0105,4,17,0.0,0.0,15.389225124922767,1,A,480.0,1
P0105,5,22,0.0,0.0,16.863251591264124,1,A,480.0,1
P0105,6,0,0.0,0.0,21.766188930516886,0,A,480.0,1
P0110,1,19,0.0,2.6550494,18.655049425474008,1,A,461.0,1
P0110,2,16,0.0,0.0,19.243742691374333,1,A,461.0,1
P0110,3,18,0.0,0.0,16.046141514065592,1,A,461.0,1
P0110,4,19,0.0,0.0,18.482686434363256,1,A,461.0,1
P0110,5,18,0.0,0.0,19.240763504084544,1,A,461.0,1
P0110,6,0,0.0,0.0,17.590126931032,0,A,461.0,1
P0025,1,21,0.0,23.415356,34.41535635038667,1,A,270.0,1
P0025,2,32,0.0,0.0,21.12387695757501,1,A,270.0,1
P0025,3,31,0.0,0.0,31.753676471504907,1,A,270.0,1
P0025,4,15,0.0,0.0,31.274586904711093,1,A,270.0,1
P0025,5,34,0.0,0.0,15.234851785323427,1,A,270.0,1
P0025,6,0,0.0,0.0,34.20902740282085,0,A,270.0,1
P0104,1,23,3.45652,0.0,19.54348001702535,1,A,320.0,1
P0104,2,27,0.0,0.0,26.908777248394756,1,A,320.0,1
P0104,3,25,0.0,0.0,27.026476260009545,1,A,320.0,1
P0104,4,18,0.0,0.0,25.123796250811857,1,A,320.0,1
P0104,5,20,0.0,0.0,18.119676781528465,1,A,320.0,1
P0104,6,0,0.0,0.0,20.01394791244676,0,A,320.0,1
P0080,1,4,0.682651,0.0,3.3173489966490832,1,A,1105.0,1
P0080,2,3,0.0,0.0,5.119149410414784,1,A,1105.0,1
P0080,3,5,0.0,0.0,3.2079201745341814,1,A,1105.0,1
P0080,4,3,0.0,0.0,5.324921085680583,1,A,1105.0,1
P0080,5,5,0.0,0.0,3.4639787618798445,1,A,1105.0,1
P0080,6,0,0.0,0.0,4.557818388697571,0,A,1105.0,1
P0094,1,23,0.0,6.9085781,16.908578131637142,1,A,245.0,2
P0094,2,22,0.0,20.161288,20.16128804327467,1,A,245.0,2
P0094,3,23,0.0,0.0,23.237032315543928,1,A,245.0,2
P0094,4,21,0.0,0.0,21.907960407828195,1,A,245.0,2
P0094,5,0,0.0,0.0,22.81152588023394,0,A,245.0,2
P0094,6,0,0.0,0.0,21.111316042176938,0,A,245.0,2
P0043,1,4,0.0,4.3394902,10.339490154691307,1,A,544.0,1
P0043,2,9,0.0,0.0,4.4709529265754835,1,A,544.0,1
P0043,3,9,0.0,0.0,9.455518320022641,1,A,544.0,1
P0043,4,8,0.0,0.0,9.322825846791872,1,A,544.0,1
P0043,5,8,0.0,0.0,8.062219911098726,1,A,544.0,1
P0043,6,0,0.0,0.0,8.211306017098323,0,A,544.0,1
P0037,1,0,6.1672626,0.0,5.832737404748869,0,A,600.0,1
P0037,2,15,0.24681062,0.0,5.92045197117866,1,A,600.0,1
P0037,3,17,0.0,0.0,15.60842745431501,1,A,600.0,1
P0037,4,13,0.0,0.0,16.770111426952276,1,A,600.0,1
P0037,5,10,0.0,0.0,12.592848710617465,1,A,600.0,1
P0037,6,0,0.0,0.0,10.058699136306958,0,A,600.0,1
P0051,1,4,0.0,4.7245674,4.724567416285264,1,A,720.0,1
P0051,2,6,0.0,0.0,3.701670854703761,1,A,720.0,1
P0051,3,3,0.0,0.0,6.328585541692124,1,A,720.0,1
P0051,4,3,0.0,0.0,3.181615041158396,1,A,720.0,1
P0051,5,4,0.0,0.0,3.4367003262133355,1,A,720.0,1
P0051,6,0,0.0,0.0,4.079395745693311,0,A,720.0,1
P0014,1,0,20.852194,0.0,3.147805536303996,0,A,180.0,1
P0014,2,10,4.1659256,0.0,16.686268871934526,1,A,180.0,1
P0014,3,7,0.0,0.0,14.458178073327545,1,A,180.0,1
P0014,4,17,0.0,0.0,6.782117674551675,1,A,180.0,1
P0014,5,14,0.0,0.0,16.795278814957097,1,A,180.0,1
P0014,6,0,0.0,0.0,14.275721699430848,0,A,180.0,1
P0016,1,27,5.1519041,0.0,31.848095891208803,1,A,220.0,1
P0016,2,32,0.0,0.0,31.848095891208803,1,A,220.0,1
P0016,3,32,0.0,0.0,31.848095891208803,1,A,220.0,1
P0016,4,32,0.0,0.0,31.848095891208803,1,A,220.0,1
P0016,5,32,0.0,0.0,31.848095891208803,1,A,220.0,1
P0016,6,0,0.0,0.0,31.848095891208803,0,A,220.0,1
P0107,1,27,0.0,3.3241798,16.32417977945689,1,A,215.0,2
P0107,2,24,0.0,24.775359,24.77535943748488,1,A,215.0,2
P0107,3,19,0.0,0.0,27.29034240415423,1,A,215.0,2
P0107,4,22,0.0,0.0,24.15211605961953,1,A,215.0,2
P0107,5,0,0.0,0.0,19.441198343978495,0,A,215.0,2
P0107,6,0,0.0,0.0,21.593694423726905,0,A,215.0,2
P0192,1,0,9.3621843,0.0,10.63781566813162,0,A,400.0,1
P0192,2,7,0.0,0.0,9.466698183255776,1,A,400.0,1
P0192,3,6,0.0,0.0,7.33332073714045,1,A,400.0,1
P0192,4,11,0.0,0.0,6.176199026495076,1,A,400.0,1
P0192,5,8,0.0,0.0,11.228032908846119,1,A,400.0,1
P0192,6,0,0.0,0.0,8.207599706815577,0,A,400.0,1
P0002,1,13,0.0,38.035962,38.03596224540378,1,A,110.0,1
P0002,2,59,0.0,0.0,13.193419441695529,1,A,110.0,1
P0002,3,11,0.0,0.0,59.492803215278585,1,A,110.0,1
P0002,4,45,0.0,0.0,10.585315105938339,1,A,110.0,1
P0002,5,3,0.0,0.0,45.0787433893162,1,A,110.0,1
P0002,6,0,0.0,0.0,2.8527108337943554,0,A,110.0,1
P0072,1,0,4.4818618,0.0,1.5181382216904067,0,A,790.0,1
P0072,2,2,2.0718215,0.0,2.4100402747804734,1,A,790.0,1
P0072,3,4,0.0,0.0,3.7191018327033145,1,A,790.0,1
P0072,4,4,0.0,0.0,4.029629431127768,1,A,790.0,1
P0072,5,3,0.0,0.0,3.793523199112263,1,A,790.0,1
P0072,6,0,0.0,0.0,2.8306733202094243,0,A,790.0,1
P0091,1,13,6.4451612,0.0,9.554838817436082,1,A,416.0,2
P0091,2,13,0.0,2.2433668,8.688528017159213,1,A,416.0,2
P0091,3,10,0.0,0.0,12.645500258402048,1,A,416.0,2
P0091,4,14,0.0,0.0,12.844033700855526,1,A,416.0,2
P0091,5,0,0.0,0.0,10.220426414273671,0,A,416.0,2
P0091,6,0,0.0,0.0,13.789898053162014,0,A,416.0,2
P0098,1,26,0.0,15.460187,21.460186551168253,1,A,192.0,2
P0098,2,21,0.0,20.116373,20.116373117831586,1,A,192.0,2
P0098,3,27,0.0,0.0,26.030239640049494,1,A,192.0,2
P0098,4,17,0.0,0.0,21.415898216491474,1,A,192.0,2
P0098,5,0,0.0,0.0,26.839409430254065,0,A,192.0,2
P0098,6,0,0.0,0.0,16.969226677567793,0,A,192.0,2
P0115,1,19,4.3600092,0.0,13.639990808254721,1,A,200.0,2
P0115,2,20,0.0,11.653274,16.013282995923735,1,A,200.0,2
P0115,3,14,0.0,0.0,18.820114450620494,1,A,200.0,2
P0115,4,12,0.0,0.0,20.164957872359604,1,A,200.0,2
P0115,5,0,0.0,0.0,14.486669482166407,0,A,200.0,2
P0115,6,0,0.0,0.0,12.184259200774251,0,A,200.0,2
P0092,1,6,0.0,0.63330884,7.633308843555202,1,A,480.0,1
P0092,2,8,0.0,0.0,6.469154274010625,1,A,480.0,1
P0092,3,4,0.0,0.0,8.427247786256904,1,A,480.0,1
P0092,4,10,0.0,0.0,3.8963379840560894,1,A,480.0,1
P0092,5,9,0.0,0.0,10.062560574319843,1,A,480.0,1
P0092,6,0,0.0,0.0,8.737662533081751,0,A,480.0,1
P0078,1,11,0.0,5.0685391,11.0685390652284,1,A,935.0,1
P0078,2,11,0.0,0.0,11.0685390652284,1,A,935.0,1
P0078,3,11,0.0,0.0,11.0685390652284,1,A,935.0,1
P0078,4,11,0.0,0.0,11.0685390652284,1,A,935.0,1
P0078,5,11,0.0,0.0,11.0685390652284,1,A,935.0,1
P0078,6,0,0.0,0.0,11.0685390652284,0,A,935.0,1
P0088,1,8,0.0,3.1107117,9.11071169110292,1,A,464.0,2
P0088,2,7,0.0,5.7705345,5.77053446880138,1,A,464.0,2
P0088,3,7,0.0,0.0,7.953178125769946,1,A,464.0,2
P0088,4,6,0.0,0.0,6.691519086453158,1,A,464.0,2
P0088,5,0,0.0,0.0,6.722715778353709,0,A,464.0,2
P0088,6,0,0.0,0.0,5.771197556878007,0,A,464.0,2
P0190,1,13,0.0,5.0907725,12.090772517275566,1,A,280.0,1
P0190,2,17,0.0,0.0,12.720521147969393,1,A,280.0,1
P0190,3,17,0.0,0.0,17.161916199533053,1,A,280.0,1
P0190,4,10,0.0,0.0,16.714434912149535,1,A,280.0,1
P0190,5,7,0.0,0.0,10.230077078836823,1,A,280.0,1
P0190,6,0,0.0,0.0,7.3183068845322445,0,A,280.0,1
P0015,1,0,5.8255826,0.0,7.174417368698692,0,A,210.0,1
P0015,2,3,3.5397825,0.0,2.2858001342893033,1,A,210.0,1
P0015,3,4,0.0,0.0,6.069698524640689,1,A,210.0,1
P0015,4,5,0.0,0.0,4.3853269989780514,1,A,210.0,1
P0015,5,6,0.0,0.0,5.327017885305765,1,A,210.0,1
P0015,6,0,0.0,0.0,6.280889777389096,0,A,210.0,1
P0046,1,12,2.6628248,0.0,5.337175245151771,1,A,288.0,1
P0046,2,13,0.0,0.0,14.64648245054564,1,A,288.0,1
P0046,3,8,0.0,0.0,13.337770226304988,1,A,288.0,1
P0046,4,10,0.0,0.0,7.627127936091349,1,A,288.0,1
P0046,5,11,0.0,0.0,10.331633496794066,1,A,288.0,1
P0046,6,0,0.0,0.0,10.738753451683763,0,A,288.0,1
P0044,1,8,0.0,0.48210396,8.482103962346969,1,A,416.0,1
P0044,2,11,0.0,0.0,8.46323373372721,1,A,416.0,1
P0044,3,9,0.0,0.0,10.830512895170468,1,A,416.0,1
P0044,4,6,0.0,0.0,8.737897186526304,1,A,416.0,1
P0044,5,8,0.0,0.0,5.8102088861356975,1,A,416.0,1
P0044,6,0,0.0,0.0,7.59045639122739,0,A,416.0,1
P0178,1,8,25.75426,0.0,34.24574022197043,1,A,82.0,1
P0178,2,32,0.0,0.0,33.80381402563553,1,A,82.0,1
P0178,3,32,0.0,0.0,32.39484790362109,1,A,82.0,1
P0178,4,24,0.0,0.0,32.3578650596479,1,A,82.0,1
P0178,5,20,0.0,0.0,24.413712803708336,1,A,82.0,1
P0178,6,0,0.0,0.0,20.006285773533754,0,A,82.0,1
P0062,1,1,0.0,1.7875201,10.787520081067008,1,A,360.0,1
P0062,2,7,0.0,0.0,1.259779659068882,1,A,360.0,1
P0062,3,8,0.0,0.0,7.034307119760963,1,A,360.0,1
P0062,4,6,0.0,0.0,8.444197737223242,1,A,360.0,1
P0062,5,7,0.0,0.0,5.603879679415286,1,A,360.0,1
P0062,6,0,0.0,0.0,6.569467901941575,0,A,360.0,1
P0188,1,11,0.0,1.1757487,14.175748736485769,1,A,216.0,1
P0188,2,9,0.0,0.0,10.69151911330377,1,A,216.0,1
P0188,3,13,0.0,0.0,8.57102091978557,1,A,216.0,1
P0188,4,13,0.0,0.0,12.7551695681707,1,A,216.0,1
P0188,5,11,0.0,0.0,13.130927437850776,1,A,216.0,1
P0188,6,0,0.0,0.0,11.346644500603146,0,A,216.0,1
P0052,1,3,0.0,2.266662,4.266662042426849,1,A,552.0,1
P0052,2,4,0.0,0.0,3.37767465288918,1,A,552.0,1
P0052,3,2,0.0,0.0,3.8191087443677887,1,A,552.0,1
P0052,4,3,0.0,0.0,2.282251775866601,1,A,552.0,1
P0052,5,2,0.0,0.0,2.8914230508032728,1,A,552.0,1
P0052,6,0,0.0,0.0,2.2710782110936267,0,A,552.0,1
P0222,1,9,0.0,8.8028019,14.802801898661444,1,A,210.0,1
P0222,2,16,0.0,0.0,9.350565575636292,1,A,210.0,1
P0222,3,11,0.0,0.0,15.755603817072906,1,A,210.0,1
P0222,4,16,0.0,0.0,11.35715526558078,1,A,210.0,1
P0222,5,11,0.0,0.0,15.69313426978519,1,A,210.0,1
P0222,6,0,0.0,0.0,10.68705052270015,0,A,210.0,1
P0076,1,3,2.2490038,0.0,3.7509961524587014,1,A,595.0,1
P0076,2,4,0.0,0.0,4.8781189757189845,1,A,595.0,1
P0076,3,3,0.0,0.0,3.6876431248557333,1,A,595.0,1
P0076,4,3,0.0,0.0,2.825728119465236,1,A,595.0,1
P0076,5,4,0.0,0.0,3.391994037330177,1,A,595.0,1
P0076,6,0,0.0,0.0,3.854746130371358,0,A,595.0,1
P0045,1,1,2.4931133,0.0,6.506886700227229,1,A,388.0,1
P0045,2,5,0.0,0.0,3.8866687060380816,1,A,388.0,1
P0045,3,3,0.0,0.0,4.938059424817725,1,A,388.0,1
P0045,4,7,0.0,0.0,2.5808230907592655,1,A,388.0,1
P0045,5,5,0.0,0.0,6.508993988815495,1,A,388.0,1
P0045,6,0,0.0,0.0,4.601478402062991,0,A,388.0,1
P0042,1,0,12.526461,0.0,5.473538850918178,0,A,320.0,1
P0042,2,0,6.9314041,0.0,5.595057049313243,0,A,320.0,1
P0042,3,6,0.0,0.0,7.4265377870090115,1,A,320.0,1
P0042,4,7,0.0,0.0,6.028570481042422,1,A,320.0,1
P0042,5,7,0.0,0.0,7.157299520094847,1,A,320.0,1
P0042,6,0,0.0,0.0,6.563872663732598,0,A,320.0,1
P0066,1,0,3.2469687,0.0,4.753031302453492,0,A,552.0,1
P0066,2,3,2.2981716,0.0,0.9487970731654626,1,A,552.0,1
P0066,3,0,0.0,0.0,5.673905496910115,0,A,552.0,1
P0066,4,4,0.0,0.0,0.12329553250012748,1,A,552.0,1
P0066,5,4,0.0,0.0,4.387703220489616,1,A,552.0,1
P0066,6,0,0.0,0.0,3.5962374485035227,0,A,552.0,1
P0147,1,69,0.0,38.998161,60.99816119287378,1,A,38.0,1
P0147,2,67,0.0,0.0,68.92811493039092,1,A,38.0,1
P0147,3,78,0.0,0.0,66.91612633540667,1,A,38.0,1
P0147,4,77,0.0,0.0,78.1795571724416,1,A,38.0,1
P0147,5,59,0.0,0.0,76.7565570850338,1,A,38.0,1
P0147,6,0,0.0,0.0,58.934332347860376,0,A,38.0,1
P0040,1,10,1.2667328,0.0,8.73326719908983,1,A,224.0,1
P0040,2,9,0.0,0.0,11.427470133922338,1,A,224.0,1
P0040,3,7,0.0,0.0,9.407304877017792,1,A,224.0,1
P0040,4,9,0.0,0.0,6.903544286115291,1,A,224.0,1
P0040,5,8,0.0,0.0,9.087183283510662,1,A,224.0,1
P0040,6,0,0.0,0.0,8.338588372763214,0,A,224.0,1
P0189,1,17,0.0,8.5650551,13.565055145593124,1,A,144.0,2
P0189,2,14,0.0,14.382117,14.382117193782452,1,A,144.0,2
P0189,3,15,0.0,0.0,16.532782891430642,1,A,144.0,2
P0189,4,13,0.0,0.0,14.456979667836013,1,A,144.0,2
P0189,5,0,0.0,0.0,14.964288422589126,0,A,144.0,2
P0189,6,0,0.0,0.0,13.436930893970867,0,A,144.0,2
P0221,1,18,0.0,5.3278223,16.32782225978222,1,A,165.0,1
P0221,2,15,0.0,0.0,17.98783454348922,1,A,165.0,1
P0221,3,15,0.0,0.0,14.907512788924388,1,A,165.0,1
P0221,4,16,0.0,0.0,14.998929239845461,1,A,165.0,1
P0221,5,15,0.0,0.0,16.361329216159447,1,A,165.0,1
P0221,6,0,0.0,0.0,15.106222990489314,0,A,165.0,1
P0109,1,21,16.679651,0.0,13.320349407375671,1,A,135.0,2
P0109,2,19,0.0,2.1927784,18.872428968255175,1,A,135.0,2
P0109,3,9,0.0,0.0,21.35402342663404,1,A,135.0,2
P0109,4,15,0.0,0.0,18.912678743394878,1,A,135.0,2
P0109,5,0,0.0,0.0,9.435249301774245,0,A,135.0,2
P0109,6,0,0.0,0.0,15.424746647622051,0,A,135.0,2
P0219,1,16,0.0,7.9138708,17.913870825062855,1,A,165.0,2
P0219,2,12,0.0,20.390249,20.390249133827723,1,A,165.0,2
P0219,3,11,0.0,0.0,16.11642319678386,1,A,165.0,2
P0219,4,16,0.0,0.0,12.359772688478984,1,A,165.0,2
P0219,5,0,0.0,0.0,10.936457321227813,0,A,165.0,2
P0219,6,0,0.0,0.0,15.735318744819827,0,A,165.0,2
P0060,1,17,0.0,9.1320387,12.132038682965899,1,A,420.0,1
P0060,2,18,0.0,0.0,17.21882838854484,1,A,420.0,1
P0060,3,15,0.0,0.0,18.02054518197151,1,A,420.0,1
P0060,4,13,0.0,0.0,14.59052119140537,1,A,420.0,1
P0060,5,14,0.0,0.0,13.366755253117535,1,A,420.0,1
P0060,6,0,0.0,0.0,13.791735409975084,0,A,420.0,1
P0056,1,0,7.1575648,0.0,5.842435248388441,0,A,280.0,1
P0056,2,6,0.037735916,0.0,7.119828835445982,1,A,280.0,1
P0056,3,5,0.0,0.0,6.165443550648755,1,A,280.0,1
P0056,4,8,0.0,0.0,5.206853715660022,1,A,280.0,1
P0056,5,9,0.0,0.0,7.670171543413593,1,A,280.0,1
P0056,6,0,0.0,0.0,8.832441846915565,0,A,280.0,1
P0177,1,12,21.338408,0.0,38.661591973385825,1,A,56.0,1
P0177,2,40,0.0,0.0,33.258862993790785,1,A,56.0,1
P0177,3,52,0.0,0.0,40.279772268671394,1,A,56.0,1
P0177,4,38,0.0,0.0,51.50765592365021,1,A,56.0,1
P0177,5,40,0.0,0.0,37.79349644500863,1,A,56.0,1
P0177,6,0,0.0,0.0,40.01134061371728,0,A,56.0,1
P0096,1,30,0.0,8.0017908,23.00179077120166,1,A,98.0,2
P0096,2,18,0.0,24.552487,24.552487316952874,1,A,98.0,2
P0096,3,19,0.0,0.0,30.258149660771345,1,A,98.0,2
P0096,4,16,0.0,0.0,18.285037409604755,1,A,98.0,2
P0096,5,0,0.0,0.0,19.414229452804474,0,A,98.0,2
P0096,6,0,0.0,0.0,16.23921423462022,0,A,98.0,2
P0055,1,0,2.9950047,0.0,3.0049952701642915,0,A,304.0,1
P0055,2,5,0.0,0.0,3.344000530524979,1,A,304.0,1
P0055,3,5,0.0,0.0,5.171822687168042,1,A,304.0,1
P0055,4,4,0.0,0.0,4.5528834707649875,1,A,304.0,1
P0055,5,7,0.0,0.0,3.8579704353505226,1,A,304.0,1
P0055,6,0,0.0,0.0,7.248372723497857,0,A,304.0,1
P0005,1,7,7.8693617,0.0,22.130638262416085,1,A,130.0,1
P0005,2,8,0.0,0.0,15.243163436395191,1,A,130.0,1
P0005,3,18,0.0,0.0,7.860042338817003,1,A,130.0,1
P0005,4,25,0.0,0.0,18.005696031754727,1,A,130.0,1
P0005,5,14,0.0,0.0,24.87180492416602,1,A,130.0,1
P0005,6,0,0.0,0.0,13.668007363923444,0,A,130.0,1
P0186,1,0,9.3082891,0.0,4.691710926876041,0,A,152.0,1
P0186,2,3,4.8107406,0.0,4.497548472204914,1,A,152.0,1
P0186,3,6,0.0,0.0,7.854113664515124,1,A,152.0,1
P0186,4,9,0.0,0.0,5.9589176258759835,1,A,152.0,1
P0186,5,13,0.0,0.0,8.62377312899433,1,A,152.0,1
P0186,6,0,0.0,0.0,12.584575897575732,0,A,152.0,1
P0090,1,0,8.9792881,0.0,4.020711949336361,0,A,280.0,1
P0090,2,2,4.153883,0.0,4.825405077270557,1,A,280.0,1
P0090,3,10,0.0,0.0,6.61502304529336,1,A,280.0,1
P0090,4,10,0.0,0.0,9.94428120708535,1,A,280.0,1
P0090,5,5,0.0,0.0,9.571914067940808,1,A,280.0,1
P0090,6,0,0.0,0.0,4.805179240981067,0,A,280.0,1
P0112,1,28,9.6563018,0.0,22.34369819973934,1,B,88.0,2
P0112,2,9,0.0,14.159381,23.81568313016918,1,B,88.0,2
P0112,3,15,0.0,0.0,28.189815864486665,1,B,88.0,2
P0112,4,25,0.0,0.0,9.206620400464054,1,B,88.0,2
P0112,5,0,0.0,0.0,14.598371127069436,0,B,88.0,2
P0112,6,0,0.0,0.0,25.04060420332885,0,B,88.0,2
P0089,1,7,0.0,0.25103379,5.251033786685151,1,B,360.0,1
P0089,2,1,0.0,0.0,7.3670111182958395,1,B,360.0,1
P0089,3,5,0.0,0.0,0.869602345144422,1,B,360.0,1
P0089,4,6,0.0,0.0,5.4816027694429295,1,B,360.0,1
P0089,5,5,0.0,0.0,5.589901058367115,1,B,360.0,1
P0089,6,0,0.0,0.0,4.943899906913265,0,B,360.0,1
P0054,1,0,10.557756,0.0,3.442243750448581,0,B,320.0,1
P0054,2,0,6.7603265,0.0,3.7974297324266866,0,B,320.0,1
P0054,3,2,0.6236723,0.0,6.136654214208147,1,B,320.0,1
P0054,4,6,0.0,0.0,2.708789706993867,1,B,320.0,1
P0054,5,8,0.0,0.0,5.676449479465206,1,B,320.0,1
P0054,6,0,0.0,0.0,7.575751741252057,0,B,320.0,1
P0038,1,0,5.384668,0.0,3.6153319799393233,0,B,680.0,1
P0038,2,0,3.5197765,0.0,1.8648915016721122,0,B,680.0,1
P0038,3,0,3.30136,0.0,0.21841649492316348,0,B,680.0,1
P0038,4,0,3.30136,0.0,0.0,0,B,680.0,1
P0038,5,4,0.0,0.0,3.306260439333945,1,B,680.0,1
P0038,6,0,0.0,0.0,3.513937097308069,0,B,680.0,1
P0158,1,41,0.0,25.004554,41.004553652666786,1,B,32.0,1
P0158,2,50,0.0,0.0,41.20884544423236,1,B,32.0,1
P0158,3,54,0.0,0.0,50.221971326304015,1,B,32.0,1
P0158,4,47,0.0,0.0,53.5046459716606,1,B,32.0,1
P0158,5,55,0.0,0.0,47.27363632711504,1,B,32.0,1
P0158,6,0,0.0,0.0,54.98372987089009,0,B,32.0,1
P0058,1,3,0.0,7.8799688,8.879968824927364,1,B,280.0,1
P0058,2,4,0.0,0.0,3.2325946968095445,1,B,280.0,1
P0058,3,5,0.0,0.0,3.8703868679260527,1,B,280.0,1
P0058,4,4,0.0,0.0,4.575394148068195,1,B,280.0,1
P0058,5,5,0.0,0.0,4.0105687243612325,1,B,280.0,1
P0058,6,0,0.0,0.0,5.125085318324476,0,B,280.0,1
P0232,1,11,0.0,3.6701081,6.670108083884512,1,B,280.0,2
P0232,2,4,0.0,4.7545726,4.754572631651938,1,B,280.0,2
P0232,3,9,0.0,0.0,10.921316052829999,1,B,280.0,2
P0232,4,2,0.0,0.0,4.282303749236712,1,B,280.0,2
P0232,5,0,0.0,0.0,9.222622843424018,0,B,280.0,2
P0232,6,0,0.0,0.0,2.313929249517991,0,B,280.0,2
P0157,1,54,0.0,11.544032,36.54403173604328,1,B,38.0,1
P0157,2,29,0.0,0.0,53.51804360577299,1,B,38.0,1
P0157,3,28,0.0,0.0,28.930043585376822,1,B,38.0,1
P0157,4,46,0.0,0.0,27.90596094650095,1,B,38.0,1
P0157,5,50,0.0,0.0,46.12791251614204,1,B,38.0,1
P0157,6,0,0.0,0.0,49.61456120837121,0,B,38.0,1
P0086,1,11,3.4009788,0.0,12.599021196789062,1,B,200.0,2
P0086,2,11,0.0,10.651507,14.052485434884973,1,B,200.0,2
P0086,3,10,0.0,0.0,11.20222817515033,1,B,200.0,2
P0086,4,9,0.0,0.0,11.33143007863501,1,B,200.0,2
P0086,5,0,0.0,0.0,9.558629472224593,0,B,200.0,2
P0086,6,0,0.0,0.0,9.130891889798365,0,B,200.0,2
P0220,1,20,0.0,14.153799,23.153798669309513,1,B,130.0,2
P0220,2,14,0.0,23.472343,23.47234343869644,1,B,130.0,2
P0220,3,13,0.0,0.0,19.55595316908242,1,B,130.0,2
P0220,4,13,0.0,0.0,13.74063224935564,1,B,130.0,2
P0220,5,0,0.0,0.0,13.333917941804698,0,B,130.0,2
P0220,6,0,0.0,0.0,12.640817678462883,0,B,130.0,2
P0006,1,0,10.76022,0.0,4.239780408607578,0,B,145.0,1
P0006,2,1,4.8803408,0.0,5.879878747497662,1,B,145.0,1
P0006,3,22,0.0,0.0,6.229841016342422,1,B,145.0,1
P0006,4,31,0.0,0.0,22.386612444719503,1,B,145.0,1
P0006,5,3,0.0,0.0,30.5871244521468,1,B,145.0,1
P0006,6,0,0.0,0.0,2.766291402399551,0,B,145.0,1
P0095,1,16,0.0,25.744117,44.74411660299884,1,B,75.0,2
P0095,2,18,0.0,34.900602,34.900602466205996,1,B,75.0,2
P0095,3,14,0.0,0.0,15.714906642817782,1,B,75.0,2
P0095,4,16,0.0,0.0,18.461284127455166,1,B,75.0,2
P0095,5,0,0.0,0.0,13.903288486909304,0,B,75.0,2
P0095,6,0,0.0,0.0,15.94678554263951,0,B,75.0,2
P0145,1,48,0.0,32.523356,52.52335616331208,1,B,28.0,2
P0145,2,38,0.0,68.486653,68.48665318918157,1,B,28.0,2
P0145,3,47,0.0,0.0,48.29043897957559,1,B,28.0,2
P0145,4,46,0.0,0.0,37.81139921614758,1,B,28.0,2
P0145,5,0,0.0,0.0,46.863198104434304,0,B,28.0,2
P0145,6,0,0.0,0.0,46.348402941013745,0,B,28.0,2
P0074,1,0,2.9021289,0.0,3.097871088924779,0,B,1190.0,1
P0074,2,0,2.9021289,0.0,0.0,0,B,1190.0,1
P0074,3,0,0.0,0.0,2.9987129726340185,0,B,1190.0,1
P0074,4,1,0.0,0.0,0.44072349900284585,1,B,1190.0,1
P0074,5,0,0.0,0.0,0.5856642640487583,0,B,1190.0,1
P0074,6,0,0.0,0.0,0.04592636698331628,0,B,1190.0,1
P0159,1,53,0.0,16.264591,38.26459062388377,1,B,28.0,2
P0159,2,38,0.0,61.74351,61.74350950733143,1,B,28.0,2
P0159,3,28,0.0,0.0,53.18272148614401,1,B,28.0,2
P0159,4,36,0.0,0.0,38.45818763576577,1,B,28.0,2
P0159,5,0,0.0,0.0,28.339147054338124,0,B,28.0,2
P0159,6,0,0.0,0.0,35.897685467946104,0,B,28.0,2
P0075,1,0,3.8721557,0.0,1.1278442797033414,0,B,850.0,1
P0075,2,0,3.7113562,0.0,0.16079947115054397,0,B,850.0,1
P0075,3,0,3.7113562,0.0,0.0,0,B,850.0,1
P0075,4,2,1.3854841,0.0,2.3258721160247737,1,B,850.0,1
P0075,5,6,0.0,0.0,3.6629820445219696,1,B,850.0,1
P0075,6,0,0.0,0.0,6.018764515954488,0,B,850.0,1
P0102,1,20,0.0,14.497816,26.497816389888744,1,B,65.0,2
P0102,2,16,0.0,24.291436,24.291436323378193,1,B,65.0,2
P0102,3,15,0.0,0.0,19.734076391177716,1,B,65.0,2
P0102,4,14,0.0,0.0,15.838353801137437,1,B,65.0,2
P0102,5,0,0.0,0.0,15.172616689159247,0,B,65.0,2
P0102,6,0,0.0,0.0,13.890945516024782,0,B,65.0,2
P0146,1,34,0.0,6.8308535,41.83085348539487,1,B,38.0,1
P0146,2,47,0.0,0.0,33.63286749643539,1,B,38.0,1
P0146,3,25,0.0,0.0,46.73274522410925,1,B,38.0,1
P0146,4,36,0.0,0.0,25.423740713889973,1,B,38.0,1
P0146,5,36,0.0,0.0,35.63728536914161,1,B,38.0,1
P0146,6,0,0.0,0.0,35.65866477491199,0,B,38.0,1
P0218,1,17,0.0,8.9402347,18.94023465695998,1,B,95.0,2
P0218,2,16,0.0,22.361072,22.36107223609046,1,B,95.0,2
P0218,3,15,0.0,0.0,17.135654754066,1,B,95.0,2
P0218,4,10,0.0,0.0,16.38421446502881,1,B,95.0,2
P0218,5,0,0.0,0.0,14.732319526641815,0,B,95.0,2
P0218,6,0,0.0,0.0,9.99043393467049,0,B,95.0,2
P0039,1,2,0.0,9.2577399,9.257739874054735,1,B,184.0,1
P0039,2,14,0.0,0.0,2.436702147712859,1,B,184.0,1
P0039,3,7,0.0,0.0,14.268995972641754,1,B,184.0,1
P0039,4,2,0.0,0.0,6.644022812149557,1,B,184.0,1
P0039,5,9,0.0,0.0,2.470039099180214,1,B,184.0,1
P0039,6,0,0.0,0.0,9.224020401171387,0,B,184.0,1
P0184,1,16,0.0,7.8287298,16.828729803959842,1,B,96.0,1
P0184,2,16,0.0,0.0,16.015945886242832,1,B,96.0,1
P0184,3,11,0.0,0.0,16.032488746357057,1,B,96.0,1
P0184,4,13,0.0,0.0,11.410588644512913,1,B,96.0,1
P0184,5,17,0.0,0.0,13.192952337193852,1,B,96.0,1
P0184,6,0,0.0,0.0,17.01034249847858,0,B,96.0,1
P0099,1,19,0.0,13.184844,23.184844081226565,1,B,57.0,2
P0099,2,35,0.0,30.197982,30.197982074797707,1,B,57.0,2
P0099,3,27,0.0,0.0,18.830055013517683,1,B,57.0,2
P0099,4,24,0.0,0.0,34.61748051386421,1,B,57.0,2
P0099,5,0,0.0,0.0,27.427559551571083,0,B,57.0,2
P0099,6,0,0.0,0.0,24.19957007284075,0,B,57.0,2
P0248,1,4,0.0,1.7582676,4.758267600966345,1,B,360.0,1
P0248,2,1,0.0,0.0,4.09398791981248,1,B,360.0,1
P0248,3,3,0.0,0.0,1.3462987604149963,1,B,360.0,1
P0248,4,3,0.0,0.0,2.8627301056157353,1,B,360.0,1
P0248,5,3,0.0,0.0,2.5580219775175133,1,B,360.0,1
P0248,6,0,0.0,0.0,3.347063682559851,0,B,360.0,1
P0149,1,51,0.0,31.983598,50.9835984411373,1,B,22.0,2
P0149,2,32,0.0,33.136152,33.1361518253234,1,B,22.0,2
P0149,3,53,0.0,0.0,51.49804800102004,1,B,22.0,2
P0149,4,24,0.0,0.0,31.9931978208806,1,B,22.0,2
P0149,5,0,0.0,0.0,52.86488704829388,0,B,22.0,2
P0149,6,0,0.0,0.0,23.510165115873534,0,B,22.0,2
P0216,1,12,7.5691148,0.0,16.430885182495796,1,B,82.0,2
P0216,2,9,0.0,7.3801825,14.94929735891522,1,B,82.0,2
P0216,3,24,0.0,0.0,12.19294494056134,1,B,82.0,2
P0216,4,17,0.0,0.0,8.547386178855831,1,B,82.0,2
P0216,5,0,0.0,0.0,23.503210502974888,0,B,82.0,2
P0216,6,0,0.0,0.0,16.523804204879227,0,B,82.0,2
P0255,1,4,0.0,4.7225259,4.722525880851727,1,B,246.0,2
P0255,2,8,0.0,6.6838389,6.683838890776508,1,B,246.0,2
P0255,3,4,0.0,0.0,4.124536516523228,1,B,246.0,2
P0255,4,8,0.0,0.0,8.022125711623563,1,B,246.0,2
P0255,5,0,0.0,0.0,3.5926021607468717,0,B,246.0,2
P0255,6,0,0.0,0.0,7.775590412233537,0,B,246.0,2
P0155,1,32,0.0,1.882758,25.882757991020952,1,B,22.0,2
P0155,2,34,0.0,33.170708,33.17070830038714,1,B,22.0,2
P0155,3,37,0.0,0.0,31.98176211471804,1,B,22.0,2
P0155,4,43,0.0,0.0,33.802415696353656,1,B,22.0,2
P0155,5,0,0.0,0.0,36.80190385936428,0,B,22.0,2
P0155,6,0,0.0,0.0,43.35664873889796,0,B,22.0,2
P0113,1,15,0.0,14.343244,20.343243896691597,1,B,75.0,2
P0113,2,12,0.0,11.934653,11.934652971557057,1,B,75.0,2
P0113,3,5,0.0,0.0,14.840255148744104,1,B,75.0,2
P0113,4,14,0.0,0.0,11.879283003482085,1,B,75.0,2
P0113,5,0,0.0,0.0,4.863582812146557,0,B,75.0,2
P0113,6,0,0.0,0.0,14.49718634181714,0,B,75.0,2
P0270,1,2,11.253768,0.0,8.746231505184708,1,B,90.0,1
P0270,2,11,0.0,0.0,13.013954420243207,1,B,90.0,1
P0270,3,10,0.0,0.0,10.644944543237045,1,B,90.0,1
P0270,4,7,0.0,0.0,9.624264315906125,1,B,90.0,1
P0270,5,3,0.0,0.0,7.0489103659762575,1,B,90.0,1
P0270,6,0,0.0,0.0,3.49150420706338,0,B,90.0,1
P0138,1,39,0.0,19.785789,37.785788564719844,1,B,22.0,2
P0138,2,35,0.0,35.674114,35.67411427429399,1,B,22.0,2
P0138,3,40,0.0,0.0,38.777024956391756,1,B,22.0,2
P0138,4,22,0.0,0.0,35.454375942388474,1,B,22.0,2
P0138,5,0,0.0,0.0,40.41099939642647,0,B,22.0,2
P0138,6,0,0.0,0.0,21.762259744687874,0,B,22.0,2
P0111,1,27,0.0,15.38726,21.38725992622729,1,B,45.0,2
P0111,2,26,0.0,10.743713,10.743713143655867,1,B,45.0,2
P0111,3,22,0.0,0.0,26.736978697193063,1,B,45.0,2
P0111,4,14,0.0,0.0,26.28451494456789,1,B,45.0,2
P0111,5,0,0.0,0.0,21.884581341209806,0,B,45.0,2
P0111,6,0,0.0,0.0,14.320582179313417,0,B,45.0,2
P0152,1,32,0.0,16.213482,40.21348228861561,1,B,18.0,2
P0152,2,53,0.0,76.843241,76.84324064762224,1,B,18.0,2
P0152,3,30,0.0,0.0,31.77093563591531,1,B,18.0,2
P0152,4,41,0.0,0.0,53.13978876388757,1,B,18.0,2
P0152,5,0,0.0,0.0,30.035248541304473,0,B,18.0,2
P0152,6,0,0.0,0.0,41.49679312676667,0,B,18.0,2
P0180,1,0,37.189014,0.0,32.81098599735456,0,B,32.0,1
P0180,2,4,4.7913454,0.0,32.39766861365857,1,B,32.0,1
P0180,3,16,0.0,0.0,8.974030175148757,1,B,32.0,1
P0180,4,18,0.0,0.0,16.134352330991273,1,B,32.0,1
P0180,5,34,0.0,0.0,18.310428787913295,1,B,32.0,1
P0180,6,0,0.0,0.0,33.78163468431222,0,B,32.0,1
P0176,1,40,14.549359,0.0,36.450640707407885,1,B,26.0,2
P0176,2,49,0.0,25.61408,40.16343926389052,1,B,26.0,2
P0176,3,17,0.0,0.0,39.96969401044873,1,B,26.0,2
P0176,4,9,0.0,0.0,49.382649753850274,1,B,26.0,2
P0176,5,0,0.0,0.0,17.430905091562575,0,B,26.0,2
P0176,6,0,0.0,0.0,8.69025350164469,0,B,26.0,2
P0194,1,9,0.0,5.3723431,16.372343127168495,1,B,88.0,2
P0194,2,4,0.0,7.3102287,7.3102286604849445,1,B,88.0,2
P0194,3,4,0.0,0.0,9.24641337916619,1,B,88.0,2
P0194,4,14,0.0,0.0,3.999744951762256,1,B,88.0,2
P0194,5,0,0.0,0.0,4.375499465096726,0,B,88.0,2
P0194,6,0,0.0,0.0,13.737833736931588,0,B,88.0,2
P0156,1,37,0.0,2.254967,25.25496695305262,1,B,18.0,2
P0156,2,29,0.0,41.298454,41.29845401031758,1,B,18.0,2
P0156,3,38,0.0,0.0,36.60300813477278,1,B,18.0,2
P0156,4,46,0.0,0.0,29.029520518655044,1,B,18.0,2
P0156,5,0,0.0,0.0,37.78854542166278,0,B,18.0,2
P0156,6,0,0.0,0.0,46.1133191110309,0,B,18.0,2
P0269,1,0,6.8741405,0.0,13.125859548936809,0,B,62.0,1
P0269,2,13,0.0,0.0,7.032842187602785,1,B,62.0,1
P0269,3,13,0.0,0.0,13.023698226079047,1,B,62.0,1
P0269,4,9,0.0,0.0,12.645634923130165,1,B,62.0,1
P0269,5,2,0.0,0.0,8.618019751299185,1,B,62.0,1
P0269,6,0,0.0,0.0,1.568540344618794,0,B,62.0,1
P0061,1,0,12.419746,0.0,3.580253865347019,0,B,280.0,1
P0061,2,0,9.484624,0.0,2.9351221581022533,0,B,280.0,1
P0061,3,0,9.4586087,0.0,0.02601526481944277,0,B,280.0,1
P0061,4,0,6.6115624,0.0,2.847046292291133,0,B,280.0,1
P0061,5,2,0.0,0.0,6.668874789979742,1,B,280.0,1
P0061,6,0,0.0,0.0,2.1188918232338776,0,B,280.0,1
P0150,1,67,33.176953,0.0,43.82304716266274,1,B,18.0,2
P0150,2,46,0.0,20.150763,53.3277156677011,1,B,18.0,2
P0150,3,34,0.0,0.0,67.19848673035897,1,B,18.0,2
P0150,4,33,0.0,0.0,46.38646088693122,1,B,18.0,2
P0150,5,0,0.0,0.0,33.80124638951008,0,B,18.0,2
P0150,6,0,0.0,0.0,32.99083196767155,0,B,18.0,2
P0185,1,0,0.77796128,0.0,5.222038719454218,0,C,112.0,1
P0185,2,6,0.028530099,0.0,0.7494311814073472,1,C,112.0,1
P0185,3,13,0.0,0.0,6.1402322402886735,1,C,112.0,1
P0185,4,5,0.0,0.0,13.115013638907591,1,C,112.0,1
P0185,5,3,0.0,0.0,5.3932938114453925,1,C,112.0,1
P0185,6,0,0.0,0.0,3.4711839765220707,0,C,112.0,1
P0201,1,4,0.0,16.036658,38.03665762935889,1,C,9.0,2
P0201,2,18,0.0,1.6056681,1.6056681380161422,1,C,9.0,2
P0201,3,0,0.0,0.0,4.072886956176068,0,C,9.0,2
P0201,4,2,0.0,0.0,18.399143398476195,1,C,9.0,2
P0201,5,0,0.0,0.0,0.0,0,C,9.0,2
P0201,6,0,0.0,0.0,2.4931688742661517,0,C,9.0,2
P0136,1,79,0.0,38.198891,50.19889144629984,1,C,12.0,2
P0136,2,20,0.0,42.083699,42.08369850821298,1,C,12.0,2
P0136,3,62,0.0,0.0,79.39459980526824,1,C,12.0,2
P0136,4,69,0.0,0.0,20.371497920845954,1,C,12.0,2
P0136,5,0,0.0,0.0,62.239033881189265,0,C,12.0,2
P0136,6,0,0.0,0.0,68.95918174688194,0,C,12.0,2
P0267,1,10,0.0,18.780633,27.780632564200314,1,C,58.0,1
P0267,2,0,0.0,0.0,10.411970290409808,0,C,58.0,1
P0267,3,14,0.0,0.0,0.0,1,C,58.0,1
P0267,4,2,0.0,0.0,14.411458202522692,1,C,58.0,1
P0267,5,13,0.0,0.0,2.175634525185585,1,C,58.0,1
P0267,6,0,0.0,0.0,12.946757805766737,0,C,58.0,1
P0050,1,17,0.0,1.2803949,8.280394901284472,1,C,84.0,1
P0050,2,4,0.0,0.0,16.838583558946873,1,C,84.0,1
P0050,3,4,0.0,0.0,4.269901865463032,1,C,84.0,1
P0050,4,11,0.0,0.0,4.378539368295341,1,C,84.0,1
P0050,5,7,0.0,0.0,10.890825655414403,1,C,84.0,1
P0050,6,0,0.0,0.0,6.794400896740708,0,C,84.0,1
P0148,1,0,25.511514,0.0,2.4884855912140864,0,C,14.0,2
P0148,2,95,0.0,69.738486,95.25,1,C,14.0,2
P0148,3,0,0.0,0.0,0.0,0,C,14.0,2
P0148,4,95,0.0,0.0,95.25,1,C,14.0,2
P0148,5,0,0.0,0.0,0.0,0,C,14.0,2
P0148,6,0,0.0,0.0,95.25,0,C,14.0,2
P0135,1,96,0.0,75.529982,87.52998234363677,1,C,13.0,2
P0135,2,78,0.0,78.500656,78.50065590591991,1,C,13.0,2
P0135,3,72,0.0,0.0,96.33800221345965,1,C,13.0,2
P0135,4,77,0.0,0.0,77.51574958102572,1,C,13.0,2
P0135,5,0,0.0,0.0,72.34000567187367,0,C,13.0,2
P0135,6,0,0.0,0.0,76.6848946510421,0,C,13.0,2
P0134,1,86,0.0,61.5,85.5,1,C,14.0,2
P0134,2,85,0.0,85.5,85.5,1,C,14.0,2
P0134,3,86,0.0,0.0,85.5,1,C,14.0,2
P0134,4,86,0.0,0.0,85.42774403117102,1,C,14.0,2
P0134,5,0,0.0,0.0,85.5,0,C,14.0,2
P0134,6,0,0.0,0.0,85.5,0,C,14.0,2
P0217,1,14,0.0,17.258247,25.25824747850162,1,C,55.0,2
P0217,2,20,0.0,20.790742,20.79074154733521,1,C,55.0,2
P0217,3,17,0.0,0.0,14.4582536435879,1,C,55.0,2
P0217,4,27,0.0,0.0,19.921145057476078,1,C,55.0,2
P0217,5,0,0.0,0.0,17.145947083755583,0,C,55.0,2
P0217,6,0,0.0,0.0,26.977463327803026,0,C,55.0,2
P0187,1,0,2.3458677,0.0,2.6541323205091865,0,C,184.0,1
P0187,2,3,0.0,0.0,2.6541323205091865,1,C,184.0,1
P0187,3,3,0.0,0.0,2.6541323205091865,1,C,184.0,1
P0187,4,3,0.0,0.0,2.6541323205091865,1,C,184.0,1
P0187,5,3,0.0,0.0,2.6541323205091865,1,C,184.0,1
P0187,6,0,0.0,0.0,2.6541323205091865,0,C,184.0,1
P0229,1,10,0.27618871,0.0,6.723811290002104,1,C,90.0,2
P0229,2,3,0.0,14.502641,14.778829309853272,1,C,90.0,2
P0229,3,4,0.0,0.0,10.145485378647173,1,C,90.0,2
P0229,4,4,0.0,0.0,3.456530516039921,1,C,90.0,2
P0229,5,0,0.0,0.0,4.467862206274935,0,C,90.0,2
P0229,6,0,0.0,0.0,4.230193910063463,0,C,90.0,2
P0251,1,4,0.28641595,0.0,2.713584045084559,1,C,154.0,2
P0251,2,1,0.0,2.9897365,3.276152495337098,1,C,154.0,2
P0251,3,6,0.0,0.0,3.9131812635673047,1,C,154.0,2
P0251,4,4,0.0,0.0,1.3695463863373742,1,C,154.0,2
P0251,5,0,0.0,0.0,5.538104032055275,0,C,154.0,2
P0251,6,0,0.0,0.0,4.000032030715926,0,C,154.0,2
P0175,1,22,0.0,0.44222764,28.44222763984262,1,C,18.0,2
P0175,2,19,0.0,31.677964,31.677964144791574,1,C,18.0,2
P0175,3,55,0.0,0.0,21.61031231341721,1,C,18.0,2
P0175,4,20,0.0,0.0,19.121072402702154,1,C,18.0,2
P0175,5,0,0.0,0.0,54.995302475696185,0,C,18.0,2
P0175,6,0,0.0,0.0,20.012477042166665,0,C,18.0,2
P0141,1,36,0.0,32.276265,59.27626520999794,1,C,11.0,2
P0141,2,49,0.0,69.280778,69.28077831702167,1,C,11.0,2
P0141,3,46,0.0,0.0,36.30847246582521,1,C,11.0,2
P0141,4,58,0.0,0.0,49.0518405181688,1,C,11.0,2
P0141,5,0,0.0,0.0,45.87788800228569,0,C,11.0,2
P0141,6,0,0.0,0.0,58.2094361997979,0,C,11.0,2
P0197,1,89,0.0,29.130354,54.1303539501306,1,C,8.5,1
P0197,2,19,0.0,0.0,89.47724521612712,1,C,8.5,1
P0197,3,60,0.0,0.0,18.8945359950772,1,C,8.5,1
P0197,4,0,0.0,0.0,60.14955681762612,0,C,8.5,1
P0197,5,49,0.0,0.0,0.0,1,C,8.5,1
P0197,6,0,0.0,0.0,48.71555672492048,0,C,8.5,1
P0059,1,1,0.0,12.093472,15.093471607331246,1,C,72.0,1
P0059,2,5,0.0,0.0,0.7260092567027634,1,C,72.0,1
P0059,3,6,0.0,0.0,5.391431119979198,1,C,72.0,1
P0059,4,1,0.0,0.0,6.269437808835719,1,C,72.0,1
P0059,5,2,0.0,0.0,1.401241394398136,1,C,72.0,1
P0059,6,0,0.0,0.0,2.3248560846441073,0,C,72.0,1
P0154,1,74,0.0,24.619813,55.619813090670924,1,C,104.0,1
P0154,2,48,0.0,0.0,74.09289447614448,1,C,104.0,1
P0154,3,69,0.0,0.0,47.700024861084316,1,C,104.0,1
P0154,4,22,0.0,0.0,69.35396535436844,1,C,104.0,1
P0154,5,44,0.0,0.0,22.41974896482825,1,C,104.0,1
P0154,6,0,0.0,0.0,44.08548018561158,0,C,104.0,1
P0123,1,28,36.319216,0.0,41.68078394910134,1,C,11.0,2
P0123,2,63,0.51908687,0.0,35.80012917801574,1,C,11.0,2
P0123,3,42,0.0,0.0,28.316558547267203,1,C,11.0,2
P0123,4,53,0.0,0.0,62.77939925788719,1,C,11.0,2
P0123,5,0,0.0,0.0,41.55697673190441,0,C,11.0,2
P0123,6,0,0.0,0.0,53.11947383413231,0,C,11.0,2
P0275,1,26,0.0,6.24477,19.24477004996211,1,C,27.0,1
P0275,2,28,0.0,0.0,26.409561540676943,1,C,27.0,1
P0275,3,16,0.0,0.0,28.42691811732304,1,C,27.0,1
P0275,4,11,0.0,0.0,15.937714868389783,1,C,27.0,1
P0275,5,28,0.0,0.0,10.944543459725399,1,C,27.0,1
P0275,6,0,0.0,0.0,28.424947013221146,0,C,27.0,1
P0243,1,73,0.0,20.143009,43.143008736740875,1,C,10.0,1
P0243,2,36,0.0,0.0,72.53979442197993,1,C,10.0,1
P0243,3,16,0.0,0.0,36.17110455210654,1,C,10.0,1
P0243,4,37,0.0,0.0,15.726343809235452,1,C,10.0,1
P0243,5,16,0.0,0.0,37.144478551365694,1,C,10.0,1
P0243,6,0,0.0,0.0,15.901431036787642,0,C,10.0,1
P0041,1,3,0.0,1.8632028,2.8632028031306445,1,C,280.0,1
P0041,2,3,0.0,0.0,2.8632028031306445,1,C,280.0,1
P0041,3,3,0.0,0.0,2.8632028031306445,1,C,280.0,1
P0041,4,3,0.0,0.0,2.8632028031306445,1,C,280.0,1
P0041,5,3,0.0,0.0,2.8632028031306445,1,C,280.0,1
P0041,6,0,0.0,0.0,2.8632028031306445,0,C,280.0,1
P0228,1,3,1.1099096,0.0,4.890090394383768,1,C,65.0,2
P0228,2,9,0.0,10.130831,11.240740394466055,1,C,65.0,2
P0228,3,11,0.0,0.0,3.263280646823924,1,C,65.0,2
P0228,4,8,0.0,0.0,8.696898563299252,1,C,65.0,2
P0228,5,0,0.0,0.0,11.036741626673136,0,C,65.0,2
P0228,6,0,0.0,0.0,8.248204512452588,0,C,65.0,2
P0049,1,13,0.9555402,0.0,7.0444597987916815,1,C,72.0,1
P0049,2,6,0.0,0.0,14.171153694717542,1,C,72.0,1
P0049,3,12,0.0,0.0,5.976241187408835,1,C,72.0,1
P0049,4,7,0.0,0.0,12.003319587266745,1,C,72.0,1
P0049,5,9,0.0,0.0,7.411022972708607,1,C,72.0,1
P0049,6,0,0.0,0.0,8.854038129885348,0,C,72.0,1
P0151,1,86,0.0,35.024753,51.02475283256377,1,C,9.0,2
P0151,2,59,0.0,83.614049,83.61404948314241,1,C,9.0,2
P0151,3,52,0.0,0.0,86.01810445629808,1,C,9.0,2
P0151,4,57,0.0,0.0,59.068013092166666,1,C,9.0,2
P0151,5,0,0.0,0.0,52.31390032119348,0,C,9.0,2
P0151,6,0,0.0,0.0,56.54534637563569,0,C,9.0,2
P0163,1,25,0.0,28.0,104.0,1,C,8.0,2
P0163,2,43,0.0,31.440612,31.44061237191959,1,C,8.0,2
P0163,3,75,0.0,0.0,25.046825451445436,1,C,8.0,2
P0163,4,64,0.0,0.0,42.75475294276996,1,C,8.0,2
P0163,5,0,0.0,0.0,75.42243488710406,0,C,8.0,2
P0163,6,0,0.0,0.0,63.90067541678437,0,C,8.0,2
P0244,1,62,0.0,2.8531799,55.85317992933938,1,C,9.0,1
P0244,2,42,0.0,0.0,61.53657953663685,1,C,9.0,1
P0244,3,38,0.0,0.0,41.85559973333293,1,C,9.0,1
P0244,4,35,0.0,0.0,37.807686977889645,1,C,9.0,1
P0244,5,35,0.0,0.0,35.46887148054368,1,C,9.0,1
P0244,6,0,0.0,0.0,35.466968100838464,0,C,9.0,1
P0203,1,47,0.0,52.862441,80.86244069506014,1,C,7.0,2
P0203,2,56,0.0,42.037622,42.037621649485004,1,C,7.0,2
P0203,3,31,0.0,0.0,47.44753199091326,1,C,7.0,2
P0203,4,33,0.0,0.0,56.18831284607932,1,C,7.0,2
P0203,5,0,0.0,0.0,30.614634888380998,0,C,7.0,2
P0203,6,0,0.0,0.0,32.91650504356173,0,C,7.0,2
P0036,1,0,10.678657,0.0,6.321343012054873,0,C,132.0,1
P0036,2,4,2.2663529,0.0,8.412304082371058,1,C,132.0,1
P0036,3,5,0.0,0.0,6.48264851142226,1,C,132.0,1
P0036,4,6,0.0,0.0,4.887354165429455,1,C,132.0,1
P0036,5,6,0.0,0.0,5.685867850134801,1,C,132.0,1
P0036,6,0,0.0,0.0,6.3070051033485175,0,C,132.0,1
P0246,1,3,2.3509475,0.0,4.649052485315108,1,C,104.0,1
P0246,2,1,0.0,0.0,5.336789876922954,1,C,104.0,1
P0246,3,0,0.0,0.0,1.3308822392488109,0,C,104.0,1
P0246,4,0,0.0,0.0,0.0,0,C,104.0,1
P0246,5,3,0.0,0.0,0.29829551563246237,1,C,104.0,1
P0246,6,0,0.0,0.0,3.33124547075752,0,C,104.0,1
P0160,1,10,0.0,49.72272,62.72272027510607,1,C,8.0,2
P0160,2,0,0.0,17.154662,17.15466240346885,0,C,8.0,2
P0160,3,37,0.0,0.0,9.982428295173023,1,C,8.0,2
P0160,4,14,0.0,0.0,0.0,1,C,8.0,2
P0160,5,0,0.0,0.0,37.16203344271533,0,C,8.0,2
P0160,6,0,0.0,0.0,13.916244871777241,0,C,8.0,2
P0174,1,30,0.0,30.098984,35.09898377649183,1,C,11.0,2
P0174,2,38,0.0,60.910495,60.91049465539029,1,C,11.0,2
P0174,3,13,0.0,0.0,29.789965311095074,1,C,11.0,2
P0174,4,28,0.0,0.0,37.64851962907907,1,C,11.0,2
P0174,5,0,0.0,0.0,12.856091141941253,0,C,11.0,2
P0174,6,0,0.0,0.0,28.005056131723467,0,C,11.0,2
P0260,1,3,0.0,1.397994,5.397993991798044,1,C,192.0,2
P0260,2,1,0.0,2.7288379,2.728837911748131,1,C,192.0,2
P0260,3,2,0.0,0.0,2.6991605980404785,1,C,192.0,2
P0260,4,5,0.0,0.0,1.2158340681448632,1,C,192.0,2
P0260,5,0,0.0,0.0,1.6138971598341492,0,C,192.0,2
P0260,6,0,0.0,0.0,4.627584744747718,0,C,192.0,2
P0207,1,78,0.0,16.867848,42.86784827643091,1,C,6.0,2
P0207,2,59,0.0,45.010077,45.01007710758098,1,C,6.0,2
P0207,3,52,0.0,0.0,77.98630858032979,1,C,6.0,2
P0207,4,81,0.0,0.0,59.15387954045907,1,C,6.0,2
P0207,5,0,0.0,0.0,51.97163424462711,0,C,6.0,2
P0207,6,0,0.0,0.0,80.5237987519742,0,C,6.0,2
P0122,1,46,0.35117298,0.0,71.64882701530344,1,C,7.5,2
P0122,2,55,0.0,62.46735,62.818522721120395,1,C,7.5,2
P0122,3,24,0.0,0.0,46.183051742718554,1,C,7.5,2
P0122,4,72,0.0,0.0,54.95773724510231,1,C,7.5,2
P0122,5,0,0.0,0.0,24.25188150630237,0,C,7.5,2
P0122,6,0,0.0,0.0,72.24485571098538,0,C,7.5,2
P0181,1,22,4.2242398,0.0,11.775760173660995,1,C,48.0,1
P0181,2,28,0.0,0.0,25.820370990499896,1,C,48.0,1
P0181,3,22,0.0,0.0,27.520140383445273,1,C,48.0,1
P0181,4,15,0.0,0.0,22.443613965046588,1,C,48.0,1
P0181,5,10,0.0,0.0,14.53428986319837,1,C,48.0,1
P0181,6,0,0.0,0.0,9.69705490856511,0,C,48.0,1
P0171,1,51,0.0,47.124495,81.12449529407394,1,C,9.0,2
P0171,2,10,0.0,24.422471,24.422470796922298,1,C,9.0,2
P0171,3,26,0.0,0.0,51.155040255445506,1,C,9.0,2
P0171,4,38,0.0,0.0,9.939068811750829,1,C,9.0,2
P0171,5,0,0.0,0.0,25.708577276295408,0,C,9.0,2
P0171,6,0,0.0,0.0,37.69448951895903,0,C,9.0,2
P0108,1,0,18.560839,0.0,2.4391613473677447,0,C,108.0,2
P0108,2,0,14.317439,0.0,4.243399280768665,0,C,108.0,2
P0108,3,0,13.011339,0.0,1.3061005700467287,0,C,108.0,2
P0108,4,0,8.7750897,0.0,4.236249114495726,0,C,108.0,2
P0108,5,0,5.1391737,0.0,3.6359159661137905,0,C,108.0,2
P0108,6,0,0.090232996,0.0,5.048940725566815,0,C,108.0,2
P0140,1,57,0.0,42.954839,68.95483948374347,1,C,6.0,2
P0140,2,25,0.0,57.971128,57.97112751841852,1,C,6.0,2
P0140,3,39,0.0,0.0,56.9916558973521,1,C,6.0,2
P0140,4,34,0.0,0.0,25.068734400976467,1,C,6.0,2
P0140,5,0,0.0,0.0,38.673652675279776,0,C,6.0,2
P0140,6,0,0.0,0.0,33.59168484048429,0,C,6.0,2
P0252,1,2,4.4957373,0.0,2.5042627418081005,1,C,92.0,2
P0252,2,6,0.0,1.9038317,6.399568938078085,1,C,92.0,2
P0252,3,4,0.0,0.0,1.8974597655017709,1,C,92.0,2
P0252,4,5,0.0,0.0,6.11781732377065,1,C,92.0,2
P0252,5,0,0.0,0.0,3.941381606354801,0,C,92.0,2
P0252,6,0,0.0,0.0,5.2166813549949556,0,C,92.0,2
P0224,1,0,4.5165403,0.0,6.483459690618709,0,C,130.0,2
P0224,2,0,0.0,1.9129306,6.42947094055388,0,C,130.0,2
P0224,3,3,0.0,0.0,0.006651361136033707,1,C,130.0,2
P0224,4,5,0.0,0.0,0.0,1,C,130.0,2
P0224,5,0,0.0,0.0,2.579973235376218,0,C,130.0,2
P0224,6,0,0.0,0.0,5.054559542791672,0,C,130.0,2
P0103,1,29,0.0,16.871037,26.87103719731921,1,C,15.0,2
P0103,2,14,0.0,12.093205,12.093204840663711,1,C,15.0,2
P0103,3,6,0.0,0.0,28.855943349853487,1,C,15.0,2
P0103,4,7,0.0,0.0,13.743422300712258,1,C,15.0,2
P0103,5,0,0.0,0.0,5.739402138325106,0,C,15.0,2
P0103,6,0,0.0,0.0,7.36870846880761,0,C,15.0,2
P0276,1,6,0.0,18.556741,22.556740636227744,1,C,200.0,2
P0276,2,7,0.0,17.824054,17.824053774221248,1,C,200.0,2
P0276,3,6,0.0,0.0,5.501625267001504,1,C,200.0,2
P0276,4,12,0.0,0.0,6.7782006903318495,1,C,200.0,2
P0276,5,0,0.0,0.0,5.828009871190629,0,C,200.0,2
P0276,6,0,0.0,0.0,11.904032232468513,0,C,200.0,2
P0253,1,3,0.0,5.125148,7.125148037240908,1,C,62.0,2
P0253,2,3,0.0,0.18573397,0.1857339652203307,1,C,62.0,2
P0253,3,1,0.0,0.0,3.1106886163039356,1,C,62.0,2
P0253,4,0,0.0,0.0,2.649500114801424,0,C,62.0,2
P0253,5,0,0.0,0.0,1.1329731477991989,0,C,62.0,2
P0253,6,0,0.0,0.0,0.0,0,C,62.0,2
P0274,1,15,9.8022984,0.0,27.197701623863935,1,C,13.0,1
P0274,2,10,0.0,0.0,24.471975854737476,1,C,13.0,1
P0274,3,19,0.0,0.0,9.835382902437793,1,C,13.0,1
P0274,4,21,0.0,0.0,19.105157689654956,1,C,13.0,1
P0274,5,10,0.0,0.0,21.341633679447007,1,C,13.0,1
P0274,6,0,0.0,0.0,9.787641757650704,0,C,13.0,1
P0153,1,24,0.0,0.61592538,40.615925380777085,1,C,5.0,2
P0153,2,52,0.0,68.809303,68.80930309894083,1,C,5.0,2
P0153,3,29,0.0,0.0,23.889433644828216,1,C,5.0,2
P0153,4,41,0.0,0.0,51.55322033222928,1,C,5.0,2
P0153,5,0,0.0,0.0,28.58845461725457,0,C,5.0,2
P0153,6,0,0.0,0.0,40.580563950549845,0,C,5.0,2
P0266,1,0,20.487776,0.0,5.512224284510173,0,C,32.0,1
P0266,2,0,18.190287,0.0,2.297488494055676,0,C,32.0,1
P0266,3,0,16.190765,0.0,1.9995225402683547,0,C,32.0,1
P0266,4,0,11.041061,0.0,5.149703839799116,0,C,32.0,1
P0266,5,0,11.041061,0.0,0.0,0,C,32.0,1
P0266,6,0,6.5836222,0.0,4.457438629365564,0,C,32.0,1
P0210,1,56,0.0,30.914954,67.9149538301547,1,C,4.0,2
P0210,2,53,0.0,83.637451,83.63745072405223,1,C,4.0,2
P0210,3,41,0.0,0.0,55.747179662222095,1,C,4.0,2
P0210,4,46,0.0,0.0,52.54656637269997,1,C,4.0,2
P0210,5,0,0.0,0.0,40.51187414887902,0,C,4.0,2
P0210,6,0,0.0,0.0,45.74340080089484,0,C,4.0,2
P0125,1,25,0.0,11.393054,53.39305363625602,1,C,5.0,2
P0125,2,33,0.0,48.338357,48.33835676836871,1,C,5.0,2
P0125,3,38,0.0,0.0,25.12526702285043,1,C,5.0,2
P0125,4,29,0.0,0.0,32.67646173628101,1,C,5.0,2
P0125,5,0,0.0,0.0,38.10337167483015,0,C,5.0,2
P0125,6,0,0.0,0.0,29.104754859417028,0,C,5.0,2
P0279,1,14,5.5478099,0.0,15.452190107741922,1,C,22.0,1
P0279,2,9,0.0,0.0,19.064715045910667,1,C,22.0,1
P0279,3,12,0.0,0.0,8.948533863493946,1,C,22.0,1
P0279,4,9,0.0,0.0,11.710926864812564,1,C,22.0,1
P0279,5,9,0.0,0.0,8.869374583705415,1,C,22.0,1
P0279,6,0,0.0,0.0,8.863539919870371,0,C,22.0,1
P0198,1,46,26.395428,0.0,39.60457238181057,1,C,3.8,1
P0198,2,88,0.0,0.0,72.7716977302606,1,C,3.8,1
P0198,3,64,0.0,0.0,87.91288985688387,1,C,3.8,1
P0198,4,43,0.0,0.0,64.35547603238155,1,C,3.8,1
P0198,5,69,0.0,0.0,42.62825719524275,1,C,3.8,1
P0198,6,0,0.0,0.0,68.94796559070338,0,C,3.8,1
P0137,1,0,25.996111,0.0,5.003888967565131,0,C,26.0,2
P0137,2,0,18.074696,0.0,7.921415493475161,0,C,26.0,2
P0137,3,0,12.336738,0.0,5.737958002719161,0,C,26.0,2
P0137,4,0,9.1744644,0.0,3.162273163620074,0,C,26.0,2
P0137,5,0,5.774199,0.0,3.4002653562533727,0,C,26.0,2
P0137,6,0,5.774199,0.0,0.0,0,C,26.0,2
P0170,1,40,0.0,29.11657,50.116569753391346,1,C,6.0,2
P0170,2,18,0.0,41.545868,41.54586836019056,1,C,6.0,2
P0170,3,49,0.0,0.0,39.656339894690696,1,C,6.0,2
P0170,4,35,0.0,0.0,18.496092217950157,1,C,6.0,2
P0170,5,0,0.0,0.0,49.36264486735626,0,C,6.0,2
P0170,6,0,0.0,0.0,34.83716503927288,0,C,6.0,2
P0261,1,1,0.076526566,0.0,0.9234734338498864,1,C,270.0,2
P0261,2,1,0.0,0.84694687,0.9234734338498864,1,C,270.0,2
P0261,3,1,0.0,0.0,0.9234734338498864,1,C,270.0,2
P0261,4,1,0.0,0.0,0.9234734338498864,1,C,270.0,2
P0261,5,0,0.0,0.0,0.9234734338498864,0,C,270.0,2
P0261,6,0,0.0,0.0,0.9234734338498864,0,C,270.0,2
P0132,1,39,0.0,13.296506,62.29650553066586,1,C,4.5,2
P0132,2,40,0.0,42.802753,42.80275258040025,1,C,4.5,2
P0132,3,61,0.0,0.0,38.64950499232755,1,C,4.5,2
P0132,4,36,0.0,0.0,40.10355132502405,1,C,4.5,2
P0132,5,0,0.0,0.0,60.789779078181795,0,C,4.5,2
P0132,6,0,0.0,0.0,35.86107036438782,0,C,4.5,2
P0272,1,22,0.0,10.500722,23.50072194986767,1,C,11.0,1
P0272,2,15,0.0,0.0,21.857317741541387,1,C,11.0,1
P0272,3,16,0.0,0.0,14.97025400644739,1,C,11.0,1
P0272,4,12,0.0,0.0,15.674573632555216,1,C,11.0,1
P0272,5,23,0.0,0.0,11.548145580147853,1,C,11.0,1
P0272,6,0,0.0,0.0,23.33670096042524,0,C,11.0,1
P0130,1,39,0.0,6.8766634,68.87666337017943,1,C,3.5,2
P0130,2,41,0.0,53.630237,53.63023735349779,1,C,3.5,2
P0130,3,50,0.0,0.0,39.10681139215056,1,C,3.5,2
P0130,4,25,0.0,0.0,41.01991631414145,1,C,3.5,2
P0130,5,0,0.0,0.0,49.8873175843543,0,C,3.5,2
P0130,6,0,0.0,0.0,24.857446419981272,0,C,3.5,2
P0271,1,35,0.0,24.930309,32.930309204675446,1,C,9.0,1
P0271,2,18,0.0,0.0,35.16877711159613,1,C,9.0,1
P0271,3,25,0.0,0.0,17.66025790946546,1,C,9.0,1
P0271,4,24,0.0,0.0,24.968027878458273,1,C,9.0,1
P0271,5,16,0.0,0.0,24.071771015509885,1,C,9.0,1
P0271,6,0,0.0,0.0,16.23756609506786,0,C,9.0,1
P0126,1,0,170.4705,0.0,39.529500919327916,0,C,3.5,2
P0126,2,0,160.53196,0.0,9.93853842704945,0,C,3.5,2
P0126,3,0,130.11799,0.0,30.413971049456862,0,C,3.5,2
P0126,4,0,92.651683,0.0,37.4663065955236,0,C,3.5,2
P0126,5,0,64.340509,0.0,28.311173951931803,0,C,3.5,2
P0126,6,0,50.362687,0.0,13.977821925676327,0,C,3.5,2
P0127,1,90,27.487641,0.0,42.51235901728554,1,C,4.0,2
P0127,2,41,0.0,17.852135,45.339776078301355,1,C,4.0,2
P0127,3,36,0.0,0.0,89.99949349570849,1,C,4.0,2
P0127,4,20,0.0,0.0,41.19731855432127,1,C,4.0,2
P0127,5,0,0.0,0.0,36.107614339673304,0,C,4.0,2
P0127,6,0,0.0,0.0,20.264642035482137,0,C,4.0,2
P0121,1,0,163.66084,0.0,36.3391636604868,0,C,4.5,2
P0121,2,0,112.65323,0.0,51.007607393735924,0,C,4.5,2
P0121,3,0,96.097637,0.0,16.555591515388468,0,C,4.5,2
P0121,4,14,62.259406,0.0,33.83823176322789,1,C,4.5,2
P0121,5,0,30.619195,0.0,31.640210748000925,0,C,4.5,2
P0121,6,0,0.0,0.0,44.6615196366016,0,C,4.5,2
P0211,1,52,0.0,83.606656,107.60665629971072,1,C,3.0,2
P0211,2,34,0.0,54.114511,54.114511258696574,1,C,3.0,2
P0211,3,60,0.0,0.0,51.860856200719724,1,C,3.0,2
P0211,4,49,0.0,0.0,34.30984693031048,1,C,3.0,2
P0211,5,0,0.0,0.0,59.77255368785441,0,C,3.0,2
P0211,6,0,0.0,0.0,49.29395933896632,0,C,3.0,2
P0173,1,9,0.0,3.6021202,8.602120195994747,1,C,22.0,2
P0173,2,9,0.0,8.6021202,8.602120195994747,1,C,22.0,2
P0173,3,9,0.0,0.0,8.602120195994747,1,C,22.0,2
P0173,4,9,0.0,0.0,8.602120195994747,1,C,22.0,2
P0173,5,0,0.0,0.0,8.602120195994747,0,C,22.0,2
P0173,6,0,0.0,0.0,8.602120195994747,0,C,22.0,2
P0131,1,0,185.5428,0.0,26.45720321587997,0,C,3.0,2
P0131,2,0,145.48522,0.0,40.057573106531954,0,C,3.0,2
P0131,3,0,72.484055,0.0,73.00116827691156,0,C,3.0,2
P0131,4,25,30.703728,0.0,41.780327431325546,1,C,3.0,2
P0131,5,0,0.0,0.0,31.045098870119062,0,C,3.0,2
P0131,6,0,0.0,0.0,25.09313595437771,0,C,3.0,2
P0143,1,64,0.0,21.10356,29.10355958648313,1,C,3.0,2
P0143,2,37,0.0,55.281549,55.28154884591869,1,C,3.0,2
P0143,3,24,0.0,0.0,64.02069634521769,1,C,3.0,2
P0143,4,33,0.0,0.0,36.74700202913018,1,C,3.0,2
P0143,5,0,0.0,0.0,24.135981220612223,0,C,3.0,2
P0143,6,0,0.0,0.0,33.35123357895667,0,C,3.0,2
P0278,1,8,0.0,3.4582079,8.45820788718045,1,C,12.0,2
P0278,2,1,0.0,15.572731,15.572730567013243,1,C,12.0,2
P0278,3,13,0.0,0.0,8.401474725300037,1,C,12.0,2
P0278,4,0,0.0,0.0,0.9335677425976803,0,C,12.0,2
P0278,5,0,0.0,0.0,13.062632952385325,0,C,12.0,2
P0278,6,0,0.0,0.0,0.0,0,C,12.0,2
P0226,1,0,4.9149604,0.0,2.085039594016654,0,C,65.0,1
P0226,2,0,1.2639192,0.0,3.6510411975858648,0,C,65.0,1
P0226,3,1,0.0,0.0,1.4056883156044968,1,C,65.0,1
P0226,4,0,0.0,0.0,0.6960435230678318,0,C,65.0,1
P0226,5,2,0.0,0.0,0.0,1,C,65.0,1
P0226,6,0,0.0,0.0,1.8207361747870698,0,C,65.0,1
P0142,1,0,82.0,0.0,0.0,0,C,15.0,2
P0142,2,0,76.347706,0.0,5.65229446150731,0,C,15.0,2
P0142,3,0,72.901147,0.0,3.4465584211660287,0,C,15.0,2
P0142,4,0,72.531013,0.0,0.37013458751270223,0,C,15.0,2
P0142,5,0,67.473807,0.0,5.057205371854315,0,C,15.0,2
P0142,6,0,62.432166,0.0,5.041641259894868,0,C,15.0,2
P0200,1,86,0.0,72.861113,155.86111280768645,1,C,1.5,2
P0200,2,95,0.0,58.881542,58.881541676112086,1,C,1.5,2
P0200,3,54,0.0,0.0,86.40830988154313,1,C,1.5,2
P0200,4,73,0.0,0.0,94.91495794112402,1,C,1.5,2
P0200,5,0,0.0,0.0,54.145771185442584,0,C,1.5,2
P0200,6,0,0.0,0.0,73.0764912276024,0,C,1.5,2
P0277,1,8,7.0,0.0,0.0,1,C,16.0,2
P0277,2,6,0.0,0.57831818,7.578318183308458,1,C,16.0,2
P0277,3,9,0.0,0.0,8.227169717639628,1,C,16.0,2
P0277,4,6,0.0,0.0,5.908341782749899,1,C,16.0,2
P0277,5,0,0.0,0.0,9.075769936652097,0,C,16.0,2
P0277,6,0,0.0,0.0,5.97367881358107,0,C,16.0,2
P0205,1,59,0.0,28.996296,69.99629609064753,1,C,1.5,2
P0205,2,38,0.0,105.25565,105.25565298909034,1,C,1.5,2
P0205,3,26,0.0,0.0,59.26410448239791,1,C,1.5,2
P0205,4,51,0.0,0.0,38.384838261306356,1,C,1.5,2
P0205,5,0,0.0,0.0,26.098996908394668,0,C,1.5,2
P0205,6,0,0.0,0.0,50.76296778215459,0,C,1.5,2
P0242,1,17,75.995707,0.0,79.00429280861816,1,C,22.0,2
P0242,2,45,21.94346,0.0,54.05224761752314,1,C,22.0,2
P0242,3,44,0.0,0.0,38.99251104181231,1,C,22.0,2
P0242,4,62,0.0,0.0,44.62695761656167,1,C,22.0,2
P0242,5,0,0.0,0.0,44.460834829061056,0,C,22.0,2
P0242,6,0,0.0,0.0,62.32280604034952,0,C,22.0,2
P0236,1,55,0.0,25.506299,64.50629853188977,1,C,2.0,1
P0236,2,56,0.0,0.0,54.77752211666268,1,C,2.0,1
P0236,3,69,0.0,0.0,55.90044945402907,1,C,2.0,1
P0236,4,33,0.0,0.0,68.93031164169153,1,C,2.0,1
P0236,5,51,0.0,0.0,33.13056326150437,1,C,2.0,1
P0236,6,0,0.0,0.0,50.764318563734705,0,C,2.0,1
P0100,1,0,3.272397,0.0,5.727603008259489,0,C,31.0,2
P0100,2,0,1.8015532,0.0,1.4708437513835104,0,C,31.0,2
P0100,3,6,1.1678396,0.0,0.6337136893779767,1,C,31.0,2
P0100,4,0,0.63628918,0.0,0.5315503684104057,0,C,31.0,2
P0100,5,0,0.0,0.0,6.9025778618466465,0,C,31.0,2
P0100,6,0,0.0,0.0,0.2212664876082311,0,C,31.0,2
P0172,1,0,27.655995,0.0,7.3440054168735,0,C,13.0,2
P0172,2,0,20.311989,0.0,7.3440054168735,0,C,13.0,2
P0172,3,2,12.967984,0.0,7.3440054168735,1,C,13.0,2
P0172,4,7,5.6239783,0.0,7.3440054168735,1,C,13.0,2
P0172,5,0,0.0,0.0,7.3440054168735,0,C,13.0,2
P0172,6,0,0.0,0.0,7.3440054168735,0,C,13.0,2
P0237,1,29,14.270924,0.0,63.72907581097281,1,C,1.8,1
P0237,2,30,0.0,0.0,43.24785543925729,1,C,1.8,1
P0237,3,22,0.0,0.0,30.477127215574807,1,C,1.8,1
P0237,4,21,0.0,0.0,22.109543510095452,1,C,1.8,1
P0237,5,25,0.0,0.0,21.44150852276603,1,C,1.8,1
P0237,6,0,0.0,0.0,24.552939077644986,0,C,1.8,1
P0204,1,56,0.0,25.744685,75.74468515538535,1,C,1.5,2
P0204,2,49,0.0,79.493623,79.4936226853316,1,C,1.5,2
P0204,3,42,0.0,0.0,56.00853027143764,1,C,1.5,2
P0204,4,59,0.0,0.0,48.83030657822804,1,C,1.5,2
P0204,5,0,0.0,0.0,41.68344625519605,0,C,1.5,2
P0204,6,0,0.0,0.0,58.7114598503372,0,C,1.5,2
P0241,1,30,12.066987,0.0,37.93301283755432,1,C,16.0,2
P0241,2,31,0.0,37.839829,49.906815730723444,1,C,16.0,2
P0241,3,24,0.0,0.0,29.962521831500837,1,C,16.0,2
P0241,4,35,0.0,0.0,30.77400793323907,1,C,16.0,2
P0241,5,0,0.0,0.0,23.745774550936783,0,C,16.0,2
P0241,6,0,0.0,0.0,34.55961896734316,0,C,16.0,2
P0240,1,56,0.0,31.647757,75.64775743091117,1,C,1.5,1
P0240,2,37,0.0,0.0,55.556340378441384,1,C,1.5,1
P0240,3,58,0.0,0.0,37.359282990252126,1,C,1.5,1
P0240,4,66,0.0,0.0,58.1714050038905,1,C,1.5,1
P0240,5,50,0.0,0.0,65.65919273938346,1,C,1.5,1
P0240,6,0,0.0,0.0,50.37531333217653,0,C,1.5,1
P0268,1,5,0.61774095,0.0,2.3822590493368097,1,C,35.0,1
P0268,2,3,0.0,0.0,5.219870475895082,1,C,35.0,1
P0268,3,6,0.0,0.0,2.6597089461691015,1,C,35.0,1
P0268,4,3,0.0,0.0,5.634644402493065,1,C,35.0,1
P0268,5,3,0.0,0.0,2.600490928866441,1,C,35.0,1
P0268,6,0,0.0,0.0,3.2417301807082084,0,C,35.0,1
P0161,1,0,21.480385,0.0,5.519614926002475,0,C,9.0,2
P0161,2,0,15.96077,0.0,5.519614926002475,0,C,9.0,2
P0161,3,1,10.441155,0.0,5.519614926002475,1,C,9.0,2
P0161,4,6,4.9215403,0.0,5.519614926002475,1,C,9.0,2
P0161,5,0,0.0,0.0,5.519614926002475,0,C,9.0,2
P0161,6,0,0.0,0.0,5.519614926002475,0,C,9.0,2
P0139,1,0,36.688617,0.0,2.3113834608666775,0,C,7.0,2
P0139,2,0,25.918069,0.0,10.770547494041459,0,C,7.0,2
P0139,3,0,19.146085,0.0,6.771984084086865,0,C,7.0,2
P0139,4,6,6.1766841,0.0,12.969400850883133,1,C,7.0,2
P0139,5,0,5.1001426,0.0,1.0765415279804085,0,C,7.0,2
P0139,6,0,0.0,0.0,10.835125698376366,0,C,7.0,2
P0120,1,2,52.322704,0.0,63.67729580888199,1,C,1.0,2
P0120,2,57,31.315778,0.0,21.006926282926344,1,C,1.0,2
P0120,3,31,0.0,0.0,33.348138379772934,1,C,1.0,2
P0120,4,27,0.0,0.0,56.89719800692622,1,C,1.0,2
P0120,5,0,0.0,0.0,31.36126886961094,0,C,1.0,2
P0120,6,0,0.0,0.0,26.70444964958716,0,C,1.0,2
P0238,1,60,0.0,12.765834,51.76583416281772,1,C,0.8,2
P0238,2,43,0.0,55.020478,55.020477649425985,1,C,0.8,2
P0238,3,36,0.0,0.0,60.070185512883135,1,C,0.8,2
P0238,4,43,0.0,0.0,43.059232142405584,1,C,0.8,2
P0238,5,0,0.0,0.0,35.83975255548396,0,C,0.8,2
P0238,6,0,0.0,0.0,43.05820381855857,0,C,0.8,2
P0250,1,0,3.0,0.0,0.0,0,C,12.0,1
P0250,2,0,0.8550635,0.0,2.1449365031724863,0,C,12.0,1
P0250,3,4,0.8550635,0.0,0.0,1,C,12.0,1
P0250,4,0,0.0,0.0,5.3133721071527855,0,C,12.0,1
P0250,5,6,0.0,0.0,0.0,1,C,12.0,1
P0250,6,0,0.0,0.0,5.647119391162608,0,C,12.0,1
P0169,1,2,9.2632931,0.0,5.73670685953921,1,C,4.0,2
P0169,2,6,3.5265863,0.0,5.73670685953921,1,C,4.0,2
P0169,3,6,0.0,0.0,5.73670685953921,1,C,4.0,2
P0169,4,6,0.0,0.0,5.73670685953921,1,C,4.0,2
P0169,5,0,0.0,0.0,5.73670685953921,0,C,4.0,2
P0169,6,0,0.0,0.0,5.73670685953921,0,C,4.0,2
P0129,1,0,112.85002,0.0,37.149978273589184,0,C,0.45,2
P0129,2,60,71.845432,0.0,41.00459013719323,1,C,0.45,2
P0129,3,25,12.155776,0.0,59.689655493299156,1,C,0.45,2
P0129,4,54,0.0,0.0,71.80866080479143,1,C,0.45,2
P0129,5,0,0.0,0.0,25.457414498256025,0,C,0.45,2
P0129,6,0,0.0,0.0,54.10906945019546,0,C,0.45,2
P0239,1,32,0.0,0.59839019,22.598390190862442,1,C,0.5,2
P0239,2,34,0.0,70.066744,70.06674433641287,1,C,0.5,2
P0239,3,31,0.0,0.0,31.930991794275197,1,C,0.5,2
P0239,4,18,0.0,0.0,34.22876991831078,1,C,0.5,2
P0239,5,0,0.0,0.0,30.883396207207582,0,C,0.5,2
P0239,6,0,0.0,0.0,17.51783312098879,0,C,0.5,2
P0119,1,0,29.0,0.0,0.0,0,C,1.2,2
P0119,2,0,12.85045,0.0,16.14954965881317,0,C,1.2,2
P0119,3,0,10.778423,0.0,2.0720272075744646,0,C,1.2,2
P0119,4,0,0.0,9.1578042,19.936227368011792,0,C,1.2,2
P0119,5,0,0.0,0.0,0.0,0,C,1.2,2
P0119,6,0,0.0,24.543352,24.543352267254285,0,C,1.2,2
