date,annee,mois,mois_nom,trimestre,semaine,jour_semaine,jour_nom,jour_mois,est_weekend,periode_yyyymm,est_rentree_scolaire,est_rentree_academique,est_periode_pic_b2b
2022-08-01,2022,8,August,3,31,0,Monday,1,0,2022-08,1,0,0
2022-08-02,2022,8,August,3,31,1,Tuesday,2,0,2022-08,1,0,0
2022-08-03,2022,8,August,3,31,2,Wednesday,3,0,2022-08,1,0,0
2022-08-04,2022,8,August,3,31,3,Thursday,4,0,2022-08,1,0,0
2022-08-05,2022,8,August,3,31,4,Friday,5,0,2022-08,1,0,0
2022-08-06,2022,8,August,3,31,5,Saturday,6,1,2022-08,1,0,0
2022-08-07,2022,8,August,3,31,6,Sunday,7,1,2022-08,1,0,0
2022-08-08,2022,8,August,3,32,0,Monday,8,0,2022-08,1,0,0
2022-08-09,2022,8,August,3,32,1,Tuesday,9,0,2022-08,1,0,0
2022-08-10,2022,8,August,3,32,2,Wednesday,10,0,2022-08,1,0,0
2022-08-11,2022,8,August,3,32,3,Thursday,11,0,2022-08,1,0,0
2022-08-12,2022,8,August,3,32,4,Friday,12,0,2022-08,1,0,0
2022-08-13,2022,8,August,3,32,5,Saturday,13,1,2022-08,1,0,0
2022-08-14,2022,8,August,3,32,6,Sunday,14,1,2022-08,1,0,0
2022-08-15,2022,8,August,3,33,0,Monday,15,0,2022-08,1,0,0
2022-08-16,2022,8,August,3,33,1,Tuesday,16,0,2022-08,1,0,0
2022-08-17,2022,8,August,3,33,2,Wednesday,17,0,2022-08,1,0,0
2022-08-18,2022,8,August,3,33,3,Thursday,18,0,2022-08,1,0,0
2022-08-19,2022,8,August,3,33,4,Friday,19,0,2022-08,1,0,0
2022-08-20,2022,8,August,3,33,5,Saturday,20,1,2022-08,1,0,0
2022-08-21,2022,8,August,3,33,6,Sunday,21,1,2022-08,1,0,0
2022-08-22,2022,8,August,3,34,0,Monday,22,0,2022-08,1,0,0
2022-08-23,2022,8,August,3,34,1,Tuesday,23,0,2022-08,1,0,0
2022-08-24,2022,8,August,3,34,2,Wednesday,24,0,2022-08,1,0,0
2022-08-25,2022,8,August,3,34,3,Thursday,25,0,2022-08,1,0,0
2022-08-26,2022,8,August,3,34,4,Friday,26,0,2022-08,1,0,0
2022-08-27,2022,8,August,3,34,5,Saturday,27,1,2022-08,1,0,0
2022-08-28,2022,8,August,3,34,6,Sunday,28,1,2022-08,1,0,0
2022-08-29,2022,8,August,3,35,0,Monday,29,0,2022-08,1,0,0
2022-08-30,2022,8,August,3,35,1,Tuesday,30,0,2022-08,1,0,0
2022-08-31,2022,8,August,3,35,2,Wednesday,31,0,2022-08,1,0,0
2022-09-01,2022,9,September,3,35,3,Thursday,1,0,2022-09,1,0,0
2022-09-02,2022,9,September,3,35,4,Friday,2,0,2022-09,1,0,0
2022-09-03,2022,9,September,3,35,5,Saturday,3,1,2022-09,1,0,0
2022-09-04,2022,9,September,3,35,6,Sunday,4,1,2022-09,1,0,0
2022-09-05,2022,9,September,3,36,0,Monday,5,0,2022-09,1,0,0
2022-09-06,2022,9,September,3,36,1,Tuesday,6,0,2022-09,1,0,0
2022-09-07,2022,9,September,3,36,2,Wednesday,7,0,2022-09,1,0,0
2022-09-08,2022,9,September,3,36,3,Thursday,8,0,2022-09,1,0,0
2022-09-09,2022,9,September,3,36,4,Friday,9,0,2022-09,1,0,0
2022-09-10,2022,9,September,3,36,5,Saturday,10,1,2022-09,1,0,0
2022-09-11,2022,9,September,3,36,6,Sunday,11,1,2022-09,1,0,0
2022-09-12,2022,9,September,3,37,0,Monday,12,0,2022-09,1,0,0
2022-09-13,2022,9,September,3,37,1,Tuesday,13,0,2022-09,1,0,0
2022-09-14,2022,9,September,3,37,2,Wednesday,14,0,2022-09,1,0,0
2022-09-15,2022,9,September,3,37,3,Thursday,15,0,2022-09,1,0,0
2022-09-16,2022,9,September,3,37,4,Friday,16,0,2022-09,1,0,0
2022-09-17,2022,9,September,3,37,5,Saturday,17,1,2022-09,1,0,0
2022-09-18,2022,9,September,3,37,6,Sunday,18,1,2022-09,1,0,0
2022-09-19,2022,9,September,3,38,0,Monday,19,0,2022-09,1,0,0
2022-09-20,2022,9,September,3,38,1,Tuesday,20,0,2022-09,1,0,0
2022-09-21,2022,9,September,3,38,2,Wednesday,21,0,2022-09,1,0,0
2022-09-22,2022,9,September,3,38,3,Thursday,22,0,2022-09,1,0,0
2022-09-23,2022,9,September,3,38,4,Friday,23,0,2022-09,1,0,0
2022-09-24,2022,9,September,3,38,5,Saturday,24,1,2022-09,1,0,0
2022-09-25,2022,9,September,3,38,6,Sunday,25,1,2022-09,1,0,0
2022-09-26,2022,9,September,3,39,0,Monday,26,0,2022-09,1,0,0
2022-09-27,2022,9,September,3,39,1,Tuesday,27,0,2022-09,1,0,0
2022-09-28,2022,9,September,3,39,2,Wednesday,28,0,2022-09,1,0,0
2022-09-29,2022,9,September,3,39,3,Thursday,29,0,2022-09,1,0,0
2022-09-30,2022,9,September,3,39,4,Friday,30,0,2022-09,1,0,0
2022-10-01,2022,10,October,4,39,5,Saturday,1,1,2022-10,0,1,0
2022-10-02,2022,10,October,4,39,6,Sunday,2,1,2022-10,0,1,0
2022-10-03,2022,10,October,4,40,0,Monday,3,0,2022-10,0,1,0
2022-10-04,2022,10,October,4,40,1,Tuesday,4,0,2022-10,0,1,0
2022-10-05,2022,10,October,4,40,2,Wednesday,5,0,2022-10,0,1,0
2022-10-06,2022,10,October,4,40,3,Thursday,6,0,2022-10,0,1,0
2022-10-07,2022,10,October,4,40,4,Friday,7,0,2022-10,0,1,0
2022-10-08,2022,10,October,4,40,5,Saturday,8,1,2022-10,0,1,0
2022-10-09,2022,10,October,4,40,6,Sunday,9,1,2022-10,0,1,0
2022-10-10,2022,10,October,4,41,0,Monday,10,0,2022-10,0,1,0
2022-10-11,2022,10,October,4,41,1,Tuesday,11,0,2022-10,0,1,0
2022-10-12,2022,10,October,4,41,2,Wednesday,12,0,2022-10,0,1,0
2022-10-13,2022,10,October,4,41,3,Thursday,13,0,2022-10,0,1,0
2022-10-14,2022,10,October,4,41,4,Friday,14,0,2022-10,0,1,0
2022-10-15,2022,10,October,4,41,5,Saturday,15,1,2022-10,0,1,0
2022-10-16,2022,10,October,4,41,6,Sunday,16,1,2022-10,0,1,0
2022-10-17,2022,10,October,4,42,0,Monday,17,0,2022-10,0,1,0
2022-10-18,2022,10,October,4,42,1,Tuesday,18,0,2022-10,0,1,0
2022-10-19,2022,10,October,4,42,2,Wednesday,19,0,2022-10,0,1,0
2022-10-20,2022,10,October,4,42,3,Thursday,20,0,2022-10,0,1,0
2022-10-21,2022,10,October,4,42,4,Friday,21,0,2022-10,0,1,0
2022-10-22,2022,10,October,4,42,5,Saturday,22,1,2022-10,0,1,0
2022-10-23,2022,10,October,4,42,6,Sunday,23,1,2022-10,0,1,0
2022-10-24,2022,10,October,4,43,0,Monday,24,0,2022-10,0,1,0
2022-10-25,2022,10,October,4,43,1,Tuesday,25,0,2022-10,0,1,0
2022-10-26,2022,10,October,4,43,2,Wednesday,26,0,2022-10,0,1,0
2022-10-27,2022,10,October,4,43,3,Thursday,27,0,2022-10,0,1,0
2022-10-28,2022,10,October,4,43,4,Friday,28,0,2022-10,0,1,0
2022-10-29,2022,10,October,4,43,5,Saturday,29,1,2022-10,0,1,0
2022-10-30,2022,10,October,4,43,6,Sunday,30,1,2022-10,0,1,0
2022-10-31,2022,10,October,4,44,0,Monday,31,0,2022-10,0,1,0
2022-11-01,2022,11,November,4,44,1,Tuesday,1,0,2022-11,0,1,1
2022-11-02,2022,11,November,4,44,2,Wednesday,2,0,2022-11,0,1,1
2022-11-03,2022,11,November,4,44,3,Thursday,3,0,2022-11,0,1,1
2022-11-04,2022,11,November,4,44,4,Friday,4,0,2022-11,0,1,1
2022-11-05,2022,11,November,4,44,5,Saturday,5,1,2022-11,0,1,1
2022-11-06,2022,11,November,4,44,6,Sunday,6,1,2022-11,0,1,1
2022-11-07,2022,11,November,4,45,0,Monday,7,0,2022-11,0,1,1
2022-11-08,2022,11,November,4,45,1,Tuesday,8,0,2022-11,0,1,1
2022-11-09,2022,11,November,4,45,2,Wednesday,9,0,2022-11,0,1,1
2022-11-10,2022,11,November,4,45,3,Thursday,10,0,2022-11,0,1,1
2022-11-11,2022,11,November,4,45,4,Friday,11,0,2022-11,0,1,1
2022-11-12,2022,11,November,4,45,5,Saturday,12,1,2022-11,0,1,1
2022-11-13,2022,11,November,4,45,6,Sunday,13,1,2022-11,0,1,1
2022-11-14,2022,11,November,4,46,0,Monday,14,0,2022-11,0,1,1
2022-11-15,2022,11,November,4,46,1,Tuesday,15,0,2022-11,0,1,1
2022-11-16,2022,11,November,4,46,2,Wednesday,16,0,2022-11,0,1,1
2022-11-17,2022,11,November,4,46,3,Thursday,17,0,2022-11,0,1,1
2022-11-18,2022,11,November,4,46,4,Friday,18,0,2022-11,0,1,1
2022-11-19,2022,11,November,4,46,5,Saturday,19,1,2022-11,0,1,1
2022-11-20,2022,11,November,4,46,6,Sunday,20,1,2022-11,0,1,1
2022-11-21,2022,11,November,4,47,0,Monday,21,0,2022-11,0,1,1
2022-11-22,2022,11,November,4,47,1,Tuesday,22,0,2022-11,0,1,1
2022-11-23,2022,11,November,4,47,2,Wednesday,23,0,2022-11,0,1,1
2022-11-24,2022,11,November,4,47,3,Thursday,24,0,2022-11,0,1,1
2022-11-25,2022,11,November,4,47,4,Friday,25,0,2022-11,0,1,1
2022-11-26,2022,11,November,4,47,5,Saturday,26,1,2022-11,0,1,1
2022-11-27,2022,11,November,4,47,6,Sunday,27,1,2022-11,0,1,1
2022-11-28,2022,11,November,4,48,0,Monday,28,0,2022-11,0,1,1
2022-11-29,2022,11,November,4,48,1,Tuesday,29,0,2022-11,0,1,1
2022-11-30,2022,11,November,4,48,2,Wednesday,30,0,2022-11,0,1,1
2022-12-01,2022,12,December,4,48,3,Thursday,1,0,2022-12,0,0,1
2022-12-02,2022,12,December,4,48,4,Friday,2,0,2022-12,0,0,1
2022-12-03,2022,12,December,4,48,5,Saturday,3,1,2022-12,0,0,1
2022-12-04,2022,12,December,4,48,6,Sunday,4,1,2022-12,0,0,1
2022-12-05,2022,12,December,4,49,0,Monday,5,0,2022-12,0,0,1
2022-12-06,2022,12,December,4,49,1,Tuesday,6,0,2022-12,0,0,1
2022-12-07,2022,12,December,4,49,2,Wednesday,7,0,2022-12,0,0,1
2022-12-08,2022,12,December,4,49,3,Thursday,8,0,2022-12,0,0,1
2022-12-09,2022,12,December,4,49,4,Friday,9,0,2022-12,0,0,1
2022-12-10,2022,12,December,4,49,5,Saturday,10,1,2022-12,0,0,1
2022-12-11,2022,12,December,4,49,6,Sunday,11,1,2022-12,0,0,1
2022-12-12,2022,12,December,4,50,0,Monday,12,0,2022-12,0,0,1
2022-12-13,2022,12,December,4,50,1,Tuesday,13,0,2022-12,0,0,1
2022-12-14,2022,12,December,4,50,2,Wednesday,14,0,2022-12,0,0,1
2022-12-15,2022,12,December,4,50,3,Thursday,15,0,2022-12,0,0,1
2022-12-16,2022,12,December,4,50,4,Friday,16,0,2022-12,0,0,1
2022-12-17,2022,12,December,4,50,5,Saturday,17,1,2022-12,0,0,1
2022-12-18,2022,12,December,4,50,6,Sunday,18,1,2022-12,0,0,1
2022-12-19,2022,12,December,4,51,0,Monday,19,0,2022-12,0,0,1
2022-12-20,2022,12,December,4,51,1,Tuesday,20,0,2022-12,0,0,1
2022-12-21,2022,12,December,4,51,2,Wednesday,21,0,2022-12,0,0,1
2022-12-22,2022,12,December,4,51,3,Thursday,22,0,2022-12,0,0,1
2022-12-23,2022,12,December,4,51,4,Friday,23,0,2022-12,0,0,1
2022-12-24,2022,12,December,4,51,5,Saturday,24,1,2022-12,0,0,1
2022-12-25,2022,12,December,4,51,6,Sunday,25,1,2022-12,0,0,1
2022-12-26,2022,12,December,4,52,0,Monday,26,0,2022-12,0,0,1
2022-12-27,2022,12,December,4,52,1,Tuesday,27,0,2022-12,0,0,1
2022-12-28,2022,12,December,4,52,2,Wednesday,28,0,2022-12,0,0,1
2022-12-29,2022,12,December,4,52,3,Thursday,29,0,2022-12,0,0,1
2022-12-30,2022,12,December,4,52,4,Friday,30,0,2022-12,0,0,1
2022-12-31,2022,12,December,4,52,5,Saturday,31,1,2022-12,0,0,1
2023-01-01,2023,1,January,1,52,6,Sunday,1,1,2023-01,0,0,1
2023-01-02,2023,1,January,1,1,0,Monday,2,0,2023-01,0,0,1
2023-01-03,2023,1,January,1,1,1,Tuesday,3,0,2023-01,0,0,1
2023-01-04,2023,1,January,1,1,2,Wednesday,4,0,2023-01,0,0,1
2023-01-05,2023,1,January,1,1,3,Thursday,5,0,2023-01,0,0,1
2023-01-06,2023,1,January,1,1,4,Friday,6,0,2023-01,0,0,1
2023-01-07,2023,1,January,1,1,5,Saturday,7,1,2023-01,0,0,1
2023-01-08,2023,1,January,1,1,6,Sunday,8,1,2023-01,0,0,1
2023-01-09,2023,1,January,1,2,0,Monday,9,0,2023-01,0,0,1
2023-01-10,2023,1,January,1,2,1,Tuesday,10,0,2023-01,0,0,1
2023-01-11,2023,1,January,1,2,2,Wednesday,11,0,2023-01,0,0,1
2023-01-12,2023,1,January,1,2,3,Thursday,12,0,2023-01,0,0,1
2023-01-13,2023,1,January,1,2,4,Friday,13,0,2023-01,0,0,1
2023-01-14,2023,1,January,1,2,5,Saturday,14,1,2023-01,0,0,1
2023-01-15,2023,1,January,1,2,6,Sunday,15,1,2023-01,0,0,1
2023-01-16,2023,1,January,1,3,0,Monday,16,0,2023-01,0,0,1
2023-01-17,2023,1,January,1,3,1,Tuesday,17,0,2023-01,0,0,1
2023-01-18,2023,1,January,1,3,2,Wednesday,18,0,2023-01,0,0,1
2023-01-19,2023,1,January,1,3,3,Thursday,19,0,2023-01,0,0,1
2023-01-20,2023,1,January,1,3,4,Friday,20,0,2023-01,0,0,1
2023-01-21,2023,1,January,1,3,5,Saturday,21,1,2023-01,0,0,1
2023-01-22,2023,1,January,1,3,6,Sunday,22,1,2023-01,0,0,1
2023-01-23,2023,1,January,1,4,0,Monday,23,0,2023-01,0,0,1
2023-01-24,2023,1,January,1,4,1,Tuesday,24,0,2023-01,0,0,1
2023-01-25,2023,1,January,1,4,2,Wednesday,25,0,2023-01,0,0,1
2023-01-26,2023,1,January,1,4,3,Thursday,26,0,2023-01,0,0,1
2023-01-27,2023,1,January,1,4,4,Friday,27,0,2023-01,0,0,1
2023-01-28,2023,1,January,1,4,5,Saturday,28,1,2023-01,0,0,1
2023-01-29,2023,1,January,1,4,6,Sunday,29,1,2023-01,0,0,1
2023-01-30,2023,1,January,1,5,0,Monday,30,0,2023-01,0,0,1
2023-01-31,2023,1,January,1,5,1,Tuesday,31,0,2023-01,0,0,1
2023-02-01,2023,2,February,1,5,2,Wednesday,1,0,2023-02,0,0,1
2023-02-02,2023,2,February,1,5,3,Thursday,2,0,2023-02,0,0,1
2023-02-03,2023,2,February,1,5,4,Friday,3,0,2023-02,0,0,1
2023-02-04,2023,2,February,1,5,5,Saturday,4,1,2023-02,0,0,1
2023-02-05,2023,2,February,1,5,6,Sunday,5,1,2023-02,0,0,1
2023-02-06,2023,2,February,1,6,0,Monday,6,0,2023-02,0,0,1
2023-02-07,2023,2,February,1,6,1,Tuesday,7,0,2023-02,0,0,1
2023-02-08,2023,2,February,1,6,2,Wednesday,8,0,2023-02,0,0,1
2023-02-09,2023,2,February,1,6,3,Thursday,9,0,2023-02,0,0,1
2023-02-10,2023,2,February,1,6,4,Friday,10,0,2023-02,0,0,1
2023-02-11,2023,2,February,1,6,5,Saturday,11,1,2023-02,0,0,1
2023-02-12,2023,2,February,1,6,6,Sunday,12,1,2023-02,0,0,1
2023-02-13,2023,2,February,1,7,0,Monday,13,0,2023-02,0,0,1
2023-02-14,2023,2,February,1,7,1,Tuesday,14,0,2023-02,0,0,1
2023-02-15,2023,2,February,1,7,2,Wednesday,15,0,2023-02,0,0,1
2023-02-16,2023,2,February,1,7,3,Thursday,16,0,2023-02,0,0,1
2023-02-17,2023,2,February,1,7,4,Friday,17,0,2023-02,0,0,1
2023-02-18,2023,2,February,1,7,5,Saturday,18,1,2023-02,0,0,1
2023-02-19,2023,2,February,1,7,6,Sunday,19,1,2023-02,0,0,1
2023-02-20,2023,2,February,1,8,0,Monday,20,0,2023-02,0,0,1
2023-02-21,2023,2,February,1,8,1,Tuesday,21,0,2023-02,0,0,1
2023-02-22,2023,2,February,1,8,2,Wednesday,22,0,2023-02,0,0,1
2023-02-23,2023,2,February,1,8,3,Thursday,23,0,2023-02,0,0,1
2023-02-24,2023,2,February,1,8,4,Friday,24,0,2023-02,0,0,1
2023-02-25,2023,2,February,1,8,5,Saturday,25,1,2023-02,0,0,1
2023-02-26,2023,2,February,1,8,6,Sunday,26,1,2023-02,0,0,1
2023-02-27,2023,2,February,1,9,0,Monday,27,0,2023-02,0,0,1
2023-02-28,2023,2,February,1,9,1,Tuesday,28,0,2023-02,0,0,1
2023-03-01,2023,3,March,1,9,2,Wednesday,1,0,2023-03,0,0,1
2023-03-02,2023,3,March,1,9,3,Thursday,2,0,2023-03,0,0,1
2023-03-03,2023,3,March,1,9,4,Friday,3,0,2023-03,0,0,1
2023-03-04,2023,3,March,1,9,5,Saturday,4,1,2023-03,0,0,1
2023-03-05,2023,3,March,1,9,6,Sunday,5,1,2023-03,0,0,1
2023-03-06,2023,3,March,1,10,0,Monday,6,0,2023-03,0,0,1
2023-03-07,2023,3,March,1,10,1,Tuesday,7,0,2023-03,0,0,1
2023-03-08,2023,3,March,1,10,2,Wednesday,8,0,2023-03,0,0,1
2023-03-09,2023,3,March,1,10,3,Thursday,9,0,2023-03,0,0,1
2023-03-10,2023,3,March,1,10,4,Friday,10,0,2023-03,0,0,1
2023-03-11,2023,3,March,1,10,5,Saturday,11,1,2023-03,0,0,1
2023-03-12,2023,3,March,1,10,6,Sunday,12,1,2023-03,0,0,1
2023-03-13,2023,3,March,1,11,0,Monday,13,0,2023-03,0,0,1
2023-03-14,2023,3,March,1,11,1,Tuesday,14,0,2023-03,0,0,1
2023-03-15,2023,3,March,1,11,2,Wednesday,15,0,2023-03,0,0,1
2023-03-16,2023,3,March,1,11,3,Thursday,16,0,2023-03,0,0,1
2023-03-17,2023,3,March,1,11,4,Friday,17,0,2023-03,0,0,1
2023-03-18,2023,3,March,1,11,5,Saturday,18,1,2023-03,0,0,1
2023-03-19,2023,3,March,1,11,6,Sunday,19,1,2023-03,0,0,1
2023-03-20,2023,3,March,1,12,0,Monday,20,0,2023-03,0,0,1
2023-03-21,2023,3,March,1,12,1,Tuesday,21,0,2023-03,0,0,1
2023-03-22,2023,3,March,1,12,2,Wednesday,22,0,2023-03,0,0,1
2023-03-23,2023,3,March,1,12,3,Thursday,23,0,2023-03,0,0,1
2023-03-24,2023,3,March,1,12,4,Friday,24,0,2023-03,0,0,1
2023-03-25,2023,3,March,1,12,5,Saturday,25,1,2023-03,0,0,1
2023-03-26,2023,3,March,1,12,6,Sunday,26,1,2023-03,0,0,1
2023-03-27,2023,3,March,1,13,0,Monday,27,0,2023-03,0,0,1
2023-03-28,2023,3,March,1,13,1,Tuesday,28,0,2023-03,0,0,1
2023-03-29,2023,3,March,1,13,2,Wednesday,29,0,2023-03,0,0,1
2023-03-30,2023,3,March,1,13,3,Thursday,30,0,2023-03,0,0,1
2023-03-31,2023,3,March,1,13,4,Friday,31,0,2023-03,0,0,1
2023-04-01,2023,4,April,2,13,5,Saturday,1,1,2023-04,0,0,0
2023-04-02,2023,4,April,2,13,6,Sunday,2,1,2023-04,0,0,0
2023-04-03,2023,4,April,2,14,0,Monday,3,0,2023-04,0,0,0
2023-04-04,2023,4,April,2,14,1,Tuesday,4,0,2023-04,0,0,0
2023-04-05,2023,4,April,2,14,2,Wednesday,5,0,2023-04,0,0,0
2023-04-06,2023,4,April,2,14,3,Thursday,6,0,2023-04,0,0,0
2023-04-07,2023,4,April,2,14,4,Friday,7,0,2023-04,0,0,0
2023-04-08,2023,4,April,2,14,5,Saturday,8,1,2023-04,0,0,0
2023-04-09,2023,4,April,2,14,6,Sunday,9,1,2023-04,0,0,0
2023-04-10,2023,4,April,2,15,0,Monday,10,0,2023-04,0,0,0
2023-04-11,2023,4,April,2,15,1,Tuesday,11,0,2023-04,0,0,0
2023-04-12,2023,4,April,2,15,2,Wednesday,12,0,2023-04,0,0,0
2023-04-13,2023,4,April,2,15,3,Thursday,13,0,2023-04,0,0,0
2023-04-14,2023,4,April,2,15,4,Friday,14,0,2023-04,0,0,0
2023-04-15,2023,4,April,2,15,5,Saturday,15,1,2023-04,0,0,0
2023-04-16,2023,4,April,2,15,6,Sunday,16,1,2023-04,0,0,0
2023-04-17,2023,4,April,2,16,0,Monday,17,0,2023-04,0,0,0
2023-04-18,2023,4,April,2,16,1,Tuesday,18,0,2023-04,0,0,0
2023-04-19,2023,4,April,2,16,2,Wednesday,19,0,2023-04,0,0,0
2023-04-20,2023,4,April,2,16,3,Thursday,20,0,2023-04,0,0,0
2023-04-21,2023,4,April,2,16,4,Friday,21,0,2023-04,0,0,0
2023-04-22,2023,4,April,2,16,5,Saturday,22,1,2023-04,0,0,0
2023-04-23,2023,4,April,2,16,6,Sunday,23,1,2023-04,0,0,0
2023-04-24,2023,4,April,2,17,0,Monday,24,0,2023-04,0,0,0
2023-04-25,2023,4,April,2,17,1,Tuesday,25,0,2023-04,0,0,0
2023-04-26,2023,4,April,2,17,2,Wednesday,26,0,2023-04,0,0,0
2023-04-27,2023,4,April,2,17,3,Thursday,27,0,2023-04,0,0,0
2023-04-28,2023,4,April,2,17,4,Friday,28,0,2023-04,0,0,0
2023-04-29,2023,4,April,2,17,5,Saturday,29,1,2023-04,0,0,0
2023-04-30,2023,4,April,2,17,6,Sunday,30,1,2023-04,0,0,0
2023-05-01,2023,5,May,2,18,0,Monday,1,0,2023-05,0,0,0
2023-05-02,2023,5,May,2,18,1,Tuesday,2,0,2023-05,0,0,0
2023-05-03,2023,5,May,2,18,2,Wednesday,3,0,2023-05,0,0,0
2023-05-04,2023,5,May,2,18,3,Thursday,4,0,2023-05,0,0,0
2023-05-05,2023,5,May,2,18,4,Friday,5,0,2023-05,0,0,0
2023-05-06,2023,5,May,2,18,5,Saturday,6,1,2023-05,0,0,0
2023-05-07,2023,5,May,2,18,6,Sunday,7,1,2023-05,0,0,0
2023-05-08,2023,5,May,2,19,0,Monday,8,0,2023-05,0,0,0
2023-05-09,2023,5,May,2,19,1,Tuesday,9,0,2023-05,0,0,0
2023-05-10,2023,5,May,2,19,2,Wednesday,10,0,2023-05,0,0,0
2023-05-11,2023,5,May,2,19,3,Thursday,11,0,2023-05,0,0,0
2023-05-12,2023,5,May,2,19,4,Friday,12,0,2023-05,0,0,0
2023-05-13,2023,5,May,2,19,5,Saturday,13,1,2023-05,0,0,0
2023-05-14,2023,5,May,2,19,6,Sunday,14,1,2023-05,0,0,0
2023-05-15,2023,5,May,2,20,0,Monday,15,0,2023-05,0,0,0
2023-05-16,2023,5,May,2,20,1,Tuesday,16,0,2023-05,0,0,0
2023-05-17,2023,5,May,2,20,2,Wednesday,17,0,2023-05,0,0,0
2023-05-18,2023,5,May,2,20,3,Thursday,18,0,2023-05,0,0,0
2023-05-19,2023,5,May,2,20,4,Friday,19,0,2023-05,0,0,0
2023-05-20,2023,5,May,2,20,5,Saturday,20,1,2023-05,0,0,0
2023-05-21,2023,5,May,2,20,6,Sunday,21,1,2023-05,0,0,0
2023-05-22,2023,5,May,2,21,0,Monday,22,0,2023-05,0,0,0
2023-05-23,2023,5,May,2,21,1,Tuesday,23,0,2023-05,0,0,0
2023-05-24,2023,5,May,2,21,2,Wednesday,24,0,2023-05,0,0,0
2023-05-25,2023,5,May,2,21,3,Thursday,25,0,2023-05,0,0,0
2023-05-26,2023,5,May,2,21,4,Friday,26,0,2023-05,0,0,0
2023-05-27,2023,5,May,2,21,5,Saturday,27,1,2023-05,0,0,0
2023-05-28,2023,5,May,2,21,6,Sunday,28,1,2023-05,0,0,0
2023-05-29,2023,5,May,2,22,0,Monday,29,0,2023-05,0,0,0
2023-05-30,2023,5,May,2,22,1,Tuesday,30,0,2023-05,0,0,0
2023-05-31,2023,5,May,2,22,2,Wednesday,31,0,2023-05,0,0,0
2023-06-01,2023,6,June,2,22,3,Thursday,1,0,2023-06,0,0,0
2023-06-02,2023,6,June,2,22,4,Friday,2,0,2023-06,0,0,0
2023-06-03,2023,6,June,2,22,5,Saturday,3,1,2023-06,0,0,0
2023-06-04,2023,6,June,2,22,6,Sunday,4,1,2023-06,0,0,0
2023-06-05,2023,6,June,2,23,0,Monday,5,0,2023-06,0,0,0
2023-06-06,2023,6,June,2,23,1,Tuesday,6,0,2023-06,0,0,0
2023-06-07,2023,6,June,2,23,2,Wednesday,7,0,2023-06,0,0,0
2023-06-08,2023,6,June,2,23,3,Thursday,8,0,2023-06,0,0,0
2023-06-09,2023,6,June,2,23,4,Friday,9,0,2023-06,0,0,0
2023-06-10,2023,6,June,2,23,5,Saturday,10,1,2023-06,0,0,0
2023-06-11,2023,6,June,2,23,6,Sunday,11,1,2023-06,0,0,0
2023-06-12,2023,6,June,2,24,0,Monday,12,0,2023-06,0,0,0
2023-06-13,2023,6,June,2,24,1,Tuesday,13,0,2023-06,0,0,0
2023-06-14,2023,6,June,2,24,2,Wednesday,14,0,2023-06,0,0,0
2023-06-15,2023,6,June,2,24,3,Thursday,15,0,2023-06,0,0,0
2023-06-16,2023,6,June,2,24,4,Friday,16,0,2023-06,0,0,0
2023-06-17,2023,6,June,2,24,5,Saturday,17,1,2023-06,0,0,0
2023-06-18,2023,6,June,2,24,6,Sunday,18,1,2023-06,0,0,0
2023-06-19,2023,6,June,2,25,0,Monday,19,0,2023-06,0,0,0
2023-06-20,2023,6,June,2,25,1,Tuesday,20,0,2023-06,0,0,0
2023-06-21,2023,6,June,2,25,2,Wednesday,21,0,2023-06,0,0,0
2023-06-22,2023,6,June,2,25,3,Thursday,22,0,2023-06,0,0,0
2023-06-23,2023,6,June,2,25,4,Friday,23,0,2023-06,0,0,0
2023-06-24,2023,6,June,2,25,5,Saturday,24,1,2023-06,0,0,0
2023-06-25,2023,6,June,2,25,6,Sunday,25,1,2023-06,0,0,0
2023-06-26,2023,6,June,2,26,0,Monday,26,0,2023-06,0,0,0
2023-06-27,2023,6,June,2,26,1,Tuesday,27,0,2023-06,0,0,0
2023-06-28,2023,6,June,2,26,2,Wednesday,28,0,2023-06,0,0,0
2023-06-29,2023,6,June,2,26,3,Thursday,29,0,2023-06,0,0,0
2023-06-30,2023,6,June,2,26,4,Friday,30,0,2023-06,0,0,0
2023-07-01,2023,7,July,3,26,5,Saturday,1,1,2023-07,0,0,0
2023-07-02,2023,7,July,3,26,6,Sunday,2,1,2023-07,0,0,0
2023-07-03,2023,7,July,3,27,0,Monday,3,0,2023-07,0,0,0
2023-07-04,2023,7,July,3,27,1,Tuesday,4,0,2023-07,0,0,0
2023-07-05,2023,7,July,3,27,2,Wednesday,5,0,2023-07,0,0,0
2023-07-06,2023,7,July,3,27,3,Thursday,6,0,2023-07,0,0,0
2023-07-07,2023,7,July,3,27,4,Friday,7,0,2023-07,0,0,0
2023-07-08,2023,7,July,3,27,5,Saturday,8,1,2023-07,0,0,0
2023-07-09,2023,7,July,3,27,6,Sunday,9,1,2023-07,0,0,0
2023-07-10,2023,7,July,3,28,0,Monday,10,0,2023-07,0,0,0
2023-07-11,2023,7,July,3,28,1,Tuesday,11,0,2023-07,0,0,0
2023-07-12,2023,7,July,3,28,2,Wednesday,12,0,2023-07,0,0,0
2023-07-13,2023,7,July,3,28,3,Thursday,13,0,2023-07,0,0,0
2023-07-14,2023,7,July,3,28,4,Friday,14,0,2023-07,0,0,0
2023-07-15,2023,7,July,3,28,5,Saturday,15,1,2023-07,0,0,0
2023-07-16,2023,7,July,3,28,6,Sunday,16,1,2023-07,0,0,0
2023-07-17,2023,7,July,3,29,0,Monday,17,0,2023-07,0,0,0
2023-07-18,2023,7,July,3,29,1,Tuesday,18,0,2023-07,0,0,0
2023-07-19,2023,7,July,3,29,2,Wednesday,19,0,2023-07,0,0,0
2023-07-20,2023,7,July,3,29,3,Thursday,20,0,2023-07,0,0,0
2023-07-21,2023,7,July,3,29,4,Friday,21,0,2023-07,0,0,0
2023-07-22,2023,7,July,3,29,5,Saturday,22,1,2023-07,0,0,0
2023-07-23,2023,7,July,3,29,6,Sunday,23,1,2023-07,0,0,0
2023-07-24,2023,7,July,3,30,0,Monday,24,0,2023-07,0,0,0
2023-07-25,2023,7,July,3,30,1,Tuesday,25,0,2023-07,0,0,0
2023-07-26,2023,7,July,3,30,2,Wednesday,26,0,2023-07,0,0,0
2023-07-27,2023,7,July,3,30,3,Thursday,27,0,2023-07,0,0,0
2023-07-28,2023,7,July,3,30,4,Friday,28,0,2023-07,0,0,0
2023-07-29,2023,7,July,3,30,5,Saturday,29,1,2023-07,0,0,0
2023-07-30,2023,7,July,3,30,6,Sunday,30,1,2023-07,0,0,0
2023-07-31,2023,7,July,3,31,0,Monday,31,0,2023-07,0,0,0
2023-08-01,2023,8,August,3,31,1,Tuesday,1,0,2023-08,1,0,0
2023-08-02,2023,8,August,3,31,2,Wednesday,2,0,2023-08,1,0,0
2023-08-03,2023,8,August,3,31,3,Thursday,3,0,2023-08,1,0,0
2023-08-04,2023,8,August,3,31,4,Friday,4,0,2023-08,1,0,0
2023-08-05,2023,8,August,3,31,5,Saturday,5,1,2023-08,1,0,0
2023-08-06,2023,8,August,3,31,6,Sunday,6,1,2023-08,1,0,0
2023-08-07,2023,8,August,3,32,0,Monday,7,0,2023-08,1,0,0
2023-08-08,2023,8,August,3,32,1,Tuesday,8,0,2023-08,1,0,0
2023-08-09,2023,8,August,3,32,2,Wednesday,9,0,2023-08,1,0,0
2023-08-10,2023,8,August,3,32,3,Thursday,10,0,2023-08,1,0,0
2023-08-11,2023,8,August,3,32,4,Friday,11,0,2023-08,1,0,0
2023-08-12,2023,8,August,3,32,5,Saturday,12,1,2023-08,1,0,0
2023-08-13,2023,8,August,3,32,6,Sunday,13,1,2023-08,1,0,0
2023-08-14,2023,8,August,3,33,0,Monday,14,0,2023-08,1,0,0
2023-08-15,2023,8,August,3,33,1,Tuesday,15,0,2023-08,1,0,0
2023-08-16,2023,8,August,3,33,2,Wednesday,16,0,2023-08,1,0,0
2023-08-17,2023,8,August,3,33,3,Thursday,17,0,2023-08,1,0,0
2023-08-18,2023,8,August,3,33,4,Friday,18,0,2023-08,1,0,0
2023-08-19,2023,8,August,3,33,5,Saturday,19,1,2023-08,1,0,0
2023-08-20,2023,8,August,3,33,6,Sunday,20,1,2023-08,1,0,0
2023-08-21,2023,8,August,3,34,0,Monday,21,0,2023-08,1,0,0
2023-08-22,2023,8,August,3,34,1,Tuesday,22,0,2023-08,1,0,0
2023-08-23,2023,8,August,3,34,2,Wednesday,23,0,2023-08,1,0,0
2023-08-24,2023,8,August,3,34,3,Thursday,24,0,2023-08,1,0,0
2023-08-25,2023,8,August,3,34,4,Friday,25,0,2023-08,1,0,0
2023-08-26,2023,8,August,3,34,5,Saturday,26,1,2023-08,1,0,0
2023-08-27,2023,8,August,3,34,6,Sunday,27,1,2023-08,1,0,0
2023-08-28,2023,8,August,3,35,0,Monday,28,0,2023-08,1,0,0
2023-08-29,2023,8,August,3,35,1,Tuesday,29,0,2023-08,1,0,0
2023-08-30,2023,8,August,3,35,2,Wednesday,30,0,2023-08,1,0,0
2023-08-31,2023,8,August,3,35,3,Thursday,31,0,2023-08,1,0,0
2023-09-01,2023,9,September,3,35,4,Friday,1,0,2023-09,1,0,0
2023-09-02,2023,9,September,3,35,5,Saturday,2,1,2023-09,1,0,0
2023-09-03,2023,9,September,3,35,6,Sunday,3,1,2023-09,1,0,0
2023-09-04,2023,9,September,3,36,0,Monday,4,0,2023-09,1,0,0
2023-09-05,2023,9,September,3,36,1,Tuesday,5,0,2023-09,1,0,0
2023-09-06,2023,9,September,3,36,2,Wednesday,6,0,2023-09,1,0,0
2023-09-07,2023,9,September,3,36,3,Thursday,7,0,2023-09,1,0,0
2023-09-08,2023,9,September,3,36,4,Friday,8,0,2023-09,1,0,0
2023-09-09,2023,9,September,3,36,5,Saturday,9,1,2023-09,1,0,0
2023-09-10,2023,9,September,3,36,6,Sunday,10,1,2023-09,1,0,0
2023-09-11,2023,9,September,3,37,0,Monday,11,0,2023-09,1,0,0
2023-09-12,2023,9,September,3,37,1,Tuesday,12,0,2023-09,1,0,0
2023-09-13,2023,9,September,3,37,2,Wednesday,13,0,2023-09,1,0,0
2023-09-14,2023,9,September,3,37,3,Thursday,14,0,2023-09,1,0,0
2023-09-15,2023,9,September,3,37,4,Friday,15,0,2023-09,1,0,0
2023-09-16,2023,9,September,3,37,5,Saturday,16,1,2023-09,1,0,0
2023-09-17,2023,9,September,3,37,6,Sunday,17,1,2023-09,1,0,0
2023-09-18,2023,9,September,3,38,0,Monday,18,0,2023-09,1,0,0
2023-09-19,2023,9,September,3,38,1,Tuesday,19,0,2023-09,1,0,0
2023-09-20,2023,9,September,3,38,2,Wednesday,20,0,2023-09,1,0,0
2023-09-21,2023,9,September,3,38,3,Thursday,21,0,2023-09,1,0,0
2023-09-22,2023,9,September,3,38,4,Friday,22,0,2023-09,1,0,0
2023-09-23,2023,9,September,3,38,5,Saturday,23,1,2023-09,1,0,0
2023-09-24,2023,9,September,3,38,6,Sunday,24,1,2023-09,1,0,0
2023-09-25,2023,9,September,3,39,0,Monday,25,0,2023-09,1,0,0
2023-09-26,2023,9,September,3,39,1,Tuesday,26,0,2023-09,1,0,0
2023-09-27,2023,9,September,3,39,2,Wednesday,27,0,2023-09,1,0,0
2023-09-28,2023,9,September,3,39,3,Thursday,28,0,2023-09,1,0,0
2023-09-29,2023,9,September,3,39,4,Friday,29,0,2023-09,1,0,0
2023-09-30,2023,9,September,3,39,5,Saturday,30,1,2023-09,1,0,0
2023-10-01,2023,10,October,4,39,6,Sunday,1,1,2023-10,0,1,0
2023-10-02,2023,10,October,4,40,0,Monday,2,0,2023-10,0,1,0
2023-10-03,2023,10,October,4,40,1,Tuesday,3,0,2023-10,0,1,0
2023-10-04,2023,10,October,4,40,2,Wednesday,4,0,2023-10,0,1,0
2023-10-05,2023,10,October,4,40,3,Thursday,5,0,2023-10,0,1,0
2023-10-06,2023,10,October,4,40,4,Friday,6,0,2023-10,0,1,0
2023-10-07,2023,10,October,4,40,5,Saturday,7,1,2023-10,0,1,0
2023-10-08,2023,10,October,4,40,6,Sunday,8,1,2023-10,0,1,0
2023-10-09,2023,10,October,4,41,0,Monday,9,0,2023-10,0,1,0
2023-10-10,2023,10,October,4,41,1,Tuesday,10,0,2023-10,0,1,0
2023-10-11,2023,10,October,4,41,2,Wednesday,11,0,2023-10,0,1,0
2023-10-12,2023,10,October,4,41,3,Thursday,12,0,2023-10,0,1,0
2023-10-13,2023,10,October,4,41,4,Friday,13,0,2023-10,0,1,0
2023-10-14,2023,10,October,4,41,5,Saturday,14,1,2023-10,0,1,0
2023-10-15,2023,10,October,4,41,6,Sunday,15,1,2023-10,0,1,0
2023-10-16,2023,10,October,4,42,0,Monday,16,0,2023-10,0,1,0
2023-10-17,2023,10,October,4,42,1,Tuesday,17,0,2023-10,0,1,0
2023-10-18,2023,10,October,4,42,2,Wednesday,18,0,2023-10,0,1,0
2023-10-19,2023,10,October,4,42,3,Thursday,19,0,2023-10,0,1,0
2023-10-20,2023,10,October,4,42,4,Friday,20,0,2023-10,0,1,0
2023-10-21,2023,10,October,4,42,5,Saturday,21,1,2023-10,0,1,0
2023-10-22,2023,10,October,4,42,6,Sunday,22,1,2023-10,0,1,0
2023-10-23,2023,10,October,4,43,0,Monday,23,0,2023-10,0,1,0
2023-10-24,2023,10,October,4,43,1,Tuesday,24,0,2023-10,0,1,0
2023-10-25,2023,10,October,4,43,2,Wednesday,25,0,2023-10,0,1,0
2023-10-26,2023,10,October,4,43,3,Thursday,26,0,2023-10,0,1,0
2023-10-27,2023,10,October,4,43,4,Friday,27,0,2023-10,0,1,0
2023-10-28,2023,10,October,4,43,5,Saturday,28,1,2023-10,0,1,0
2023-10-29,2023,10,October,4,43,6,Sunday,29,1,2023-10,0,1,0
2023-10-30,2023,10,October,4,44,0,Monday,30,0,2023-10,0,1,0
2023-10-31,2023,10,October,4,44,1,Tuesday,31,0,2023-10,0,1,0
2023-11-01,2023,11,November,4,44,2,Wednesday,1,0,2023-11,0,1,1
2023-11-02,2023,11,November,4,44,3,Thursday,2,0,2023-11,0,1,1
2023-11-03,2023,11,November,4,44,4,Friday,3,0,2023-11,0,1,1
2023-11-04,2023,11,November,4,44,5,Saturday,4,1,2023-11,0,1,1
2023-11-05,2023,11,November,4,44,6,Sunday,5,1,2023-11,0,1,1
2023-11-06,2023,11,November,4,45,0,Monday,6,0,2023-11,0,1,1
2023-11-07,2023,11,November,4,45,1,Tuesday,7,0,2023-11,0,1,1
2023-11-08,2023,11,November,4,45,2,Wednesday,8,0,2023-11,0,1,1
2023-11-09,2023,11,November,4,45,3,Thursday,9,0,2023-11,0,1,1
2023-11-10,2023,11,November,4,45,4,Friday,10,0,2023-11,0,1,1
2023-11-11,2023,11,November,4,45,5,Saturday,11,1,2023-11,0,1,1
2023-11-12,2023,11,November,4,45,6,Sunday,12,1,2023-11,0,1,1
2023-11-13,2023,11,November,4,46,0,Monday,13,0,2023-11,0,1,1
2023-11-14,2023,11,November,4,46,1,Tuesday,14,0,2023-11,0,1,1
2023-11-15,2023,11,November,4,46,2,Wednesday,15,0,2023-11,0,1,1
2023-11-16,2023,11,November,4,46,3,Thursday,16,0,2023-11,0,1,1
2023-11-17,2023,11,November,4,46,4,Friday,17,0,2023-11,0,1,1
2023-11-18,2023,11,November,4,46,5,Saturday,18,1,2023-11,0,1,1
2023-11-19,2023,11,November,4,46,6,Sunday,19,1,2023-11,0,1,1
2023-11-20,2023,11,November,4,47,0,Monday,20,0,2023-11,0,1,1
2023-11-21,2023,11,November,4,47,1,Tuesday,21,0,2023-11,0,1,1
2023-11-22,2023,11,November,4,47,2,Wednesday,22,0,2023-11,0,1,1
2023-11-23,2023,11,November,4,47,3,Thursday,23,0,2023-11,0,1,1
2023-11-24,2023,11,November,4,47,4,Friday,24,0,2023-11,0,1,1
2023-11-25,2023,11,November,4,47,5,Saturday,25,1,2023-11,0,1,1
2023-11-26,2023,11,November,4,47,6,Sunday,26,1,2023-11,0,1,1
2023-11-27,2023,11,November,4,48,0,Monday,27,0,2023-11,0,1,1
2023-11-28,2023,11,November,4,48,1,Tuesday,28,0,2023-11,0,1,1
2023-11-29,2023,11,November,4,48,2,Wednesday,29,0,2023-11,0,1,1
2023-11-30,2023,11,November,4,48,3,Thursday,30,0,2023-11,0,1,1
2023-12-01,2023,12,December,4,48,4,Friday,1,0,2023-12,0,0,1
2023-12-02,2023,12,December,4,48,5,Saturday,2,1,2023-12,0,0,1
2023-12-03,2023,12,December,4,48,6,Sunday,3,1,2023-12,0,0,1
2023-12-04,2023,12,December,4,49,0,Monday,4,0,2023-12,0,0,1
2023-12-05,2023,12,December,4,49,1,Tuesday,5,0,2023-12,0,0,1
2023-12-06,2023,12,December,4,49,2,Wednesday,6,0,2023-12,0,0,1
2023-12-07,2023,12,December,4,49,3,Thursday,7,0,2023-12,0,0,1
2023-12-08,2023,12,December,4,49,4,Friday,8,0,2023-12,0,0,1
2023-12-09,2023,12,December,4,49,5,Saturday,9,1,2023-12,0,0,1
2023-12-10,2023,12,December,4,49,6,Sunday,10,1,2023-12,0,0,1
2023-12-11,2023,12,December,4,50,0,Monday,11,0,2023-12,0,0,1
2023-12-12,2023,12,December,4,50,1,Tuesday,12,0,2023-12,0,0,1
2023-12-13,2023,12,December,4,50,2,Wednesday,13,0,2023-12,0,0,1
2023-12-14,2023,12,December,4,50,3,Thursday,14,0,2023-12,0,0,1
2023-12-15,2023,12,December,4,50,4,Friday,15,0,2023-12,0,0,1
2023-12-16,2023,12,December,4,50,5,Saturday,16,1,2023-12,0,0,1
2023-12-17,2023,12,December,4,50,6,Sunday,17,1,2023-12,0,0,1
2023-12-18,2023,12,December,4,51,0,Monday,18,0,2023-12,0,0,1
2023-12-19,2023,12,December,4,51,1,Tuesday,19,0,2023-12,0,0,1
2023-12-20,2023,12,December,4,51,2,Wednesday,20,0,2023-12,0,0,1
2023-12-21,2023,12,December,4,51,3,Thursday,21,0,2023-12,0,0,1
2023-12-22,2023,12,December,4,51,4,Friday,22,0,2023-12,0,0,1
2023-12-23,2023,12,December,4,51,5,Saturday,23,1,2023-12,0,0,1
2023-12-24,2023,12,December,4,51,6,Sunday,24,1,2023-12,0,0,1
2023-12-25,2023,12,December,4,52,0,Monday,25,0,2023-12,0,0,1
2023-12-26,2023,12,December,4,52,1,Tuesday,26,0,2023-12,0,0,1
2023-12-27,2023,12,December,4,52,2,Wednesday,27,0,2023-12,0,0,1
2023-12-28,2023,12,December,4,52,3,Thursday,28,0,2023-12,0,0,1
2023-12-29,2023,12,December,4,52,4,Friday,29,0,2023-12,0,0,1
2023-12-30,2023,12,December,4,52,5,Saturday,30,1,2023-12,0,0,1
2023-12-31,2023,12,December,4,52,6,Sunday,31,1,2023-12,0,0,1
2024-01-01,2024,1,January,1,1,0,Monday,1,0,2024-01,0,0,1
2024-01-02,2024,1,January,1,1,1,Tuesday,2,0,2024-01,0,0,1
2024-01-03,2024,1,January,1,1,2,Wednesday,3,0,2024-01,0,0,1
2024-01-04,2024,1,January,1,1,3,Thursday,4,0,2024-01,0,0,1
2024-01-05,2024,1,January,1,1,4,Friday,5,0,2024-01,0,0,1
2024-01-06,2024,1,January,1,1,5,Saturday,6,1,2024-01,0,0,1
2024-01-07,2024,1,January,1,1,6,Sunday,7,1,2024-01,0,0,1
2024-01-08,2024,1,January,1,2,0,Monday,8,0,2024-01,0,0,1
2024-01-09,2024,1,January,1,2,1,Tuesday,9,0,2024-01,0,0,1
2024-01-10,2024,1,January,1,2,2,Wednesday,10,0,2024-01,0,0,1
2024-01-11,2024,1,January,1,2,3,Thursday,11,0,2024-01,0,0,1
2024-01-12,2024,1,January,1,2,4,Friday,12,0,2024-01,0,0,1
2024-01-13,2024,1,January,1,2,5,Saturday,13,1,2024-01,0,0,1
2024-01-14,2024,1,January,1,2,6,Sunday,14,1,2024-01,0,0,1
2024-01-15,2024,1,January,1,3,0,Monday,15,0,2024-01,0,0,1
2024-01-16,2024,1,January,1,3,1,Tuesday,16,0,2024-01,0,0,1
2024-01-17,2024,1,January,1,3,2,Wednesday,17,0,2024-01,0,0,1
2024-01-18,2024,1,January,1,3,3,Thursday,18,0,2024-01,0,0,1
2024-01-19,2024,1,January,1,3,4,Friday,19,0,2024-01,0,0,1
2024-01-20,2024,1,January,1,3,5,Saturday,20,1,2024-01,0,0,1
2024-01-21,2024,1,January,1,3,6,Sunday,21,1,2024-01,0,0,1
2024-01-22,2024,1,January,1,4,0,Monday,22,0,2024-01,0,0,1
2024-01-23,2024,1,January,1,4,1,Tuesday,23,0,2024-01,0,0,1
2024-01-24,2024,1,January,1,4,2,Wednesday,24,0,2024-01,0,0,1
2024-01-25,2024,1,January,1,4,3,Thursday,25,0,2024-01,0,0,1
2024-01-26,2024,1,January,1,4,4,Friday,26,0,2024-01,0,0,1
2024-01-27,2024,1,January,1,4,5,Saturday,27,1,2024-01,0,0,1
2024-01-28,2024,1,January,1,4,6,Sunday,28,1,2024-01,0,0,1
2024-01-29,2024,1,January,1,5,0,Monday,29,0,2024-01,0,0,1
2024-01-30,2024,1,January,1,5,1,Tuesday,30,0,2024-01,0,0,1
2024-01-31,2024,1,January,1,5,2,Wednesday,31,0,2024-01,0,0,1
2024-02-01,2024,2,February,1,5,3,Thursday,1,0,2024-02,0,0,1
2024-02-02,2024,2,February,1,5,4,Friday,2,0,2024-02,0,0,1
2024-02-03,2024,2,February,1,5,5,Saturday,3,1,2024-02,0,0,1
2024-02-04,2024,2,February,1,5,6,Sunday,4,1,2024-02,0,0,1
2024-02-05,2024,2,February,1,6,0,Monday,5,0,2024-02,0,0,1
2024-02-06,2024,2,February,1,6,1,Tuesday,6,0,2024-02,0,0,1
2024-02-07,2024,2,February,1,6,2,Wednesday,7,0,2024-02,0,0,1
2024-02-08,2024,2,February,1,6,3,Thursday,8,0,2024-02,0,0,1
2024-02-09,2024,2,February,1,6,4,Friday,9,0,2024-02,0,0,1
2024-02-10,2024,2,February,1,6,5,Saturday,10,1,2024-02,0,0,1
2024-02-11,2024,2,February,1,6,6,Sunday,11,1,2024-02,0,0,1
2024-02-12,2024,2,February,1,7,0,Monday,12,0,2024-02,0,0,1
2024-02-13,2024,2,February,1,7,1,Tuesday,13,0,2024-02,0,0,1
2024-02-14,2024,2,February,1,7,2,Wednesday,14,0,2024-02,0,0,1
2024-02-15,2024,2,February,1,7,3,Thursday,15,0,2024-02,0,0,1
2024-02-16,2024,2,February,1,7,4,Friday,16,0,2024-02,0,0,1
2024-02-17,2024,2,February,1,7,5,Saturday,17,1,2024-02,0,0,1
2024-02-18,2024,2,February,1,7,6,Sunday,18,1,2024-02,0,0,1
2024-02-19,2024,2,February,1,8,0,Monday,19,0,2024-02,0,0,1
2024-02-20,2024,2,February,1,8,1,Tuesday,20,0,2024-02,0,0,1
2024-02-21,2024,2,February,1,8,2,Wednesday,21,0,2024-02,0,0,1
2024-02-22,2024,2,February,1,8,3,Thursday,22,0,2024-02,0,0,1
2024-02-23,2024,2,February,1,8,4,Friday,23,0,2024-02,0,0,1
2024-02-24,2024,2,February,1,8,5,Saturday,24,1,2024-02,0,0,1
2024-02-25,2024,2,February,1,8,6,Sunday,25,1,2024-02,0,0,1
2024-02-26,2024,2,February,1,9,0,Monday,26,0,2024-02,0,0,1
2024-02-27,2024,2,February,1,9,1,Tuesday,27,0,2024-02,0,0,1
2024-02-28,2024,2,February,1,9,2,Wednesday,28,0,2024-02,0,0,1
2024-02-29,2024,2,February,1,9,3,Thursday,29,0,2024-02,0,0,1
2024-03-01,2024,3,March,1,9,4,Friday,1,0,2024-03,0,0,1
2024-03-02,2024,3,March,1,9,5,Saturday,2,1,2024-03,0,0,1
2024-03-03,2024,3,March,1,9,6,Sunday,3,1,2024-03,0,0,1
2024-03-04,2024,3,March,1,10,0,Monday,4,0,2024-03,0,0,1
2024-03-05,2024,3,March,1,10,1,Tuesday,5,0,2024-03,0,0,1
2024-03-06,2024,3,March,1,10,2,Wednesday,6,0,2024-03,0,0,1
2024-03-07,2024,3,March,1,10,3,Thursday,7,0,2024-03,0,0,1
2024-03-08,2024,3,March,1,10,4,Friday,8,0,2024-03,0,0,1
2024-03-09,2024,3,March,1,10,5,Saturday,9,1,2024-03,0,0,1
2024-03-10,2024,3,March,1,10,6,Sunday,10,1,2024-03,0,0,1
2024-03-11,2024,3,March,1,11,0,Monday,11,0,2024-03,0,0,1
2024-03-12,2024,3,March,1,11,1,Tuesday,12,0,2024-03,0,0,1
2024-03-13,2024,3,March,1,11,2,Wednesday,13,0,2024-03,0,0,1
2024-03-14,2024,3,March,1,11,3,Thursday,14,0,2024-03,0,0,1
2024-03-15,2024,3,March,1,11,4,Friday,15,0,2024-03,0,0,1
2024-03-16,2024,3,March,1,11,5,Saturday,16,1,2024-03,0,0,1
2024-03-17,2024,3,March,1,11,6,Sunday,17,1,2024-03,0,0,1
2024-03-18,2024,3,March,1,12,0,Monday,18,0,2024-03,0,0,1
2024-03-19,2024,3,March,1,12,1,Tuesday,19,0,2024-03,0,0,1
2024-03-20,2024,3,March,1,12,2,Wednesday,20,0,2024-03,0,0,1
2024-03-21,2024,3,March,1,12,3,Thursday,21,0,2024-03,0,0,1
2024-03-22,2024,3,March,1,12,4,Friday,22,0,2024-03,0,0,1
2024-03-23,2024,3,March,1,12,5,Saturday,23,1,2024-03,0,0,1
2024-03-24,2024,3,March,1,12,6,Sunday,24,1,2024-03,0,0,1
2024-03-25,2024,3,March,1,13,0,Monday,25,0,2024-03,0,0,1
2024-03-26,2024,3,March,1,13,1,Tuesday,26,0,2024-03,0,0,1
2024-03-27,2024,3,March,1,13,2,Wednesday,27,0,2024-03,0,0,1
2024-03-28,2024,3,March,1,13,3,Thursday,28,0,2024-03,0,0,1
2024-03-29,2024,3,March,1,13,4,Friday,29,0,2024-03,0,0,1
2024-03-30,2024,3,March,1,13,5,Saturday,30,1,2024-03,0,0,1
2024-03-31,2024,3,March,1,13,6,Sunday,31,1,2024-03,0,0,1
2024-04-01,2024,4,April,2,14,0,Monday,1,0,2024-04,0,0,0
2024-04-02,2024,4,April,2,14,1,Tuesday,2,0,2024-04,0,0,0
2024-04-03,2024,4,April,2,14,2,Wednesday,3,0,2024-04,0,0,0
2024-04-04,2024,4,April,2,14,3,Thursday,4,0,2024-04,0,0,0
2024-04-05,2024,4,April,2,14,4,Friday,5,0,2024-04,0,0,0
2024-04-06,2024,4,April,2,14,5,Saturday,6,1,2024-04,0,0,0
2024-04-07,2024,4,April,2,14,6,Sunday,7,1,2024-04,0,0,0
2024-04-08,2024,4,April,2,15,0,Monday,8,0,2024-04,0,0,0
2024-04-09,2024,4,April,2,15,1,Tuesday,9,0,2024-04,0,0,0
2024-04-10,2024,4,April,2,15,2,Wednesday,10,0,2024-04,0,0,0
2024-04-11,2024,4,April,2,15,3,Thursday,11,0,2024-04,0,0,0
2024-04-12,2024,4,April,2,15,4,Friday,12,0,2024-04,0,0,0
2024-04-13,2024,4,April,2,15,5,Saturday,13,1,2024-04,0,0,0
2024-04-14,2024,4,April,2,15,6,Sunday,14,1,2024-04,0,0,0
2024-04-15,2024,4,April,2,16,0,Monday,15,0,2024-04,0,0,0
2024-04-16,2024,4,April,2,16,1,Tuesday,16,0,2024-04,0,0,0
2024-04-17,2024,4,April,2,16,2,Wednesday,17,0,2024-04,0,0,0
2024-04-18,2024,4,April,2,16,3,Thursday,18,0,2024-04,0,0,0
2024-04-19,2024,4,April,2,16,4,Friday,19,0,2024-04,0,0,0
2024-04-20,2024,4,April,2,16,5,Saturday,20,1,2024-04,0,0,0
2024-04-21,2024,4,April,2,16,6,Sunday,21,1,2024-04,0,0,0
2024-04-22,2024,4,April,2,17,0,Monday,22,0,2024-04,0,0,0
2024-04-23,2024,4,April,2,17,1,Tuesday,23,0,2024-04,0,0,0
2024-04-24,2024,4,April,2,17,2,Wednesday,24,0,2024-04,0,0,0
2024-04-25,2024,4,April,2,17,3,Thursday,25,0,2024-04,0,0,0
2024-04-26,2024,4,April,2,17,4,Friday,26,0,2024-04,0,0,0
2024-04-27,2024,4,April,2,17,5,Saturday,27,1,2024-04,0,0,0
2024-04-28,2024,4,April,2,17,6,Sunday,28,1,2024-04,0,0,0
2024-04-29,2024,4,April,2,18,0,Monday,29,0,2024-04,0,0,0
2024-04-30,2024,4,April,2,18,1,Tuesday,30,0,2024-04,0,0,0
2024-05-01,2024,5,May,2,18,2,Wednesday,1,0,2024-05,0,0,0
2024-05-02,2024,5,May,2,18,3,Thursday,2,0,2024-05,0,0,0
2024-05-03,2024,5,May,2,18,4,Friday,3,0,2024-05,0,0,0
2024-05-04,2024,5,May,2,18,5,Saturday,4,1,2024-05,0,0,0
2024-05-05,2024,5,May,2,18,6,Sunday,5,1,2024-05,0,0,0
2024-05-06,2024,5,May,2,19,0,Monday,6,0,2024-05,0,0,0
2024-05-07,2024,5,May,2,19,1,Tuesday,7,0,2024-05,0,0,0
2024-05-08,2024,5,May,2,19,2,Wednesday,8,0,2024-05,0,0,0
2024-05-09,2024,5,May,2,19,3,Thursday,9,0,2024-05,0,0,0
2024-05-10,2024,5,May,2,19,4,Friday,10,0,2024-05,0,0,0
2024-05-11,2024,5,May,2,19,5,Saturday,11,1,2024-05,0,0,0
2024-05-12,2024,5,May,2,19,6,Sunday,12,1,2024-05,0,0,0
2024-05-13,2024,5,May,2,20,0,Monday,13,0,2024-05,0,0,0
2024-05-14,2024,5,May,2,20,1,Tuesday,14,0,2024-05,0,0,0
2024-05-15,2024,5,May,2,20,2,Wednesday,15,0,2024-05,0,0,0
2024-05-16,2024,5,May,2,20,3,Thursday,16,0,2024-05,0,0,0
2024-05-17,2024,5,May,2,20,4,Friday,17,0,2024-05,0,0,0
2024-05-18,2024,5,May,2,20,5,Saturday,18,1,2024-05,0,0,0
2024-05-19,2024,5,May,2,20,6,Sunday,19,1,2024-05,0,0,0
2024-05-20,2024,5,May,2,21,0,Monday,20,0,2024-05,0,0,0
2024-05-21,2024,5,May,2,21,1,Tuesday,21,0,2024-05,0,0,0
2024-05-22,2024,5,May,2,21,2,Wednesday,22,0,2024-05,0,0,0
2024-05-23,2024,5,May,2,21,3,Thursday,23,0,2024-05,0,0,0
2024-05-24,2024,5,May,2,21,4,Friday,24,0,2024-05,0,0,0
2024-05-25,2024,5,May,2,21,5,Saturday,25,1,2024-05,0,0,0
2024-05-26,2024,5,May,2,21,6,Sunday,26,1,2024-05,0,0,0
2024-05-27,2024,5,May,2,22,0,Monday,27,0,2024-05,0,0,0
2024-05-28,2024,5,May,2,22,1,Tuesday,28,0,2024-05,0,0,0
2024-05-29,2024,5,May,2,22,2,Wednesday,29,0,2024-05,0,0,0
2024-05-30,2024,5,May,2,22,3,Thursday,30,0,2024-05,0,0,0
2024-05-31,2024,5,May,2,22,4,Friday,31,0,2024-05,0,0,0
2024-06-01,2024,6,June,2,22,5,Saturday,1,1,2024-06,0,0,0
2024-06-02,2024,6,June,2,22,6,Sunday,2,1,2024-06,0,0,0
2024-06-03,2024,6,June,2,23,0,Monday,3,0,2024-06,0,0,0
2024-06-04,2024,6,June,2,23,1,Tuesday,4,0,2024-06,0,0,0
2024-06-05,2024,6,June,2,23,2,Wednesday,5,0,2024-06,0,0,0
2024-06-06,2024,6,June,2,23,3,Thursday,6,0,2024-06,0,0,0
2024-06-07,2024,6,June,2,23,4,Friday,7,0,2024-06,0,0,0
2024-06-08,2024,6,June,2,23,5,Saturday,8,1,2024-06,0,0,0
2024-06-09,2024,6,June,2,23,6,Sunday,9,1,2024-06,0,0,0
2024-06-10,2024,6,June,2,24,0,Monday,10,0,2024-06,0,0,0
2024-06-11,2024,6,June,2,24,1,Tuesday,11,0,2024-06,0,0,0
2024-06-12,2024,6,June,2,24,2,Wednesday,12,0,2024-06,0,0,0
2024-06-13,2024,6,June,2,24,3,Thursday,13,0,2024-06,0,0,0
2024-06-14,2024,6,June,2,24,4,Friday,14,0,2024-06,0,0,0
2024-06-15,2024,6,June,2,24,5,Saturday,15,1,2024-06,0,0,0
2024-06-16,2024,6,June,2,24,6,Sunday,16,1,2024-06,0,0,0
2024-06-17,2024,6,June,2,25,0,Monday,17,0,2024-06,0,0,0
2024-06-18,2024,6,June,2,25,1,Tuesday,18,0,2024-06,0,0,0
2024-06-19,2024,6,June,2,25,2,Wednesday,19,0,2024-06,0,0,0
2024-06-20,2024,6,June,2,25,3,Thursday,20,0,2024-06,0,0,0
2024-06-21,2024,6,June,2,25,4,Friday,21,0,2024-06,0,0,0
2024-06-22,2024,6,June,2,25,5,Saturday,22,1,2024-06,0,0,0
2024-06-23,2024,6,June,2,25,6,Sunday,23,1,2024-06,0,0,0
2024-06-24,2024,6,June,2,26,0,Monday,24,0,2024-06,0,0,0
2024-06-25,2024,6,June,2,26,1,Tuesday,25,0,2024-06,0,0,0
2024-06-26,2024,6,June,2,26,2,Wednesday,26,0,2024-06,0,0,0
2024-06-27,2024,6,June,2,26,3,Thursday,27,0,2024-06,0,0,0
2024-06-28,2024,6,June,2,26,4,Friday,28,0,2024-06,0,0,0
2024-06-29,2024,6,June,2,26,5,Saturday,29,1,2024-06,0,0,0
2024-06-30,2024,6,June,2,26,6,Sunday,30,1,2024-06,0,0,0
2024-07-01,2024,7,July,3,27,0,Monday,1,0,2024-07,0,0,0
2024-07-02,2024,7,July,3,27,1,Tuesday,2,0,2024-07,0,0,0
2024-07-03,2024,7,July,3,27,2,Wednesday,3,0,2024-07,0,0,0
2024-07-04,2024,7,July,3,27,3,Thursday,4,0,2024-07,0,0,0
2024-07-05,2024,7,July,3,27,4,Friday,5,0,2024-07,0,0,0
2024-07-06,2024,7,July,3,27,5,Saturday,6,1,2024-07,0,0,0
2024-07-07,2024,7,July,3,27,6,Sunday,7,1,2024-07,0,0,0
2024-07-08,2024,7,July,3,28,0,Monday,8,0,2024-07,0,0,0
2024-07-09,2024,7,July,3,28,1,Tuesday,9,0,2024-07,0,0,0
2024-07-10,2024,7,July,3,28,2,Wednesday,10,0,2024-07,0,0,0
2024-07-11,2024,7,July,3,28,3,Thursday,11,0,2024-07,0,0,0
2024-07-12,2024,7,July,3,28,4,Friday,12,0,2024-07,0,0,0
2024-07-13,2024,7,July,3,28,5,Saturday,13,1,2024-07,0,0,0
2024-07-14,2024,7,July,3,28,6,Sunday,14,1,2024-07,0,0,0
2024-07-15,2024,7,July,3,29,0,Monday,15,0,2024-07,0,0,0
2024-07-16,2024,7,July,3,29,1,Tuesday,16,0,2024-07,0,0,0
2024-07-17,2024,7,July,3,29,2,Wednesday,17,0,2024-07,0,0,0
2024-07-18,2024,7,July,3,29,3,Thursday,18,0,2024-07,0,0,0
2024-07-19,2024,7,July,3,29,4,Friday,19,0,2024-07,0,0,0
2024-07-20,2024,7,July,3,29,5,Saturday,20,1,2024-07,0,0,0
2024-07-21,2024,7,July,3,29,6,Sunday,21,1,2024-07,0,0,0
2024-07-22,2024,7,July,3,30,0,Monday,22,0,2024-07,0,0,0
2024-07-23,2024,7,July,3,30,1,Tuesday,23,0,2024-07,0,0,0
2024-07-24,2024,7,July,3,30,2,Wednesday,24,0,2024-07,0,0,0
2024-07-25,2024,7,July,3,30,3,Thursday,25,0,2024-07,0,0,0
2024-07-26,2024,7,July,3,30,4,Friday,26,0,2024-07,0,0,0
2024-07-27,2024,7,July,3,30,5,Saturday,27,1,2024-07,0,0,0
2024-07-28,2024,7,July,3,30,6,Sunday,28,1,2024-07,0,0,0
2024-07-29,2024,7,July,3,31,0,Monday,29,0,2024-07,0,0,0
2024-07-30,2024,7,July,3,31,1,Tuesday,30,0,2024-07,0,0,0
2024-07-31,2024,7,July,3,31,2,Wednesday,31,0,2024-07,0,0,0
2024-08-01,2024,8,August,3,31,3,Thursday,1,0,2024-08,1,0,0
2024-08-02,2024,8,August,3,31,4,Friday,2,0,2024-08,1,0,0
2024-08-03,2024,8,August,3,31,5,Saturday,3,1,2024-08,1,0,0
2024-08-04,2024,8,August,3,31,6,Sunday,4,1,2024-08,1,0,0
2024-08-05,2024,8,August,3,32,0,Monday,5,0,2024-08,1,0,0
2024-08-06,2024,8,August,3,32,1,Tuesday,6,0,2024-08,1,0,0
2024-08-07,2024,8,August,3,32,2,Wednesday,7,0,2024-08,1,0,0
2024-08-08,2024,8,August,3,32,3,Thursday,8,0,2024-08,1,0,0
2024-08-09,2024,8,August,3,32,4,Friday,9,0,2024-08,1,0,0
2024-08-10,2024,8,August,3,32,5,Saturday,10,1,2024-08,1,0,0
2024-08-11,2024,8,August,3,32,6,Sunday,11,1,2024-08,1,0,0
2024-08-12,2024,8,August,3,33,0,Monday,12,0,2024-08,1,0,0
2024-08-13,2024,8,August,3,33,1,Tuesday,13,0,2024-08,1,0,0
2024-08-14,2024,8,August,3,33,2,Wednesday,14,0,2024-08,1,0,0
2024-08-15,2024,8,August,3,33,3,Thursday,15,0,2024-08,1,0,0
2024-08-16,2024,8,August,3,33,4,Friday,16,0,2024-08,1,0,0
2024-08-17,2024,8,August,3,33,5,Saturday,17,1,2024-08,1,0,0
2024-08-18,2024,8,August,3,33,6,Sunday,18,1,2024-08,1,0,0
2024-08-19,2024,8,August,3,34,0,Monday,19,0,2024-08,1,0,0
2024-08-20,2024,8,August,3,34,1,Tuesday,20,0,2024-08,1,0,0
2024-08-21,2024,8,August,3,34,2,Wednesday,21,0,2024-08,1,0,0
2024-08-22,2024,8,August,3,34,3,Thursday,22,0,2024-08,1,0,0
2024-08-23,2024,8,August,3,34,4,Friday,23,0,2024-08,1,0,0
2024-08-24,2024,8,August,3,34,5,Saturday,24,1,2024-08,1,0,0
2024-08-25,2024,8,August,3,34,6,Sunday,25,1,2024-08,1,0,0
2024-08-26,2024,8,August,3,35,0,Monday,26,0,2024-08,1,0,0
2024-08-27,2024,8,August,3,35,1,Tuesday,27,0,2024-08,1,0,0
2024-08-28,2024,8,August,3,35,2,Wednesday,28,0,2024-08,1,0,0
2024-08-29,2024,8,August,3,35,3,Thursday,29,0,2024-08,1,0,0
2024-08-30,2024,8,August,3,35,4,Friday,30,0,2024-08,1,0,0
2024-08-31,2024,8,August,3,35,5,Saturday,31,1,2024-08,1,0,0
2024-09-01,2024,9,September,3,35,6,Sunday,1,1,2024-09,1,0,0
2024-09-02,2024,9,September,3,36,0,Monday,2,0,2024-09,1,0,0
2024-09-03,2024,9,September,3,36,1,Tuesday,3,0,2024-09,1,0,0
2024-09-04,2024,9,September,3,36,2,Wednesday,4,0,2024-09,1,0,0
2024-09-05,2024,9,September,3,36,3,Thursday,5,0,2024-09,1,0,0
2024-09-06,2024,9,September,3,36,4,Friday,6,0,2024-09,1,0,0
2024-09-07,2024,9,September,3,36,5,Saturday,7,1,2024-09,1,0,0
2024-09-08,2024,9,September,3,36,6,Sunday,8,1,2024-09,1,0,0
2024-09-09,2024,9,September,3,37,0,Monday,9,0,2024-09,1,0,0
2024-09-10,2024,9,September,3,37,1,Tuesday,10,0,2024-09,1,0,0
2024-09-11,2024,9,September,3,37,2,Wednesday,11,0,2024-09,1,0,0
2024-09-12,2024,9,September,3,37,3,Thursday,12,0,2024-09,1,0,0
2024-09-13,2024,9,September,3,37,4,Friday,13,0,2024-09,1,0,0
2024-09-14,2024,9,September,3,37,5,Saturday,14,1,2024-09,1,0,0
2024-09-15,2024,9,September,3,37,6,Sunday,15,1,2024-09,1,0,0
2024-09-16,2024,9,September,3,38,0,Monday,16,0,2024-09,1,0,0
2024-09-17,2024,9,September,3,38,1,Tuesday,17,0,2024-09,1,0,0
2024-09-18,2024,9,September,3,38,2,Wednesday,18,0,2024-09,1,0,0
2024-09-19,2024,9,September,3,38,3,Thursday,19,0,2024-09,1,0,0
2024-09-20,2024,9,September,3,38,4,Friday,20,0,2024-09,1,0,0
2024-09-21,2024,9,September,3,38,5,Saturday,21,1,2024-09,1,0,0
2024-09-22,2024,9,September,3,38,6,Sunday,22,1,2024-09,1,0,0
2024-09-23,2024,9,September,3,39,0,Monday,23,0,2024-09,1,0,0
2024-09-24,2024,9,September,3,39,1,Tuesday,24,0,2024-09,1,0,0
2024-09-25,2024,9,September,3,39,2,Wednesday,25,0,2024-09,1,0,0
2024-09-26,2024,9,September,3,39,3,Thursday,26,0,2024-09,1,0,0
2024-09-27,2024,9,September,3,39,4,Friday,27,0,2024-09,1,0,0
2024-09-28,2024,9,September,3,39,5,Saturday,28,1,2024-09,1,0,0
2024-09-29,2024,9,September,3,39,6,Sunday,29,1,2024-09,1,0,0
2024-09-30,2024,9,September,3,40,0,Monday,30,0,2024-09,1,0,0
2024-10-01,2024,10,October,4,40,1,Tuesday,1,0,2024-10,0,1,0
2024-10-02,2024,10,October,4,40,2,Wednesday,2,0,2024-10,0,1,0
2024-10-03,2024,10,October,4,40,3,Thursday,3,0,2024-10,0,1,0
2024-10-04,2024,10,October,4,40,4,Friday,4,0,2024-10,0,1,0
2024-10-05,2024,10,October,4,40,5,Saturday,5,1,2024-10,0,1,0
2024-10-06,2024,10,October,4,40,6,Sunday,6,1,2024-10,0,1,0
2024-10-07,2024,10,October,4,41,0,Monday,7,0,2024-10,0,1,0
2024-10-08,2024,10,October,4,41,1,Tuesday,8,0,2024-10,0,1,0
2024-10-09,2024,10,October,4,41,2,Wednesday,9,0,2024-10,0,1,0
2024-10-10,2024,10,October,4,41,3,Thursday,10,0,2024-10,0,1,0
2024-10-11,2024,10,October,4,41,4,Friday,11,0,2024-10,0,1,0
2024-10-12,2024,10,October,4,41,5,Saturday,12,1,2024-10,0,1,0
2024-10-13,2024,10,October,4,41,6,Sunday,13,1,2024-10,0,1,0
2024-10-14,2024,10,October,4,42,0,Monday,14,0,2024-10,0,1,0
2024-10-15,2024,10,October,4,42,1,Tuesday,15,0,2024-10,0,1,0
2024-10-16,2024,10,October,4,42,2,Wednesday,16,0,2024-10,0,1,0
2024-10-17,2024,10,October,4,42,3,Thursday,17,0,2024-10,0,1,0
2024-10-18,2024,10,October,4,42,4,Friday,18,0,2024-10,0,1,0
2024-10-19,2024,10,October,4,42,5,Saturday,19,1,2024-10,0,1,0
2024-10-20,2024,10,October,4,42,6,Sunday,20,1,2024-10,0,1,0
2024-10-21,2024,10,October,4,43,0,Monday,21,0,2024-10,0,1,0
2024-10-22,2024,10,October,4,43,1,Tuesday,22,0,2024-10,0,1,0
2024-10-23,2024,10,October,4,43,2,Wednesday,23,0,2024-10,0,1,0
2024-10-24,2024,10,October,4,43,3,Thursday,24,0,2024-10,0,1,0
2024-10-25,2024,10,October,4,43,4,Friday,25,0,2024-10,0,1,0
2024-10-26,2024,10,October,4,43,5,Saturday,26,1,2024-10,0,1,0
2024-10-27,2024,10,October,4,43,6,Sunday,27,1,2024-10,0,1,0
2024-10-28,2024,10,October,4,44,0,Monday,28,0,2024-10,0,1,0
2024-10-29,2024,10,October,4,44,1,Tuesday,29,0,2024-10,0,1,0
2024-10-30,2024,10,October,4,44,2,Wednesday,30,0,2024-10,0,1,0
2024-10-31,2024,10,October,4,44,3,Thursday,31,0,2024-10,0,1,0
2024-11-01,2024,11,November,4,44,4,Friday,1,0,2024-11,0,1,1
2024-11-02,2024,11,November,4,44,5,Saturday,2,1,2024-11,0,1,1
2024-11-03,2024,11,November,4,44,6,Sunday,3,1,2024-11,0,1,1
2024-11-04,2024,11,November,4,45,0,Monday,4,0,2024-11,0,1,1
2024-11-05,2024,11,November,4,45,1,Tuesday,5,0,2024-11,0,1,1
2024-11-06,2024,11,November,4,45,2,Wednesday,6,0,2024-11,0,1,1
2024-11-07,2024,11,November,4,45,3,Thursday,7,0,2024-11,0,1,1
2024-11-08,2024,11,November,4,45,4,Friday,8,0,2024-11,0,1,1
2024-11-09,2024,11,November,4,45,5,Saturday,9,1,2024-11,0,1,1
2024-11-10,2024,11,November,4,45,6,Sunday,10,1,2024-11,0,1,1
2024-11-11,2024,11,November,4,46,0,Monday,11,0,2024-11,0,1,1
2024-11-12,2024,11,November,4,46,1,Tuesday,12,0,2024-11,0,1,1
2024-11-13,2024,11,November,4,46,2,Wednesday,13,0,2024-11,0,1,1
2024-11-14,2024,11,November,4,46,3,Thursday,14,0,2024-11,0,1,1
2024-11-15,2024,11,November,4,46,4,Friday,15,0,2024-11,0,1,1
2024-11-16,2024,11,November,4,46,5,Saturday,16,1,2024-11,0,1,1
2024-11-17,2024,11,November,4,46,6,Sunday,17,1,2024-11,0,1,1
2024-11-18,2024,11,November,4,47,0,Monday,18,0,2024-11,0,1,1
2024-11-19,2024,11,November,4,47,1,Tuesday,19,0,2024-11,0,1,1
2024-11-20,2024,11,November,4,47,2,Wednesday,20,0,2024-11,0,1,1
2024-11-21,2024,11,November,4,47,3,Thursday,21,0,2024-11,0,1,1
2024-11-22,2024,11,November,4,47,4,Friday,22,0,2024-11,0,1,1
2024-11-23,2024,11,November,4,47,5,Saturday,23,1,2024-11,0,1,1
2024-11-24,2024,11,November,4,47,6,Sunday,24,1,2024-11,0,1,1
2024-11-25,2024,11,November,4,48,0,Monday,25,0,2024-11,0,1,1
2024-11-26,2024,11,November,4,48,1,Tuesday,26,0,2024-11,0,1,1
2024-11-27,2024,11,November,4,48,2,Wednesday,27,0,2024-11,0,1,1
2024-11-28,2024,11,November,4,48,3,Thursday,28,0,2024-11,0,1,1
2024-11-29,2024,11,November,4,48,4,Friday,29,0,2024-11,0,1,1
2024-11-30,2024,11,November,4,48,5,Saturday,30,1,2024-11,0,1,1
2024-12-01,2024,12,December,4,48,6,Sunday,1,1,2024-12,0,0,1
2024-12-02,2024,12,December,4,49,0,Monday,2,0,2024-12,0,0,1
2024-12-03,2024,12,December,4,49,1,Tuesday,3,0,2024-12,0,0,1
2024-12-04,2024,12,December,4,49,2,Wednesday,4,0,2024-12,0,0,1
2024-12-05,2024,12,December,4,49,3,Thursday,5,0,2024-12,0,0,1
2024-12-06,2024,12,December,4,49,4,Friday,6,0,2024-12,0,0,1
2024-12-07,2024,12,December,4,49,5,Saturday,7,1,2024-12,0,0,1
2024-12-08,2024,12,December,4,49,6,Sunday,8,1,2024-12,0,0,1
2024-12-09,2024,12,December,4,50,0,Monday,9,0,2024-12,0,0,1
2024-12-10,2024,12,December,4,50,1,Tuesday,10,0,2024-12,0,0,1
2024-12-11,2024,12,December,4,50,2,Wednesday,11,0,2024-12,0,0,1
2024-12-12,2024,12,December,4,50,3,Thursday,12,0,2024-12,0,0,1
2024-12-13,2024,12,December,4,50,4,Friday,13,0,2024-12,0,0,1
2024-12-14,2024,12,December,4,50,5,Saturday,14,1,2024-12,0,0,1
2024-12-15,2024,12,December,4,50,6,Sunday,15,1,2024-12,0,0,1
2024-12-16,2024,12,December,4,51,0,Monday,16,0,2024-12,0,0,1
2024-12-17,2024,12,December,4,51,1,Tuesday,17,0,2024-12,0,0,1
2024-12-18,2024,12,December,4,51,2,Wednesday,18,0,2024-12,0,0,1
2024-12-19,2024,12,December,4,51,3,Thursday,19,0,2024-12,0,0,1
2024-12-20,2024,12,December,4,51,4,Friday,20,0,2024-12,0,0,1
2024-12-21,2024,12,December,4,51,5,Saturday,21,1,2024-12,0,0,1
2024-12-22,2024,12,December,4,51,6,Sunday,22,1,2024-12,0,0,1
2024-12-23,2024,12,December,4,52,0,Monday,23,0,2024-12,0,0,1
2024-12-24,2024,12,December,4,52,1,Tuesday,24,0,2024-12,0,0,1
2024-12-25,2024,12,December,4,52,2,Wednesday,25,0,2024-12,0,0,1
2024-12-26,2024,12,December,4,52,3,Thursday,26,0,2024-12,0,0,1
2024-12-27,2024,12,December,4,52,4,Friday,27,0,2024-12,0,0,1
2024-12-28,2024,12,December,4,52,5,Saturday,28,1,2024-12,0,0,1
2024-12-29,2024,12,December,4,52,6,Sunday,29,1,2024-12,0,0,1
2024-12-30,2024,12,December,4,1,0,Monday,30,0,2024-12,0,0,1
2024-12-31,2024,12,December,4,1,1,Tuesday,31,0,2024-12,0,0,1
2025-01-01,2025,1,January,1,1,2,Wednesday,1,0,2025-01,0,0,1
2025-01-02,2025,1,January,1,1,3,Thursday,2,0,2025-01,0,0,1
2025-01-03,2025,1,January,1,1,4,Friday,3,0,2025-01,0,0,1
2025-01-04,2025,1,January,1,1,5,Saturday,4,1,2025-01,0,0,1
2025-01-05,2025,1,January,1,1,6,Sunday,5,1,2025-01,0,0,1
2025-01-06,2025,1,January,1,2,0,Monday,6,0,2025-01,0,0,1
2025-01-07,2025,1,January,1,2,1,Tuesday,7,0,2025-01,0,0,1
2025-01-08,2025,1,January,1,2,2,Wednesday,8,0,2025-01,0,0,1
2025-01-09,2025,1,January,1,2,3,Thursday,9,0,2025-01,0,0,1
2025-01-10,2025,1,January,1,2,4,Friday,10,0,2025-01,0,0,1
2025-01-11,2025,1,January,1,2,5,Saturday,11,1,2025-01,0,0,1
2025-01-12,2025,1,January,1,2,6,Sunday,12,1,2025-01,0,0,1
2025-01-13,2025,1,January,1,3,0,Monday,13,0,2025-01,0,0,1
2025-01-14,2025,1,January,1,3,1,Tuesday,14,0,2025-01,0,0,1
2025-01-15,2025,1,January,1,3,2,Wednesday,15,0,2025-01,0,0,1
2025-01-16,2025,1,January,1,3,3,Thursday,16,0,2025-01,0,0,1
2025-01-17,2025,1,January,1,3,4,Friday,17,0,2025-01,0,0,1
2025-01-18,2025,1,January,1,3,5,Saturday,18,1,2025-01,0,0,1
2025-01-19,2025,1,January,1,3,6,Sunday,19,1,2025-01,0,0,1
2025-01-20,2025,1,January,1,4,0,Monday,20,0,2025-01,0,0,1
2025-01-21,2025,1,January,1,4,1,Tuesday,21,0,2025-01,0,0,1
2025-01-22,2025,1,January,1,4,2,Wednesday,22,0,2025-01,0,0,1
2025-01-23,2025,1,January,1,4,3,Thursday,23,0,2025-01,0,0,1
2025-01-24,2025,1,January,1,4,4,Friday,24,0,2025-01,0,0,1
2025-01-25,2025,1,January,1,4,5,Saturday,25,1,2025-01,0,0,1
2025-01-26,2025,1,January,1,4,6,Sunday,26,1,2025-01,0,0,1
2025-01-27,2025,1,January,1,5,0,Monday,27,0,2025-01,0,0,1
2025-01-28,2025,1,January,1,5,1,Tuesday,28,0,2025-01,0,0,1
2025-01-29,2025,1,January,1,5,2,Wednesday,29,0,2025-01,0,0,1
2025-01-30,2025,1,January,1,5,3,Thursday,30,0,2025-01,0,0,1
2025-01-31,2025,1,January,1,5,4,Friday,31,0,2025-01,0,0,1
2025-02-01,2025,2,February,1,5,5,Saturday,1,1,2025-02,0,0,1
2025-02-02,2025,2,February,1,5,6,Sunday,2,1,2025-02,0,0,1
2025-02-03,2025,2,February,1,6,0,Monday,3,0,2025-02,0,0,1
2025-02-04,2025,2,February,1,6,1,Tuesday,4,0,2025-02,0,0,1
2025-02-05,2025,2,February,1,6,2,Wednesday,5,0,2025-02,0,0,1
2025-02-06,2025,2,February,1,6,3,Thursday,6,0,2025-02,0,0,1
2025-02-07,2025,2,February,1,6,4,Friday,7,0,2025-02,0,0,1
2025-02-08,2025,2,February,1,6,5,Saturday,8,1,2025-02,0,0,1
2025-02-09,2025,2,February,1,6,6,Sunday,9,1,2025-02,0,0,1
2025-02-10,2025,2,February,1,7,0,Monday,10,0,2025-02,0,0,1
2025-02-11,2025,2,February,1,7,1,Tuesday,11,0,2025-02,0,0,1
2025-02-12,2025,2,February,1,7,2,Wednesday,12,0,2025-02,0,0,1
2025-02-13,2025,2,February,1,7,3,Thursday,13,0,2025-02,0,0,1
2025-02-14,2025,2,February,1,7,4,Friday,14,0,2025-02,0,0,1
2025-02-15,2025,2,February,1,7,5,Saturday,15,1,2025-02,0,0,1
2025-02-16,2025,2,February,1,7,6,Sunday,16,1,2025-02,0,0,1
2025-02-17,2025,2,February,1,8,0,Monday,17,0,2025-02,0,0,1
2025-02-18,2025,2,February,1,8,1,Tuesday,18,0,2025-02,0,0,1
2025-02-19,2025,2,February,1,8,2,Wednesday,19,0,2025-02,0,0,1
2025-02-20,2025,2,February,1,8,3,Thursday,20,0,2025-02,0,0,1
2025-02-21,2025,2,February,1,8,4,Friday,21,0,2025-02,0,0,1
2025-02-22,2025,2,February,1,8,5,Saturday,22,1,2025-02,0,0,1
2025-02-23,2025,2,February,1,8,6,Sunday,23,1,2025-02,0,0,1
2025-02-24,2025,2,February,1,9,0,Monday,24,0,2025-02,0,0,1
2025-02-25,2025,2,February,1,9,1,Tuesday,25,0,2025-02,0,0,1
2025-02-26,2025,2,February,1,9,2,Wednesday,26,0,2025-02,0,0,1
2025-02-27,2025,2,February,1,9,3,Thursday,27,0,2025-02,0,0,1
2025-02-28,2025,2,February,1,9,4,Friday,28,0,2025-02,0,0,1
2025-03-01,2025,3,March,1,9,5,Saturday,1,1,2025-03,0,0,1
2025-03-02,2025,3,March,1,9,6,Sunday,2,1,2025-03,0,0,1
2025-03-03,2025,3,March,1,10,0,Monday,3,0,2025-03,0,0,1
2025-03-04,2025,3,March,1,10,1,Tuesday,4,0,2025-03,0,0,1
2025-03-05,2025,3,March,1,10,2,Wednesday,5,0,2025-03,0,0,1
2025-03-06,2025,3,March,1,10,3,Thursday,6,0,2025-03,0,0,1
2025-03-07,2025,3,March,1,10,4,Friday,7,0,2025-03,0,0,1
2025-03-08,2025,3,March,1,10,5,Saturday,8,1,2025-03,0,0,1
2025-03-09,2025,3,March,1,10,6,Sunday,9,1,2025-03,0,0,1
2025-03-10,2025,3,March,1,11,0,Monday,10,0,2025-03,0,0,1
2025-03-11,2025,3,March,1,11,1,Tuesday,11,0,2025-03,0,0,1
2025-03-12,2025,3,March,1,11,2,Wednesday,12,0,2025-03,0,0,1
2025-03-13,2025,3,March,1,11,3,Thursday,13,0,2025-03,0,0,1
2025-03-14,2025,3,March,1,11,4,Friday,14,0,2025-03,0,0,1
2025-03-15,2025,3,March,1,11,5,Saturday,15,1,2025-03,0,0,1
2025-03-16,2025,3,March,1,11,6,Sunday,16,1,2025-03,0,0,1
2025-03-17,2025,3,March,1,12,0,Monday,17,0,2025-03,0,0,1
2025-03-18,2025,3,March,1,12,1,Tuesday,18,0,2025-03,0,0,1
2025-03-19,2025,3,March,1,12,2,Wednesday,19,0,2025-03,0,0,1
2025-03-20,2025,3,March,1,12,3,Thursday,20,0,2025-03,0,0,1
2025-03-21,2025,3,March,1,12,4,Friday,21,0,2025-03,0,0,1
2025-03-22,2025,3,March,1,12,5,Saturday,22,1,2025-03,0,0,1
2025-03-23,2025,3,March,1,12,6,Sunday,23,1,2025-03,0,0,1
2025-03-24,2025,3,March,1,13,0,Monday,24,0,2025-03,0,0,1
2025-03-25,2025,3,March,1,13,1,Tuesday,25,0,2025-03,0,0,1
2025-03-26,2025,3,March,1,13,2,Wednesday,26,0,2025-03,0,0,1
2025-03-27,2025,3,March,1,13,3,Thursday,27,0,2025-03,0,0,1
2025-03-28,2025,3,March,1,13,4,Friday,28,0,2025-03,0,0,1
2025-03-29,2025,3,March,1,13,5,Saturday,29,1,2025-03,0,0,1
2025-03-30,2025,3,March,1,13,6,Sunday,30,1,2025-03,0,0,1
2025-03-31,2025,3,March,1,14,0,Monday,31,0,2025-03,0,0,1
2025-04-01,2025,4,April,2,14,1,Tuesday,1,0,2025-04,0,0,0
2025-04-02,2025,4,April,2,14,2,Wednesday,2,0,2025-04,0,0,0
2025-04-03,2025,4,April,2,14,3,Thursday,3,0,2025-04,0,0,0
2025-04-04,2025,4,April,2,14,4,Friday,4,0,2025-04,0,0,0
2025-04-05,2025,4,April,2,14,5,Saturday,5,1,2025-04,0,0,0
2025-04-06,2025,4,April,2,14,6,Sunday,6,1,2025-04,0,0,0
2025-04-07,2025,4,April,2,15,0,Monday,7,0,2025-04,0,0,0
2025-04-08,2025,4,April,2,15,1,Tuesday,8,0,2025-04,0,0,0
2025-04-09,2025,4,April,2,15,2,Wednesday,9,0,2025-04,0,0,0
2025-04-10,2025,4,April,2,15,3,Thursday,10,0,2025-04,0,0,0
2025-04-11,2025,4,April,2,15,4,Friday,11,0,2025-04,0,0,0
2025-04-12,2025,4,April,2,15,5,Saturday,12,1,2025-04,0,0,0
2025-04-13,2025,4,April,2,15,6,Sunday,13,1,2025-04,0,0,0
2025-04-14,2025,4,April,2,16,0,Monday,14,0,2025-04,0,0,0
2025-04-15,2025,4,April,2,16,1,Tuesday,15,0,2025-04,0,0,0
2025-04-16,2025,4,April,2,16,2,Wednesday,16,0,2025-04,0,0,0
2025-04-17,2025,4,April,2,16,3,Thursday,17,0,2025-04,0,0,0
2025-04-18,2025,4,April,2,16,4,Friday,18,0,2025-04,0,0,0
2025-04-19,2025,4,April,2,16,5,Saturday,19,1,2025-04,0,0,0
2025-04-20,2025,4,April,2,16,6,Sunday,20,1,2025-04,0,0,0
2025-04-21,2025,4,April,2,17,0,Monday,21,0,2025-04,0,0,0
2025-04-22,2025,4,April,2,17,1,Tuesday,22,0,2025-04,0,0,0
2025-04-23,2025,4,April,2,17,2,Wednesday,23,0,2025-04,0,0,0
2025-04-24,2025,4,April,2,17,3,Thursday,24,0,2025-04,0,0,0
2025-04-25,2025,4,April,2,17,4,Friday,25,0,2025-04,0,0,0
2025-04-26,2025,4,April,2,17,5,Saturday,26,1,2025-04,0,0,0
2025-04-27,2025,4,April,2,17,6,Sunday,27,1,2025-04,0,0,0
2025-04-28,2025,4,April,2,18,0,Monday,28,0,2025-04,0,0,0
2025-04-29,2025,4,April,2,18,1,Tuesday,29,0,2025-04,0,0,0
2025-04-30,2025,4,April,2,18,2,Wednesday,30,0,2025-04,0,0,0
2025-05-01,2025,5,May,2,18,3,Thursday,1,0,2025-05,0,0,0
2025-05-02,2025,5,May,2,18,4,Friday,2,0,2025-05,0,0,0
2025-05-03,2025,5,May,2,18,5,Saturday,3,1,2025-05,0,0,0
2025-05-04,2025,5,May,2,18,6,Sunday,4,1,2025-05,0,0,0
2025-05-05,2025,5,May,2,19,0,Monday,5,0,2025-05,0,0,0
2025-05-06,2025,5,May,2,19,1,Tuesday,6,0,2025-05,0,0,0
2025-05-07,2025,5,May,2,19,2,Wednesday,7,0,2025-05,0,0,0
2025-05-08,2025,5,May,2,19,3,Thursday,8,0,2025-05,0,0,0
2025-05-09,2025,5,May,2,19,4,Friday,9,0,2025-05,0,0,0
2025-05-10,2025,5,May,2,19,5,Saturday,10,1,2025-05,0,0,0
2025-05-11,2025,5,May,2,19,6,Sunday,11,1,2025-05,0,0,0
2025-05-12,2025,5,May,2,20,0,Monday,12,0,2025-05,0,0,0
2025-05-13,2025,5,May,2,20,1,Tuesday,13,0,2025-05,0,0,0
2025-05-14,2025,5,May,2,20,2,Wednesday,14,0,2025-05,0,0,0
2025-05-15,2025,5,May,2,20,3,Thursday,15,0,2025-05,0,0,0
2025-05-16,2025,5,May,2,20,4,Friday,16,0,2025-05,0,0,0
2025-05-17,2025,5,May,2,20,5,Saturday,17,1,2025-05,0,0,0
2025-05-18,2025,5,May,2,20,6,Sunday,18,1,2025-05,0,0,0
2025-05-19,2025,5,May,2,21,0,Monday,19,0,2025-05,0,0,0
2025-05-20,2025,5,May,2,21,1,Tuesday,20,0,2025-05,0,0,0
2025-05-21,2025,5,May,2,21,2,Wednesday,21,0,2025-05,0,0,0
2025-05-22,2025,5,May,2,21,3,Thursday,22,0,2025-05,0,0,0
2025-05-23,2025,5,May,2,21,4,Friday,23,0,2025-05,0,0,0
2025-05-24,2025,5,May,2,21,5,Saturday,24,1,2025-05,0,0,0
2025-05-25,2025,5,May,2,21,6,Sunday,25,1,2025-05,0,0,0
2025-05-26,2025,5,May,2,22,0,Monday,26,0,2025-05,0,0,0
2025-05-27,2025,5,May,2,22,1,Tuesday,27,0,2025-05,0,0,0
2025-05-28,2025,5,May,2,22,2,Wednesday,28,0,2025-05,0,0,0
2025-05-29,2025,5,May,2,22,3,Thursday,29,0,2025-05,0,0,0
2025-05-30,2025,5,May,2,22,4,Friday,30,0,2025-05,0,0,0
2025-05-31,2025,5,May,2,22,5,Saturday,31,1,2025-05,0,0,0
2025-06-01,2025,6,June,2,22,6,Sunday,1,1,2025-06,0,0,0
2025-06-02,2025,6,June,2,23,0,Monday,2,0,2025-06,0,0,0
2025-06-03,2025,6,June,2,23,1,Tuesday,3,0,2025-06,0,0,0
2025-06-04,2025,6,June,2,23,2,Wednesday,4,0,2025-06,0,0,0
2025-06-05,2025,6,June,2,23,3,Thursday,5,0,2025-06,0,0,0
2025-06-06,2025,6,June,2,23,4,Friday,6,0,2025-06,0,0,0
2025-06-07,2025,6,June,2,23,5,Saturday,7,1,2025-06,0,0,0
2025-06-08,2025,6,June,2,23,6,Sunday,8,1,2025-06,0,0,0
2025-06-09,2025,6,June,2,24,0,Monday,9,0,2025-06,0,0,0
2025-06-10,2025,6,June,2,24,1,Tuesday,10,0,2025-06,0,0,0
2025-06-11,2025,6,June,2,24,2,Wednesday,11,0,2025-06,0,0,0
2025-06-12,2025,6,June,2,24,3,Thursday,12,0,2025-06,0,0,0
2025-06-13,2025,6,June,2,24,4,Friday,13,0,2025-06,0,0,0
2025-06-14,2025,6,June,2,24,5,Saturday,14,1,2025-06,0,0,0
2025-06-15,2025,6,June,2,24,6,Sunday,15,1,2025-06,0,0,0
2025-06-16,2025,6,June,2,25,0,Monday,16,0,2025-06,0,0,0
2025-06-17,2025,6,June,2,25,1,Tuesday,17,0,2025-06,0,0,0
2025-06-18,2025,6,June,2,25,2,Wednesday,18,0,2025-06,0,0,0
2025-06-19,2025,6,June,2,25,3,Thursday,19,0,2025-06,0,0,0
2025-06-20,2025,6,June,2,25,4,Friday,20,0,2025-06,0,0,0
2025-06-21,2025,6,June,2,25,5,Saturday,21,1,2025-06,0,0,0
2025-06-22,2025,6,June,2,25,6,Sunday,22,1,2025-06,0,0,0
2025-06-23,2025,6,June,2,26,0,Monday,23,0,2025-06,0,0,0
2025-06-24,2025,6,June,2,26,1,Tuesday,24,0,2025-06,0,0,0
2025-06-25,2025,6,June,2,26,2,Wednesday,25,0,2025-06,0,0,0
2025-06-26,2025,6,June,2,26,3,Thursday,26,0,2025-06,0,0,0
2025-06-27,2025,6,June,2,26,4,Friday,27,0,2025-06,0,0,0
2025-06-28,2025,6,June,2,26,5,Saturday,28,1,2025-06,0,0,0
2025-06-29,2025,6,June,2,26,6,Sunday,29,1,2025-06,0,0,0
2025-06-30,2025,6,June,2,27,0,Monday,30,0,2025-06,0,0,0
2025-07-01,2025,7,July,3,27,1,Tuesday,1,0,2025-07,0,0,0
2025-07-02,2025,7,July,3,27,2,Wednesday,2,0,2025-07,0,0,0
2025-07-03,2025,7,July,3,27,3,Thursday,3,0,2025-07,0,0,0
2025-07-04,2025,7,July,3,27,4,Friday,4,0,2025-07,0,0,0
2025-07-05,2025,7,July,3,27,5,Saturday,5,1,2025-07,0,0,0
2025-07-06,2025,7,July,3,27,6,Sunday,6,1,2025-07,0,0,0
2025-07-07,2025,7,July,3,28,0,Monday,7,0,2025-07,0,0,0
2025-07-08,2025,7,July,3,28,1,Tuesday,8,0,2025-07,0,0,0
2025-07-09,2025,7,July,3,28,2,Wednesday,9,0,2025-07,0,0,0
2025-07-10,2025,7,July,3,28,3,Thursday,10,0,2025-07,0,0,0
2025-07-11,2025,7,July,3,28,4,Friday,11,0,2025-07,0,0,0
2025-07-12,2025,7,July,3,28,5,Saturday,12,1,2025-07,0,0,0
2025-07-13,2025,7,July,3,28,6,Sunday,13,1,2025-07,0,0,0
2025-07-14,2025,7,July,3,29,0,Monday,14,0,2025-07,0,0,0
2025-07-15,2025,7,July,3,29,1,Tuesday,15,0,2025-07,0,0,0
2025-07-16,2025,7,July,3,29,2,Wednesday,16,0,2025-07,0,0,0
2025-07-17,2025,7,July,3,29,3,Thursday,17,0,2025-07,0,0,0
2025-07-18,2025,7,July,3,29,4,Friday,18,0,2025-07,0,0,0
2025-07-19,2025,7,July,3,29,5,Saturday,19,1,2025-07,0,0,0
2025-07-20,2025,7,July,3,29,6,Sunday,20,1,2025-07,0,0,0
2025-07-21,2025,7,July,3,30,0,Monday,21,0,2025-07,0,0,0
2025-07-22,2025,7,July,3,30,1,Tuesday,22,0,2025-07,0,0,0
2025-07-23,2025,7,July,3,30,2,Wednesday,23,0,2025-07,0,0,0
2025-07-24,2025,7,July,3,30,3,Thursday,24,0,2025-07,0,0,0
2025-07-25,2025,7,July,3,30,4,Friday,25,0,2025-07,0,0,0
2025-07-26,2025,7,July,3,30,5,Saturday,26,1,2025-07,0,0,0
2025-07-27,2025,7,July,3,30,6,Sunday,27,1,2025-07,0,0,0
2025-07-28,2025,7,July,3,31,0,Monday,28,0,2025-07,0,0,0
2025-07-29,2025,7,July,3,31,1,Tuesday,29,0,2025-07,0,0,0
2025-07-30,2025,7,July,3,31,2,Wednesday,30,0,2025-07,0,0,0
2025-07-31,2025,7,July,3,31,3,Thursday,31,0,2025-07,0,0,0
2025-08-01,2025,8,August,3,31,4,Friday,1,0,2025-08,1,0,0
2025-08-02,2025,8,August,3,31,5,Saturday,2,1,2025-08,1,0,0
2025-08-03,2025,8,August,3,31,6,Sunday,3,1,2025-08,1,0,0
2025-08-04,2025,8,August,3,32,0,Monday,4,0,2025-08,1,0,0
2025-08-05,2025,8,August,3,32,1,Tuesday,5,0,2025-08,1,0,0
2025-08-06,2025,8,August,3,32,2,Wednesday,6,0,2025-08,1,0,0
2025-08-07,2025,8,August,3,32,3,Thursday,7,0,2025-08,1,0,0
2025-08-08,2025,8,August,3,32,4,Friday,8,0,2025-08,1,0,0
2025-08-09,2025,8,August,3,32,5,Saturday,9,1,2025-08,1,0,0
2025-08-10,2025,8,August,3,32,6,Sunday,10,1,2025-08,1,0,0
2025-08-11,2025,8,August,3,33,0,Monday,11,0,2025-08,1,0,0
2025-08-12,2025,8,August,3,33,1,Tuesday,12,0,2025-08,1,0,0
2025-08-13,2025,8,August,3,33,2,Wednesday,13,0,2025-08,1,0,0
2025-08-14,2025,8,August,3,33,3,Thursday,14,0,2025-08,1,0,0
2025-08-15,2025,8,August,3,33,4,Friday,15,0,2025-08,1,0,0
2025-08-16,2025,8,August,3,33,5,Saturday,16,1,2025-08,1,0,0
2025-08-17,2025,8,August,3,33,6,Sunday,17,1,2025-08,1,0,0
2025-08-18,2025,8,August,3,34,0,Monday,18,0,2025-08,1,0,0
2025-08-19,2025,8,August,3,34,1,Tuesday,19,0,2025-08,1,0,0
2025-08-20,2025,8,August,3,34,2,Wednesday,20,0,2025-08,1,0,0
2025-08-21,2025,8,August,3,34,3,Thursday,21,0,2025-08,1,0,0
2025-08-22,2025,8,August,3,34,4,Friday,22,0,2025-08,1,0,0
2025-08-23,2025,8,August,3,34,5,Saturday,23,1,2025-08,1,0,0
2025-08-24,2025,8,August,3,34,6,Sunday,24,1,2025-08,1,0,0
2025-08-25,2025,8,August,3,35,0,Monday,25,0,2025-08,1,0,0
2025-08-26,2025,8,August,3,35,1,Tuesday,26,0,2025-08,1,0,0
2025-08-27,2025,8,August,3,35,2,Wednesday,27,0,2025-08,1,0,0
2025-08-28,2025,8,August,3,35,3,Thursday,28,0,2025-08,1,0,0
2025-08-29,2025,8,August,3,35,4,Friday,29,0,2025-08,1,0,0
2025-08-30,2025,8,August,3,35,5,Saturday,30,1,2025-08,1,0,0
2025-08-31,2025,8,August,3,35,6,Sunday,31,1,2025-08,1,0,0
2025-09-01,2025,9,September,3,36,0,Monday,1,0,2025-09,1,0,0
2025-09-02,2025,9,September,3,36,1,Tuesday,2,0,2025-09,1,0,0
2025-09-03,2025,9,September,3,36,2,Wednesday,3,0,2025-09,1,0,0
2025-09-04,2025,9,September,3,36,3,Thursday,4,0,2025-09,1,0,0
2025-09-05,2025,9,September,3,36,4,Friday,5,0,2025-09,1,0,0
2025-09-06,2025,9,September,3,36,5,Saturday,6,1,2025-09,1,0,0
2025-09-07,2025,9,September,3,36,6,Sunday,7,1,2025-09,1,0,0
2025-09-08,2025,9,September,3,37,0,Monday,8,0,2025-09,1,0,0
2025-09-09,2025,9,September,3,37,1,Tuesday,9,0,2025-09,1,0,0
2025-09-10,2025,9,September,3,37,2,Wednesday,10,0,2025-09,1,0,0
2025-09-11,2025,9,September,3,37,3,Thursday,11,0,2025-09,1,0,0
2025-09-12,2025,9,September,3,37,4,Friday,12,0,2025-09,1,0,0
2025-09-13,2025,9,September,3,37,5,Saturday,13,1,2025-09,1,0,0
2025-09-14,2025,9,September,3,37,6,Sunday,14,1,2025-09,1,0,0
2025-09-15,2025,9,September,3,38,0,Monday,15,0,2025-09,1,0,0
2025-09-16,2025,9,September,3,38,1,Tuesday,16,0,2025-09,1,0,0
2025-09-17,2025,9,September,3,38,2,Wednesday,17,0,2025-09,1,0,0
2025-09-18,2025,9,September,3,38,3,Thursday,18,0,2025-09,1,0,0
2025-09-19,2025,9,September,3,38,4,Friday,19,0,2025-09,1,0,0
2025-09-20,2025,9,September,3,38,5,Saturday,20,1,2025-09,1,0,0
2025-09-21,2025,9,September,3,38,6,Sunday,21,1,2025-09,1,0,0
2025-09-22,2025,9,September,3,39,0,Monday,22,0,2025-09,1,0,0
2025-09-23,2025,9,September,3,39,1,Tuesday,23,0,2025-09,1,0,0
2025-09-24,2025,9,September,3,39,2,Wednesday,24,0,2025-09,1,0,0
2025-09-25,2025,9,September,3,39,3,Thursday,25,0,2025-09,1,0,0
2025-09-26,2025,9,September,3,39,4,Friday,26,0,2025-09,1,0,0
2025-09-27,2025,9,September,3,39,5,Saturday,27,1,2025-09,1,0,0
2025-09-28,2025,9,September,3,39,6,Sunday,28,1,2025-09,1,0,0
2025-09-29,2025,9,September,3,40,0,Monday,29,0,2025-09,1,0,0
2025-09-30,2025,9,September,3,40,1,Tuesday,30,0,2025-09,1,0,0
2025-10-01,2025,10,October,4,40,2,Wednesday,1,0,2025-10,0,1,0
2025-10-02,2025,10,October,4,40,3,Thursday,2,0,2025-10,0,1,0
2025-10-03,2025,10,October,4,40,4,Friday,3,0,2025-10,0,1,0
2025-10-04,2025,10,October,4,40,5,Saturday,4,1,2025-10,0,1,0
2025-10-05,2025,10,October,4,40,6,Sunday,5,1,2025-10,0,1,0
2025-10-06,2025,10,October,4,41,0,Monday,6,0,2025-10,0,1,0
2025-10-07,2025,10,October,4,41,1,Tuesday,7,0,2025-10,0,1,0
2025-10-08,2025,10,October,4,41,2,Wednesday,8,0,2025-10,0,1,0
2025-10-09,2025,10,October,4,41,3,Thursday,9,0,2025-10,0,1,0
2025-10-10,2025,10,October,4,41,4,Friday,10,0,2025-10,0,1,0
2025-10-11,2025,10,October,4,41,5,Saturday,11,1,2025-10,0,1,0
2025-10-12,2025,10,October,4,41,6,Sunday,12,1,2025-10,0,1,0
2025-10-13,2025,10,October,4,42,0,Monday,13,0,2025-10,0,1,0
2025-10-14,2025,10,October,4,42,1,Tuesday,14,0,2025-10,0,1,0
2025-10-15,2025,10,October,4,42,2,Wednesday,15,0,2025-10,0,1,0
2025-10-16,2025,10,October,4,42,3,Thursday,16,0,2025-10,0,1,0
2025-10-17,2025,10,October,4,42,4,Friday,17,0,2025-10,0,1,0
2025-10-18,2025,10,October,4,42,5,Saturday,18,1,2025-10,0,1,0
2025-10-19,2025,10,October,4,42,6,Sunday,19,1,2025-10,0,1,0
2025-10-20,2025,10,October,4,43,0,Monday,20,0,2025-10,0,1,0
2025-10-21,2025,10,October,4,43,1,Tuesday,21,0,2025-10,0,1,0
2025-10-22,2025,10,October,4,43,2,Wednesday,22,0,2025-10,0,1,0
2025-10-23,2025,10,October,4,43,3,Thursday,23,0,2025-10,0,1,0
2025-10-24,2025,10,October,4,43,4,Friday,24,0,2025-10,0,1,0
2025-10-25,2025,10,October,4,43,5,Saturday,25,1,2025-10,0,1,0
2025-10-26,2025,10,October,4,43,6,Sunday,26,1,2025-10,0,1,0
2025-10-27,2025,10,October,4,44,0,Monday,27,0,2025-10,0,1,0
2025-10-28,2025,10,October,4,44,1,Tuesday,28,0,2025-10,0,1,0
2025-10-29,2025,10,October,4,44,2,Wednesday,29,0,2025-10,0,1,0
2025-10-30,2025,10,October,4,44,3,Thursday,30,0,2025-10,0,1,0
2025-10-31,2025,10,October,4,44,4,Friday,31,0,2025-10,0,1,0
2025-11-01,2025,11,November,4,44,5,Saturday,1,1,2025-11,0,1,1
2025-11-02,2025,11,November,4,44,6,Sunday,2,1,2025-11,0,1,1
2025-11-03,2025,11,November,4,45,0,Monday,3,0,2025-11,0,1,1
2025-11-04,2025,11,November,4,45,1,Tuesday,4,0,2025-11,0,1,1
2025-11-05,2025,11,November,4,45,2,Wednesday,5,0,2025-11,0,1,1
2025-11-06,2025,11,November,4,45,3,Thursday,6,0,2025-11,0,1,1
2025-11-07,2025,11,November,4,45,4,Friday,7,0,2025-11,0,1,1
2025-11-08,2025,11,November,4,45,5,Saturday,8,1,2025-11,0,1,1
2025-11-09,2025,11,November,4,45,6,Sunday,9,1,2025-11,0,1,1
2025-11-10,2025,11,November,4,46,0,Monday,10,0,2025-11,0,1,1
2025-11-11,2025,11,November,4,46,1,Tuesday,11,0,2025-11,0,1,1
2025-11-12,2025,11,November,4,46,2,Wednesday,12,0,2025-11,0,1,1
2025-11-13,2025,11,November,4,46,3,Thursday,13,0,2025-11,0,1,1
2025-11-14,2025,11,November,4,46,4,Friday,14,0,2025-11,0,1,1
2025-11-15,2025,11,November,4,46,5,Saturday,15,1,2025-11,0,1,1
2025-11-16,2025,11,November,4,46,6,Sunday,16,1,2025-11,0,1,1
2025-11-17,2025,11,November,4,47,0,Monday,17,0,2025-11,0,1,1
2025-11-18,2025,11,November,4,47,1,Tuesday,18,0,2025-11,0,1,1
2025-11-19,2025,11,November,4,47,2,Wednesday,19,0,2025-11,0,1,1
2025-11-20,2025,11,November,4,47,3,Thursday,20,0,2025-11,0,1,1
2025-11-21,2025,11,November,4,47,4,Friday,21,0,2025-11,0,1,1
2025-11-22,2025,11,November,4,47,5,Saturday,22,1,2025-11,0,1,1
2025-11-23,2025,11,November,4,47,6,Sunday,23,1,2025-11,0,1,1
2025-11-24,2025,11,November,4,48,0,Monday,24,0,2025-11,0,1,1
2025-11-25,2025,11,November,4,48,1,Tuesday,25,0,2025-11,0,1,1
2025-11-26,2025,11,November,4,48,2,Wednesday,26,0,2025-11,0,1,1
2025-11-27,2025,11,November,4,48,3,Thursday,27,0,2025-11,0,1,1
2025-11-28,2025,11,November,4,48,4,Friday,28,0,2025-11,0,1,1
2025-11-29,2025,11,November,4,48,5,Saturday,29,1,2025-11,0,1,1
2025-11-30,2025,11,November,4,48,6,Sunday,30,1,2025-11,0,1,1
2025-12-01,2025,12,December,4,49,0,Monday,1,0,2025-12,0,0,1
2025-12-02,2025,12,December,4,49,1,Tuesday,2,0,2025-12,0,0,1
2025-12-03,2025,12,December,4,49,2,Wednesday,3,0,2025-12,0,0,1
2025-12-04,2025,12,December,4,49,3,Thursday,4,0,2025-12,0,0,1
2025-12-05,2025,12,December,4,49,4,Friday,5,0,2025-12,0,0,1
2025-12-06,2025,12,December,4,49,5,Saturday,6,1,2025-12,0,0,1
2025-12-07,2025,12,December,4,49,6,Sunday,7,1,2025-12,0,0,1
2025-12-08,2025,12,December,4,50,0,Monday,8,0,2025-12,0,0,1
2025-12-09,2025,12,December,4,50,1,Tuesday,9,0,2025-12,0,0,1
2025-12-10,2025,12,December,4,50,2,Wednesday,10,0,2025-12,0,0,1
2025-12-11,2025,12,December,4,50,3,Thursday,11,0,2025-12,0,0,1
2025-12-12,2025,12,December,4,50,4,Friday,12,0,2025-12,0,0,1
2025-12-13,2025,12,December,4,50,5,Saturday,13,1,2025-12,0,0,1
2025-12-14,2025,12,December,4,50,6,Sunday,14,1,2025-12,0,0,1
2025-12-15,2025,12,December,4,51,0,Monday,15,0,2025-12,0,0,1
2025-12-16,2025,12,December,4,51,1,Tuesday,16,0,2025-12,0,0,1
2025-12-17,2025,12,December,4,51,2,Wednesday,17,0,2025-12,0,0,1
2025-12-18,2025,12,December,4,51,3,Thursday,18,0,2025-12,0,0,1
2025-12-19,2025,12,December,4,51,4,Friday,19,0,2025-12,0,0,1
2025-12-20,2025,12,December,4,51,5,Saturday,20,1,2025-12,0,0,1
2025-12-21,2025,12,December,4,51,6,Sunday,21,1,2025-12,0,0,1
2025-12-22,2025,12,December,4,52,0,Monday,22,0,2025-12,0,0,1
2025-12-23,2025,12,December,4,52,1,Tuesday,23,0,2025-12,0,0,1
2025-12-24,2025,12,December,4,52,2,Wednesday,24,0,2025-12,0,0,1
2025-12-25,2025,12,December,4,52,3,Thursday,25,0,2025-12,0,0,1
2025-12-26,2025,12,December,4,52,4,Friday,26,0,2025-12,0,0,1
2025-12-27,2025,12,December,4,52,5,Saturday,27,1,2025-12,0,0,1
2025-12-28,2025,12,December,4,52,6,Sunday,28,1,2025-12,0,0,1
2025-12-29,2025,12,December,4,1,0,Monday,29,0,2025-12,0,0,1
2025-12-30,2025,12,December,4,1,1,Tuesday,30,0,2025-12,0,0,1
2025-12-31,2025,12,December,4,1,2,Wednesday,31,0,2025-12,0,0,1
2026-01-01,2026,1,January,1,1,3,Thursday,1,0,2026-01,0,0,1
2026-01-02,2026,1,January,1,1,4,Friday,2,0,2026-01,0,0,1
2026-01-03,2026,1,January,1,1,5,Saturday,3,1,2026-01,0,0,1
2026-01-04,2026,1,January,1,1,6,Sunday,4,1,2026-01,0,0,1
2026-01-05,2026,1,January,1,2,0,Monday,5,0,2026-01,0,0,1
2026-01-06,2026,1,January,1,2,1,Tuesday,6,0,2026-01,0,0,1
2026-01-07,2026,1,January,1,2,2,Wednesday,7,0,2026-01,0,0,1
2026-01-08,2026,1,January,1,2,3,Thursday,8,0,2026-01,0,0,1
2026-01-09,2026,1,January,1,2,4,Friday,9,0,2026-01,0,0,1
2026-01-10,2026,1,January,1,2,5,Saturday,10,1,2026-01,0,0,1
2026-01-11,2026,1,January,1,2,6,Sunday,11,1,2026-01,0,0,1
2026-01-12,2026,1,January,1,3,0,Monday,12,0,2026-01,0,0,1
2026-01-13,2026,1,January,1,3,1,Tuesday,13,0,2026-01,0,0,1
2026-01-14,2026,1,January,1,3,2,Wednesday,14,0,2026-01,0,0,1
2026-01-15,2026,1,January,1,3,3,Thursday,15,0,2026-01,0,0,1
2026-01-16,2026,1,January,1,3,4,Friday,16,0,2026-01,0,0,1
2026-01-17,2026,1,January,1,3,5,Saturday,17,1,2026-01,0,0,1
2026-01-18,2026,1,January,1,3,6,Sunday,18,1,2026-01,0,0,1
2026-01-19,2026,1,January,1,4,0,Monday,19,0,2026-01,0,0,1
2026-01-20,2026,1,January,1,4,1,Tuesday,20,0,2026-01,0,0,1
2026-01-21,2026,1,January,1,4,2,Wednesday,21,0,2026-01,0,0,1
2026-01-22,2026,1,January,1,4,3,Thursday,22,0,2026-01,0,0,1
2026-01-23,2026,1,January,1,4,4,Friday,23,0,2026-01,0,0,1
2026-01-24,2026,1,January,1,4,5,Saturday,24,1,2026-01,0,0,1
2026-01-25,2026,1,January,1,4,6,Sunday,25,1,2026-01,0,0,1
2026-01-26,2026,1,January,1,5,0,Monday,26,0,2026-01,0,0,1
2026-01-27,2026,1,January,1,5,1,Tuesday,27,0,2026-01,0,0,1
2026-01-28,2026,1,January,1,5,2,Wednesday,28,0,2026-01,0,0,1
2026-01-29,2026,1,January,1,5,3,Thursday,29,0,2026-01,0,0,1
2026-01-30,2026,1,January,1,5,4,Friday,30,0,2026-01,0,0,1
2026-01-31,2026,1,January,1,5,5,Saturday,31,1,2026-01,0,0,1
