produit_id,date,qte_prevue,modele_utilise,intervalle_confiance_bas,intervalle_confiance_haut
P0023,2025-08-01,18.90621851106942,lstm,16.070285734409005,21.74215128772983
P0023,2025-09-01,14.189374763326336,lstm,12.060968548827386,16.317780977825286
P0023,2025-10-01,21.340793007559228,lstm,18.139674056425346,24.54191195869311
P0023,2025-11-01,9.24569798209225,lstm,7.858843284778412,10.632552679406086
P0023,2025-12-01,22.890637850902344,lstm,19.45704217326699,26.324233528537693
P0023,2026-01-01,11.0633055463619,lstm,9.403809714407616,12.722801378316186
P0024,2025-08-01,8.497841341894384,lstm,7.223165140610226,9.77251754317854
P0024,2025-09-01,2.6691074180042325,lstm,2.2687413053035974,3.069473530704867
P0024,2025-10-01,13.467297171942324,lstm,11.447202596150976,15.487391747733673
P0024,2025-11-01,31.69091533870874,lstm,26.93727803790243,36.44455263951505
P0024,2025-12-01,23.02695832538304,lstm,19.57291457657558,26.48100207419049
P0024,2026-01-01,22.33334152287264,lstm,18.983340294441746,25.68334275130353
P0105,2025-08-01,21.967942583878514,lstm,18.672751196296737,25.263133971460288
P0105,2025-09-01,20.41484197276097,lstm,17.352615676846828,23.47706826867512
P0105,2025-10-01,10.625816226441902,lstm,9.031943792475616,12.219688660408186
P0105,2025-11-01,21.67827553912239,lstm,18.42653420825403,24.930016869990745
P0105,2025-12-01,14.235902536454615,lstm,12.100517155986422,16.371287916922807
P0105,2026-01-01,18.62445805371731,lstm,15.830789345659712,21.418126761774904
P0021,2025-08-01,0.0,obsolete,0.0,0.0
P0021,2025-09-01,0.0,obsolete,0.0,0.0
P0021,2025-10-01,0.0,obsolete,0.0,0.0
P0021,2025-11-01,0.0,obsolete,0.0,0.0
P0021,2025-12-01,0.0,obsolete,0.0,0.0
P0021,2026-01-01,0.0,obsolete,0.0,0.0
P0110,2025-08-01,7.025573754742739,lstm,5.971737691531328,8.079409817954149
P0110,2025-09-01,0.0,lstm,0.0,0.0
P0110,2025-10-01,9.192414215610793,lstm,7.813552083269173,10.571276347952413
P0110,2025-11-01,2.2763406020288897,lstm,1.934889511724556,2.6177916923332227
P0110,2025-12-01,7.6226051641926516,lstm,6.4792143895637535,8.765995938821549
P0110,2026-01-01,0.0,lstm,0.0,0.0
P0025,2025-08-01,9.413365816525785,lstm,8.001360944046915,10.82537068900465
P0025,2025-09-01,0.0,lstm,0.0,0.0
P0025,2025-10-01,0.0,lstm,0.0,0.0
P0025,2025-11-01,0.0,lstm,0.0,0.0
P0025,2025-12-01,0.0,lstm,0.0,0.0
P0025,2026-01-01,0.0,lstm,0.0,0.0
P0104,2025-08-01,26.123074777819618,lstm,22.20461356114668,30.04153599449256
P0104,2025-09-01,17.787631469778944,lstm,15.119486749312102,20.455776190245786
P0104,2025-10-01,13.354621647660505,lstm,11.351428400511429,15.35781489480958
P0104,2025-11-01,15.432988233526036,lstm,13.11803999849713,17.74793646855494
P0104,2025-12-01,15.633470656353955,lstm,13.288450057900864,17.97849125480705
P0104,2026-01-01,25.862248035096613,lstm,21.98291082983212,29.741585240361104
P0080,2025-08-01,7.105298596299338,lstm,6.039503806854437,8.17109338574424
P0080,2025-09-01,9.810817677386904,lstm,8.339195025778869,11.28244032899494
P0080,2025-10-01,7.357440419374809,lstm,6.253824356468588,8.46105648228103
P0080,2025-11-01,9.246901771243085,lstm,7.85986650555662,10.633937036929543
P0080,2025-12-01,11.633311721088646,lstm,9.888314962925348,13.378308479251942
P0080,2026-01-01,8.200790009168548,lstm,6.9706715077932655,9.43090851054383
P0020,2025-08-01,0.0,obsolete,0.0,0.0
P0020,2025-09-01,0.0,obsolete,0.0,0.0
P0020,2025-10-01,0.0,obsolete,0.0,0.0
P0020,2025-11-01,0.0,obsolete,0.0,0.0
P0020,2025-12-01,0.0,obsolete,0.0,0.0
P0020,2026-01-01,0.0,obsolete,0.0,0.0
P0017,2025-08-01,0.0,obsolete,0.0,0.0
P0017,2025-09-01,0.0,obsolete,0.0,0.0
P0017,2025-10-01,0.0,obsolete,0.0,0.0
P0017,2025-11-01,0.0,obsolete,0.0,0.0
P0017,2025-12-01,0.0,obsolete,0.0,0.0
P0017,2026-01-01,0.0,obsolete,0.0,0.0
P0094,2025-08-01,11.331178757093724,lstm,9.631501943529663,13.03085557065778
P0094,2025-09-01,11.096133389933009,lstm,9.431713381443055,12.760553398422958
P0094,2025-10-01,6.846070245523053,lstm,5.8191597086945945,7.87298078235151
P0094,2025-11-01,10.705454601243186,lstm,9.099636411056707,12.311272791429664
P0094,2025-12-01,0.0,lstm,0.0,0.0
P0094,2026-01-01,10.926854030111471,lstm,9.28782592559475,12.565882134628191
P0043,2025-08-01,12.412275398443535,lstm,10.550434088677004,14.274116708210064
P0043,2025-09-01,0.0,lstm,0.0,0.0
P0043,2025-10-01,0.7529196196153833,lstm,0.6399816766730758,0.8658575625576908
P0043,2025-11-01,7.852064979297497,lstm,6.6742552324028726,9.02987472619212
P0043,2025-12-01,3.936064425528558,lstm,3.3456547616992744,4.5264740893578415
P0043,2026-01-01,6.2755704315258765,lstm,5.3342348667969945,7.216905996254757
P0037,2025-08-01,13.313671229853304,lstm,11.316620545375308,15.310721914331298
P0037,2025-09-01,6.214728823883368,lstm,5.282519500300863,7.146938147465872
P0037,2025-10-01,3.046060624944343,lstm,2.589151531202692,3.5029697186859945
P0037,2025-11-01,2.9421694611142843,lstm,2.5008440419471416,3.383494880281426
P0037,2025-12-01,0.1839173646238801,lstm,0.156329759930298,0.211504969317462
P0037,2026-01-01,4.274957769114675,lstm,3.6337141037474736,4.916201434481875
P0051,2025-08-01,0.0,lstm,0.0,0.0
P0051,2025-09-01,0.0,lstm,0.0,0.0
P0051,2025-10-01,0.0,lstm,0.0,0.0
P0051,2025-11-01,0.0,lstm,0.0,0.0
P0051,2025-12-01,0.0,lstm,0.0,0.0
P0051,2026-01-01,0.0,lstm,0.0,0.0
P0014,2025-08-01,39.23891222609661,lstm,33.35307539218212,45.1247490600111
P0014,2025-09-01,55.04586730249786,lstm,46.78898720712318,63.30274739787254
P0014,2025-10-01,46.47795499835879,lstm,39.50626174860497,53.4496482481126
P0014,2025-11-01,44.39819200113404,lstm,37.73846320096393,51.057920801304135
P0014,2025-12-01,51.9637583760931,lstm,44.16919461967913,59.758322132507054
P0014,2026-01-01,42.74251441174015,lstm,36.33113724997912,49.15389157350116
P0016,2025-08-01,34.61688397797649,lstm,29.42435138128002,39.809416574672966
P0016,2025-09-01,16.29155710566252,lstm,13.847823539813142,18.735290671511898
P0016,2025-10-01,37.81948926982543,lstm,32.14656587935161,43.49241266029924
P0016,2025-11-01,2.184496607202547,lstm,1.856822116122165,2.512171098282929
P0016,2025-12-01,18.38746573298295,lstm,15.629345873035506,21.14558559293039
P0016,2026-01-01,14.762076923719594,lstm,12.547765385161654,16.97638846227753
P0073,2025-08-01,0.0,obsolete,0.0,0.0
P0073,2025-09-01,0.0,obsolete,0.0,0.0
P0073,2025-10-01,0.0,obsolete,0.0,0.0
P0073,2025-11-01,0.0,obsolete,0.0,0.0
P0073,2025-12-01,0.0,obsolete,0.0,0.0
P0073,2026-01-01,0.0,obsolete,0.0,0.0
P0107,2025-08-01,2.1198947607799963,lstm,1.8019105466629968,2.437878974896996
P0107,2025-09-01,1.817367217914994,lstm,1.544762135227745,2.089972300602243
P0107,2025-10-01,0.0,lstm,0.0,0.0
P0107,2025-11-01,3.565422879860792,lstm,3.030609447881673,4.100236311839911
P0107,2025-12-01,11.82518044450471,lstm,10.051403377829002,13.598957511180416
P0107,2026-01-01,0.0,lstm,0.0,0.0
P0192,2025-08-01,15.205939702729257,lstm,12.925048747319869,17.486830658138643
P0192,2025-09-01,3.8167278860256784,lstm,3.2442187031218266,4.38923706892953
P0192,2025-10-01,12.051151063050852,lstm,10.243478403593224,13.85882372250848
P0192,2025-11-01,1.715127550844929,lstm,1.4578584182181895,1.972396683471668
P0192,2025-12-01,2.2827723999217806,lstm,1.9403565399335132,2.625188259910048
P0192,2026-01-01,12.283072312530203,lstm,10.440611465650672,14.125533159409732
P0002,2025-08-01,0.0,obsolete,0.0,0.0
P0002,2025-09-01,0.0,obsolete,0.0,0.0
P0002,2025-10-01,0.0,obsolete,0.0,0.0
P0002,2025-11-01,0.0,obsolete,0.0,0.0
P0002,2025-12-01,0.0,obsolete,0.0,0.0
P0002,2026-01-01,0.0,obsolete,0.0,0.0
P0072,2025-08-01,8.125005748932566,lstm,6.906254886592681,9.34375661127245
P0072,2025-09-01,4.818936108407625,lstm,4.0960956921464815,5.5417765246687685
P0072,2025-10-01,3.651216968588326,lstm,3.103534423300077,4.198899513876574
P0072,2025-11-01,7.820999314171004,lstm,6.647849417045354,8.994149211296655
P0072,2025-12-01,7.359356621548946,lstm,6.255453128316604,8.463260114781287
P0072,2026-01-01,8.759205753244494,lstm,7.44532489025782,10.073086616231167
P0091,2025-08-01,7.243208387269531,lstm,6.156727129179101,8.32968964535996
P0091,2025-09-01,2.35085407616246,lstm,1.9982259647380909,2.7034821875868285
P0091,2025-10-01,6.303932085138973,lstm,5.358342272368127,7.249521897909818
P0091,2025-11-01,4.085567865284521,lstm,3.4727326854918426,4.698403045077199
P0091,2025-12-01,0.0,lstm,0.0,0.0
P0091,2026-01-01,1.8448556098354127,lstm,1.5681272683601009,2.1215839513107246
P0098,2025-08-01,24.424352837487863,lstm,20.760699911864688,28.088005763111045
P0098,2025-09-01,16.953225036598596,lstm,14.410241281108808,19.496208792088385
P0098,2025-10-01,7.849096240288083,lstm,6.67173180424487,9.026460676331295
P0098,2025-11-01,7.356027568195809,lstm,6.252623432966438,8.45943170342518
P0098,2025-12-01,13.717740242111622,lstm,11.66007920579488,15.775401278428363
P0098,2026-01-01,4.067424729457832,lstm,3.457311020039157,4.677538438876506
P0115,2025-08-01,16.333051963187938,lstm,13.883094168709746,18.783009757666125
P0115,2025-09-01,12.394854775627412,lstm,10.5356265592833,14.254082991971522
P0115,2025-10-01,14.139828477004553,lstm,12.01885420545387,16.260802748555236
P0115,2025-11-01,21.25449648292684,lstm,18.066322010487813,24.442670955365863
P0115,2025-12-01,9.56630987383312,lstm,8.131363392758152,11.001256354908088
P0115,2026-01-01,11.449125359456868,lstm,9.731756555538338,13.166494163375395
P0092,2025-08-01,7.590336195252644,lstm,6.451785765964747,8.72888662454054
P0092,2025-09-01,0.0,lstm,0.0,0.0
P0092,2025-10-01,1.8796128027276413,lstm,1.597670882318495,2.1615547231367875
P0092,2025-11-01,0.7293355840248974,lstm,0.6199352464211628,0.838735921628632
P0092,2025-12-01,8.307630223258556,lstm,7.061485689769772,9.55377475674734
P0092,2026-01-01,0.0,lstm,0.0,0.0
P0078,2025-08-01,4.260654563111981,lstm,3.621556378645184,4.899752747578778
P0078,2025-09-01,9.404678667672602,lstm,7.993976867521711,10.815380467823491
P0078,2025-10-01,0.0,lstm,0.0,0.0
P0078,2025-11-01,3.0711528908469337,lstm,2.6104799572198933,3.531825824473973
P0078,2025-12-01,1.971122260990644,lstm,1.6754539218420474,2.2667906001392404
P0078,2026-01-01,5.550127013223812,lstm,4.71760796124024,6.382646065207384
P0088,2025-08-01,5.1520092961360335,lstm,4.3792079017156285,5.924810690556438
P0088,2025-09-01,0.0,lstm,0.0,0.0
P0088,2025-10-01,7.425500118757808,lstm,6.311675100944137,8.53932513657148
P0088,2025-11-01,0.4771981512865199,lstm,0.4056184285935419,0.5487778739794978
P0088,2025-12-01,2.442236273627674,lstm,2.075900832583523,2.808571714671825
P0088,2026-01-01,5.318191583948171,lstm,4.5204628463559455,6.115920321540396
P0069,2025-08-01,0.0,obsolete,0.0,0.0
P0069,2025-09-01,0.0,obsolete,0.0,0.0
P0069,2025-10-01,0.0,obsolete,0.0,0.0
P0069,2025-11-01,0.0,obsolete,0.0,0.0
P0069,2025-12-01,0.0,obsolete,0.0,0.0
P0069,2026-01-01,0.0,obsolete,0.0,0.0
P0190,2025-08-01,4.144817325907132,lstm,3.5230947270210624,4.766539924793202
P0190,2025-09-01,1.1423456610247469,lstm,0.9709938118710346,1.3136975101784585
P0190,2025-10-01,6.476979552894537,lstm,5.505432619960357,7.448526485828717
P0190,2025-11-01,4.839948476311788,lstm,4.11395620486502,5.565940747758556
P0190,2025-12-01,0.0,lstm,0.0,0.0
P0190,2026-01-01,5.193448707365114,lstm,4.414431401260347,5.972466013469881
P0015,2025-08-01,6.664763016571708,croston_sba,5.331810413257367,7.9977156198860495
P0015,2025-09-01,6.664763016571708,croston_sba,5.331810413257367,7.9977156198860495
P0015,2025-10-01,6.664763016571708,croston_sba,5.331810413257367,7.9977156198860495
P0015,2025-11-01,6.664763016571708,croston_sba,5.331810413257367,7.9977156198860495
P0015,2025-12-01,6.664763016571708,croston_sba,5.331810413257367,7.9977156198860495
P0015,2026-01-01,6.664763016571708,croston_sba,5.331810413257367,7.9977156198860495
P0068,2025-08-01,1.728077865695536,lstm,1.4688661858412055,1.9872895455498665
P0068,2025-09-01,1.493267894631258,lstm,1.2692777104365691,1.7172580788259466
P0068,2025-10-01,0.0,lstm,0.0,0.0
P0068,2025-11-01,1.1165358222721644,lstm,0.9490554489313398,1.284016195612989
P0068,2025-12-01,3.5534290485679034,lstm,3.020414691282718,4.086443405853089
P0068,2026-01-01,0.0,lstm,0.0,0.0
P0046,2025-08-01,3.501788841140121,lstm,2.9765205149691027,4.027057167311139
P0046,2025-09-01,3.6654175572274577,lstm,3.115604923643339,4.215230190811576
P0046,2025-10-01,8.410679597027919,lstm,7.149077657473731,9.672281536582105
P0046,2025-11-01,2.5255340757315743,lstm,2.146703964371838,2.90436418709131
P0046,2025-12-01,5.413165027579122,lstm,4.601190273442254,6.22513978171599
P0046,2026-01-01,6.252675538266133,lstm,5.314774207526213,7.190576869006052
P0004,2025-08-01,0.0,obsolete,0.0,0.0
P0004,2025-09-01,0.0,obsolete,0.0,0.0
P0004,2025-10-01,0.0,obsolete,0.0,0.0
P0004,2025-11-01,0.0,obsolete,0.0,0.0
P0004,2025-12-01,0.0,obsolete,0.0,0.0
P0004,2026-01-01,0.0,obsolete,0.0,0.0
P0013,2025-08-01,0.0,obsolete,0.0,0.0
P0013,2025-09-01,0.0,obsolete,0.0,0.0
P0013,2025-10-01,0.0,obsolete,0.0,0.0
P0013,2025-11-01,0.0,obsolete,0.0,0.0
P0013,2025-12-01,0.0,obsolete,0.0,0.0
P0013,2026-01-01,0.0,obsolete,0.0,0.0
P0012,2025-08-01,0.0,obsolete,0.0,0.0
P0012,2025-09-01,0.0,obsolete,0.0,0.0
P0012,2025-10-01,0.0,obsolete,0.0,0.0
P0012,2025-11-01,0.0,obsolete,0.0,0.0
P0012,2025-12-01,0.0,obsolete,0.0,0.0
P0012,2026-01-01,0.0,obsolete,0.0,0.0
P0008,2025-08-01,0.0,obsolete,0.0,0.0
P0008,2025-09-01,0.0,obsolete,0.0,0.0
P0008,2025-10-01,0.0,obsolete,0.0,0.0
P0008,2025-11-01,0.0,obsolete,0.0,0.0
P0008,2025-12-01,0.0,obsolete,0.0,0.0
P0008,2026-01-01,0.0,obsolete,0.0,0.0
P0022,2025-08-01,0.0,obsolete,0.0,0.0
P0022,2025-09-01,0.0,obsolete,0.0,0.0
P0022,2025-10-01,0.0,obsolete,0.0,0.0
P0022,2025-11-01,0.0,obsolete,0.0,0.0
P0022,2025-12-01,0.0,obsolete,0.0,0.0
P0022,2026-01-01,0.0,obsolete,0.0,0.0
P0044,2025-08-01,0.0,lstm,0.0,0.0
P0044,2025-09-01,3.734023779746977,lstm,3.1739202127849304,4.294127346709023
P0044,2025-10-01,2.692296466295684,lstm,2.288451996351331,3.096140936240036
P0044,2025-11-01,1.392153249601721,lstm,1.1833302621614628,1.6009762370419791
P0044,2025-12-01,0.0,lstm,0.0,0.0
P0044,2026-01-01,0.461527953160779,lstm,0.3922987601866621,0.5307571461348958
P0178,2025-08-01,19.23216621997615,lstm,16.347341286979727,22.11699115297257
P0178,2025-09-01,11.726969703037556,lstm,9.967924247581925,13.486015158493188
P0178,2025-10-01,4.344717276212593,lstm,3.693009684780704,4.996424867644482
P0178,2025-11-01,20.583842642906117,lstm,17.496266246470196,23.671419039342027
P0178,2025-12-01,12.204300493895218,lstm,10.373655419810936,14.0349455679795
P0178,2026-01-01,10.428591106491512,lstm,8.864302440517784,11.992879772465235
P0062,2025-08-01,1.4298512155018188,lstm,1.215373533176546,1.6443288978270916
P0062,2025-09-01,3.625341096673005,lstm,3.081539932172054,4.169142261173955
P0062,2025-10-01,6.3165611262920445,lstm,5.369076957348238,7.26404529523585
P0062,2025-11-01,12.63179112830766,lstm,10.73702245906151,14.526559797553809
P0062,2025-12-01,0.0,lstm,0.0,0.0
P0062,2026-01-01,3.8050423317766384,lstm,3.2342859820101424,4.375798681543134
P0188,2025-08-01,0.0,lstm,0.0,0.0
P0188,2025-09-01,3.4700077416776254,lstm,2.949506580425981,3.990508902929269
P0188,2025-10-01,10.24633440906099,lstm,8.709384247701841,11.783284570420138
P0188,2025-11-01,10.277023384489336,lstm,8.735469876815936,11.818576892162737
P0188,2025-12-01,2.631422078932861,lstm,2.2367087670929315,3.0261353907727897
P0188,2026-01-01,1.767269071553003,lstm,1.5021787108200526,2.0323594322859533
P0067,2025-08-01,0.0,obsolete,0.0,0.0
P0067,2025-09-01,0.0,obsolete,0.0,0.0
P0067,2025-10-01,0.0,obsolete,0.0,0.0
P0067,2025-11-01,0.0,obsolete,0.0,0.0
P0067,2025-12-01,0.0,obsolete,0.0,0.0
P0067,2026-01-01,0.0,obsolete,0.0,0.0
P0052,2025-08-01,5.197105786858835,lstm,4.417539918830009,5.976671654887659
P0052,2025-09-01,0.0,lstm,0.0,0.0
P0052,2025-10-01,0.0,lstm,0.0,0.0
P0052,2025-11-01,0.0,lstm,0.0,0.0
P0052,2025-12-01,0.0,lstm,0.0,0.0
P0052,2026-01-01,0.4662789301841752,lstm,0.3963370906565489,0.5362207697118014
P0222,2025-08-01,12.972030044489475,lstm,11.026225537816057,14.917834551162898
P0222,2025-09-01,3.455594018029285,lstm,2.9372549153248926,3.973933120733678
P0222,2025-10-01,4.25941545364263,lstm,3.6205031355962354,4.898327771689024
P0222,2025-11-01,1.9987735074183872,lstm,1.6989574813056292,2.2985895335311453
P0222,2025-12-01,0.4173097974342895,lstm,0.3547133278191461,0.4799062670494329
P0222,2026-01-01,1.0224979911533378,lstm,0.8691232924803372,1.1758726898263383
P0071,2025-08-01,0.0,obsolete,0.0,0.0
P0071,2025-09-01,0.0,obsolete,0.0,0.0
P0071,2025-10-01,0.0,obsolete,0.0,0.0
P0071,2025-11-01,0.0,obsolete,0.0,0.0
P0071,2025-12-01,0.0,obsolete,0.0,0.0
P0071,2026-01-01,0.0,obsolete,0.0,0.0
P0076,2025-08-01,2.347595181653841,lstm,1.9954559044057647,2.6997344589019168
P0076,2025-09-01,2.278289888352677,lstm,1.936546405099776,2.6200333716055786
P0076,2025-10-01,0.0,lstm,0.0,0.0
P0076,2025-11-01,0.0,lstm,0.0,0.0
P0076,2025-12-01,1.512054315658383,lstm,1.2852461683096257,1.7388624630071403
P0076,2026-01-01,0.0,lstm,0.0,0.0
P0045,2025-08-01,4.890974399697899,lstm,4.157328239743213,5.624620559652583
P0045,2025-09-01,2.01964136845122,lstm,1.7166951631835372,2.322587573718903
P0045,2025-10-01,0.0,lstm,0.0,0.0
P0045,2025-11-01,5.980785549556644,lstm,5.083667717123147,6.87790338199014
P0045,2025-12-01,5.112974644756795,lstm,4.346028448043276,5.879920841470314
P0045,2026-01-01,0.0,lstm,0.0,0.0
P0042,2025-08-01,5.5623508806685,lstm,4.727998248568225,6.396703512768775
P0042,2025-09-01,0.0,lstm,0.0,0.0
P0042,2025-10-01,0.0,lstm,0.0,0.0
P0042,2025-11-01,1.450823542569342,lstm,1.2332000111839407,1.6684470739547432
P0042,2025-12-01,0.0,lstm,0.0,0.0
P0042,2026-01-01,0.0,lstm,0.0,0.0
P0066,2025-08-01,4.796706135265239,lstm,4.077200214975453,5.516212055555024
P0066,2025-09-01,1.5566921058152472,lstm,1.32318828994296,1.790195921687534
P0066,2025-10-01,3.9967508197096704,lstm,3.39723819675322,4.59626344266612
P0066,2025-11-01,1.7596674399404273,lstm,1.495717323949363,2.0236175559314917
P0066,2025-12-01,1.6345905584502232,lstm,1.3894019746826896,1.8797791422177563
P0066,2026-01-01,1.7207423679649887,lstm,1.4626310127702404,1.978853723159737
P0147,2025-08-01,40.884672543196544,lstm,34.751971661717064,47.01737342467602
P0147,2025-09-01,13.683549760309344,lstm,11.631017296262945,15.736082224355746
P0147,2025-10-01,24.13708287940365,lstm,20.5165204474931,27.7576453113142
P0147,2025-11-01,19.98343790971912,lstm,16.98592222326125,22.980953596176988
P0147,2025-12-01,16.79113052486528,lstm,14.272460946135489,19.309800103595077
P0147,2026-01-01,13.685330909911688,lstm,11.632531273424934,15.73813054639844
P0040,2025-08-01,4.636298746259756,lstm,3.940853934320793,5.33174355819872
P0040,2025-09-01,0.0,lstm,0.0,0.0
P0040,2025-10-01,0.0,lstm,0.0,0.0
P0040,2025-11-01,3.109334204592567,lstm,2.6429340739036817,3.575734335281452
P0040,2025-12-01,3.8438364965774,lstm,3.26726102209079,4.42041197106401
P0040,2026-01-01,0.8600289488374662,lstm,0.7310246065118462,0.989033291163086
P0026,2025-08-01,0.0,obsolete,0.0,0.0
P0026,2025-09-01,0.0,obsolete,0.0,0.0
P0026,2025-10-01,0.0,obsolete,0.0,0.0
P0026,2025-11-01,0.0,obsolete,0.0,0.0
P0026,2025-12-01,0.0,obsolete,0.0,0.0
P0026,2026-01-01,0.0,obsolete,0.0,0.0
P0189,2025-08-01,19.593091862693537,lstm,16.654128083289507,22.532055642097568
P0189,2025-09-01,2.982627297582874,lstm,2.5352332029454425,3.4300213922203047
P0189,2025-10-01,15.413770552951398,lstm,13.101704970008688,17.725836135894106
P0189,2025-11-01,20.130256398767862,lstm,17.110717938952686,23.149794858583043
P0189,2025-12-01,15.872424133035084,lstm,13.49156051307982,18.253287752990342
P0189,2026-01-01,16.944927392809326,lstm,14.403188283887928,19.486666501730724
P0221,2025-08-01,8.924366310453044,lstm,7.585711363885087,10.263021257021
P0221,2025-09-01,3.743325263451573,lstm,3.1818264739338367,4.304824052969308
P0221,2025-10-01,0.0,lstm,0.0,0.0
P0221,2025-11-01,6.386369882772049,lstm,5.428414400356242,7.344325365187856
P0221,2025-12-01,3.3191206510262594,lstm,2.8212525533723203,3.816988748680198
P0221,2026-01-01,4.932714629227188,lstm,4.19280743484311,5.672621823611267
P0011,2025-08-01,0.0,obsolete,0.0,0.0
P0011,2025-09-01,0.0,obsolete,0.0,0.0
P0011,2025-10-01,0.0,obsolete,0.0,0.0
P0011,2025-11-01,0.0,obsolete,0.0,0.0
P0011,2025-12-01,0.0,obsolete,0.0,0.0
P0011,2026-01-01,0.0,obsolete,0.0,0.0
P0109,2025-08-01,17.39624616037986,lstm,14.78680923632288,20.00568308443684
P0109,2025-09-01,19.03425490723125,lstm,16.179116671146566,21.889393143315942
P0109,2025-10-01,13.181212430725363,lstm,11.20403056611656,15.158394295334167
P0109,2025-11-01,18.84141576021367,lstm,16.01520339618162,21.66762812424572
P0109,2025-12-01,13.325312216308165,lstm,11.326515383861938,15.324109048754384
P0109,2026-01-01,19.26912015104944,lstm,16.378752128392023,22.15948817370685
P0219,2025-08-01,11.814241883413612,lstm,10.042105600901571,13.586378165925654
P0219,2025-09-01,16.43155792923608,lstm,13.966824239850668,18.896291618621493
P0219,2025-10-01,0.4299235609778399,lstm,0.3654350268311639,0.4944120951245158
P0219,2025-11-01,11.434449534201564,lstm,9.719282104071327,13.149616964331797
P0219,2025-12-01,7.959698402364203,lstm,6.765743642009572,9.153653162718832
P0219,2026-01-01,12.368667254145508,lstm,10.513367166023682,14.223967342267336
P0060,2025-08-01,5.176762526513175,lstm,4.400248147536199,5.953276905490151
P0060,2025-09-01,8.659763257932784,lstm,7.360798769242867,9.9587277466227
P0060,2025-10-01,11.02554027877567,lstm,9.37170923695932,12.67937132059202
P0060,2025-11-01,6.666888345774013,lstm,5.666855093907911,7.666921597640115
P0060,2025-12-01,0.0,lstm,0.0,0.0
P0060,2026-01-01,4.823504967403857,lstm,4.099979222293278,5.547030712514435
P0056,2025-08-01,7.083150461956129,lstm,6.02067789266271,8.145623031249547
P0056,2025-09-01,5.959413957737606,lstm,5.065501864076965,6.853326051398247
P0056,2025-10-01,8.665123441099695,lstm,7.36535492493474,9.964891957264648
P0056,2025-11-01,4.76158876939854,lstm,4.047350453988759,5.475827084808321
P0056,2025-12-01,3.085788206157483,lstm,2.6229199752338603,3.5486564370811053
P0056,2026-01-01,5.877273770269769,lstm,4.995682704729303,6.7588648358102335
P0177,2025-08-01,31.50494440952893,lstm,26.779202748099596,36.23068607095827
P0177,2025-09-01,0.0248115754518288,lstm,0.0210898391340545,0.0285333117696031
P0177,2025-10-01,0.0,lstm,0.0,0.0
P0177,2025-11-01,6.907811000130708,lstm,5.871639350111101,7.943982650150313
P0177,2025-12-01,25.143166168683365,lstm,21.37169124338086,28.914641093985868
P0177,2026-01-01,29.06264116548511,lstm,24.703244990662345,33.422037340307874
P0230,2025-08-01,0.0,obsolete,0.0,0.0
P0230,2025-09-01,0.0,obsolete,0.0,0.0
P0230,2025-10-01,0.0,obsolete,0.0,0.0
P0230,2025-11-01,0.0,obsolete,0.0,0.0
P0230,2025-12-01,0.0,obsolete,0.0,0.0
P0230,2026-01-01,0.0,obsolete,0.0,0.0
P0096,2025-08-01,14.020745660004462,lstm,11.917633811003792,16.12385750900513
P0096,2025-09-01,9.252053958751116,lstm,7.864245864938448,10.639862052563782
P0096,2025-10-01,12.307494991963278,lstm,10.461370743168786,14.153619240757768
P0096,2025-11-01,8.88233004291356,lstm,7.549980536476526,10.214679549350594
P0096,2025-12-01,12.9496930680779,lstm,11.007239107866216,14.892147028289584
P0096,2026-01-01,9.105993844987042,lstm,7.740094768238985,10.471892921735098
P0028,2025-08-01,0.0,obsolete,0.0,0.0
P0028,2025-09-01,0.0,obsolete,0.0,0.0
P0028,2025-10-01,0.0,obsolete,0.0,0.0
P0028,2025-11-01,0.0,obsolete,0.0,0.0
P0028,2025-12-01,0.0,obsolete,0.0,0.0
P0028,2026-01-01,0.0,obsolete,0.0,0.0
P0029,2025-08-01,0.0,obsolete,0.0,0.0
P0029,2025-09-01,0.0,obsolete,0.0,0.0
P0029,2025-10-01,0.0,obsolete,0.0,0.0
P0029,2025-11-01,0.0,obsolete,0.0,0.0
P0029,2025-12-01,0.0,obsolete,0.0,0.0
P0029,2026-01-01,0.0,obsolete,0.0,0.0
P0055,2025-08-01,4.600979622844524,lstm,3.910832679417845,5.291126566271203
P0055,2025-09-01,0.0,lstm,0.0,0.0
P0055,2025-10-01,0.0,lstm,0.0,0.0
P0055,2025-11-01,0.0,lstm,0.0,0.0
P0055,2025-12-01,0.0,lstm,0.0,0.0
P0055,2026-01-01,0.0,lstm,0.0,0.0
P0005,2025-08-01,0.0,lstm,0.0,0.0
P0005,2025-09-01,0.275342702464204,lstm,0.2340412970945734,0.3166441078338345
P0005,2025-10-01,0.0,lstm,0.0,0.0
P0005,2025-11-01,0.0,lstm,0.0,0.0
P0005,2025-12-01,14.631818159774234,lstm,12.437045435808098,16.82659088374037
P0005,2026-01-01,0.0,lstm,0.0,0.0
P0001,2025-08-01,0.0,obsolete,0.0,0.0
P0001,2025-09-01,0.0,obsolete,0.0,0.0
P0001,2025-10-01,0.0,obsolete,0.0,0.0
P0001,2025-11-01,0.0,obsolete,0.0,0.0
P0001,2025-12-01,0.0,obsolete,0.0,0.0
P0001,2026-01-01,0.0,obsolete,0.0,0.0
P0186,2025-08-01,0.0,lstm,0.0,0.0
P0186,2025-09-01,0.0,lstm,0.0,0.0
P0186,2025-10-01,8.561766088003914,lstm,7.2775011748033265,9.8460310012045
P0186,2025-11-01,6.282036574906337,lstm,5.339731088670387,7.224342061142288
P0186,2025-12-01,0.0,lstm,0.0,0.0
P0186,2026-01-01,0.0,lstm,0.0,0.0
P0090,2025-08-01,6.723472506208677,lstm,5.714951630277375,7.7319933821399776
P0090,2025-09-01,2.3596764267428485,lstm,2.005724962731421,2.7136278907542755
P0090,2025-10-01,4.249700190766878,lstm,3.612245162151846,4.887155219381909
P0090,2025-11-01,5.967827025804515,lstm,5.072652971933837,6.863001079675192
P0090,2025-12-01,5.747201348963434,lstm,4.885121146618919,6.609281551307948
P0090,2026-01-01,5.014132504014216,lstm,4.262012628412084,5.766252379616348
P0019,2025-08-01,0.0,obsolete,0.0,0.0
P0019,2025-09-01,0.0,obsolete,0.0,0.0
P0019,2025-10-01,0.0,obsolete,0.0,0.0
P0019,2025-11-01,0.0,obsolete,0.0,0.0
P0019,2025-12-01,0.0,obsolete,0.0,0.0
P0019,2026-01-01,0.0,obsolete,0.0,0.0
P0112,2025-08-01,21.3478547785126,lightgbm,18.14567656173571,24.550032995289484
P0112,2025-09-01,21.66216760796285,lightgbm,18.41284246676842,24.91149274915728
P0112,2025-10-01,27.30215166259353,lightgbm,23.2068289132045,31.39747441198256
P0112,2025-11-01,16.81953232306418,lightgbm,14.296602474604551,19.34246217152381
P0112,2025-12-01,16.59597847788404,lightgbm,14.106581706201432,19.08537524956664
P0112,2026-01-01,16.60065361306671,lightgbm,14.110555571106705,19.09075165502672
P0089,2025-08-01,3.761063421273749,lightgbm,3.1969039080826867,4.325222934464811
P0089,2025-09-01,8.054729147290473,lightgbm,6.846519775196902,9.262938519384043
P0089,2025-10-01,1.2829712906590565,lightgbm,1.090525597060198,1.4754169842579148
P0089,2025-11-01,6.835414935710257,lightgbm,5.810102695353718,7.860727176066795
P0089,2025-12-01,1.4766668725786576,lightgbm,1.2551668416918589,1.698166903465456
P0089,2026-01-01,7.894689490551066,lightgbm,6.710486066968406,9.078892914133723
P0054,2025-08-01,2.5182866824829646,lightgbm,2.14054368011052,2.896029684855409
P0054,2025-09-01,5.037701872925217,lightgbm,4.282046591986434,5.793357153863999
P0054,2025-10-01,9.320493407879171,lightgbm,7.922419396697297,10.718567419061047
P0054,2025-11-01,2.3191714977539943,lightgbm,1.971295773090895,2.6670472224170934
P0054,2025-12-01,5.35342349213421,lightgbm,4.550409968314079,6.156437015954341
P0054,2026-01-01,10.115857758195524,lightgbm,8.598479094466196,11.633236421924853
P0038,2025-08-01,2.24054837235572,lightgbm,1.9044661165023613,2.5766306282090774
P0038,2025-09-01,2.9103175291543093,lightgbm,2.473769899781163,3.346865158527456
P0038,2025-10-01,0.6922225655765976,lightgbm,0.5883891807401079,0.7960559504130871
P0038,2025-11-01,0.0,lightgbm,0.0,0.0
P0038,2025-12-01,3.8144296857752873,lightgbm,3.242265232908994,4.38659413864158
P0038,2026-01-01,3.2151374458811213,lightgbm,2.732866828998953,3.697408062763289
P0158,2025-08-01,38.40657600167094,lightgbm,32.6455896014203,44.16756240192158
P0158,2025-09-01,40.87776087147055,lightgbm,34.74609674074997,47.00942500219113
P0158,2025-10-01,51.40069307003468,lightgbm,43.69058910952948,59.11079703053987
P0158,2025-11-01,52.06238311972892,lightgbm,44.25302565176958,59.87174058768825
P0158,2025-12-01,47.150768449647416,lightgbm,40.0781531822003,54.22338371709452
P0158,2026-01-01,54.759194627745366,lightgbm,46.54531543358356,62.97307382190717
P0058,2025-08-01,8.482015594451383,lightgbm,7.209713255283675,9.75431793361909
P0058,2025-09-01,2.2070857172623435,lightgbm,1.876022859672992,2.5381485748516948
P0058,2025-10-01,4.255243865540161,lightgbm,3.616957285709137,4.893530445371185
P0058,2025-11-01,4.2509654836441575,lightgbm,3.613320661097534,4.888610306190781
P0058,2025-12-01,4.683620461970424,lightgbm,3.98107739267486,5.386163531265988
P0058,2026-01-01,10.365209391293549,lightgbm,8.810427982599517,11.91999079998758
P0179,2025-08-01,0.0,obsolete,0.0,0.0
P0179,2025-09-01,0.0,obsolete,0.0,0.0
P0179,2025-10-01,0.0,obsolete,0.0,0.0
P0179,2025-11-01,0.0,obsolete,0.0,0.0
P0179,2025-12-01,0.0,obsolete,0.0,0.0
P0179,2026-01-01,0.0,obsolete,0.0,0.0
P0232,2025-08-01,7.455160692633173,lightgbm,6.3368865887381975,8.573434796528149
P0232,2025-09-01,4.673822479876198,lightgbm,3.972749107894768,5.374895851857627
P0232,2025-10-01,12.086833640469637,lightgbm,10.27380859439919,13.899858686540082
P0232,2025-11-01,2.3722626549335,lightgbm,2.016423256693475,2.728102053173525
P0232,2025-12-01,8.572221040448332,lightgbm,7.286387884381082,9.85805419651558
P0232,2026-01-01,1.0849059383214248,lightgbm,0.9221700475732112,1.2476418290696385
P0087,2025-08-01,0.0,obsolete,0.0,0.0
P0087,2025-09-01,0.0,obsolete,0.0,0.0
P0087,2025-10-01,0.0,obsolete,0.0,0.0
P0087,2025-11-01,0.0,obsolete,0.0,0.0
P0087,2025-12-01,0.0,obsolete,0.0,0.0
P0087,2026-01-01,0.0,obsolete,0.0,0.0
P0157,2025-08-01,37.43315356295537,lightgbm,31.818180528512062,43.04812659739867
P0157,2025-09-01,55.93732043244317,lightgbm,47.5467223675767,64.32791849730964
P0157,2025-10-01,32.56300955351191,lightgbm,27.678558120485125,37.44746098653869
P0157,2025-11-01,35.82061401417179,lightgbm,30.447521912046017,41.19370611629756
P0157,2025-12-01,43.181407044456016,lightgbm,36.704195987787614,49.65861810112442
P0157,2026-01-01,40.00504635526842,lightgbm,34.00428940197816,46.00580330855868
P0086,2025-08-01,12.589455480294523,lightgbm,10.701037158250344,14.4778738023387
P0086,2025-09-01,13.802046374425595,lightgbm,11.731739418261755,15.872353330589435
P0086,2025-10-01,11.247216100626158,lightgbm,9.560133685532234,12.93429851572008
P0086,2025-11-01,11.841380901789991,lightgbm,10.065173766521491,13.617588037058493
P0086,2025-12-01,9.978674021782606,lightgbm,8.481872918515215,11.475475125049996
P0086,2026-01-01,9.307535266098332,lightgbm,7.911404976183582,10.703665556013082
P0220,2025-08-01,23.400336876358303,lightgbm,19.89028634490456,26.91038740781205
P0220,2025-09-01,24.097447510092437,lightgbm,20.48283038357857,27.712064636606296
P0220,2025-10-01,19.629922108608056,lightgbm,16.685433792316847,22.574410424899263
P0220,2025-11-01,13.524828203058869,lightgbm,11.496103972600038,15.553552433517698
P0220,2025-12-01,13.53265219026191,lightgbm,11.502754361722625,15.562550018801195
P0220,2026-01-01,13.79096894248286,lightgbm,11.72232360111043,15.859614283855286
P0006,2025-08-01,1.653529646166226,lightgbm,1.405500199241292,1.90155909309116
P0006,2025-09-01,10.286608532477253,lightgbm,8.743617252605663,11.829599812348835
P0006,2025-10-01,11.735554060934737,lightgbm,9.975220951794526,13.495887170074946
P0006,2025-11-01,28.695342970799945,lightgbm,24.391041525179958,32.99964441641993
P0006,2025-12-01,14.71863741921773,lightgbm,12.51084180633507,16.926433032100388
P0006,2026-01-01,1.8779244955660896,lightgbm,1.5962358212311762,2.159613169901003
P0223,2025-08-01,23.98511453690606,lightgbm,20.38734735637015,27.582881717441968
P0223,2025-09-01,20.47217852429724,lightgbm,17.40135174565265,23.543005302941825
P0223,2025-10-01,10.768331710137462,lightgbm,9.153081953616844,12.38358146665808
P0223,2025-11-01,10.619459268041073,lightgbm,9.026540377834912,12.212378158247231
P0223,2025-12-01,10.401317709656514,lightgbm,8.841120053208037,11.96151536610499
P0223,2026-01-01,14.998445219551677,lightgbm,12.748678436618924,17.248212002484426
P0095,2025-08-01,45.95692057758844,lightgbm,39.063382490950175,52.8504586642267
P0095,2025-09-01,30.22596838389996,lightgbm,25.692073126314963,34.75986364148495
P0095,2025-10-01,17.965774003123236,lightgbm,15.27090790265475,20.66064010359172
P0095,2025-11-01,20.6936250045871,lightgbm,17.589581253899034,23.797668755275165
P0095,2025-12-01,13.115190642156827,lightgbm,11.147912045833303,15.08246923848035
P0095,2026-01-01,20.246427708005356,lightgbm,17.20946355180455,23.283391864206155
P0145,2025-08-01,59.24950255829925,lightgbm,50.36207717455436,68.13692794204412
P0145,2025-09-01,69.66226131494034,lightgbm,59.212922117699286,80.11160051218138
P0145,2025-10-01,53.93719483349517,lightgbm,45.84661560847089,62.02777405851944
P0145,2025-11-01,42.12617142818796,lightgbm,35.807245713959766,48.44509714241615
P0145,2025-12-01,52.4153494068458,lightgbm,44.55304699581893,60.277651817872666
P0145,2026-01-01,36.7144804301422,lightgbm,31.20730836562087,42.22165249466353
P0074,2025-08-01,3.1236027469915046,lightgbm,2.655062334942779,3.59214315904023
P0074,2025-09-01,0.0,lightgbm,0.0,0.0
P0074,2025-10-01,2.9905103863973355,lightgbm,2.541933828437735,3.4390869443569354
P0074,2025-11-01,0.3469306204707094,lightgbm,0.294891027400103,0.3989702135413157
P0074,2025-12-01,0.8476680002586645,lightgbm,0.7205178002198648,0.974818200297464
P0074,2026-01-01,0.2085964896559348,lightgbm,0.1773070162075446,0.239885963104325
P0114,2025-08-01,0.0,obsolete,0.0,0.0
P0114,2025-09-01,0.0,obsolete,0.0,0.0
P0114,2025-10-01,0.0,obsolete,0.0,0.0
P0114,2025-11-01,0.0,obsolete,0.0,0.0
P0114,2025-12-01,0.0,obsolete,0.0,0.0
P0114,2026-01-01,0.0,obsolete,0.0,0.0
P0159,2025-08-01,39.2663308139248,lightgbm,33.376381191836074,45.15628043601351
P0159,2025-09-01,49.689278895175335,lightgbm,42.23588706089903,57.14267072945163
P0159,2025-10-01,44.034440148300455,lightgbm,37.42927412605538,50.63960617054552
P0159,2025-11-01,42.70918802997292,lightgbm,36.30280982547698,49.11556623446886
P0159,2025-12-01,29.807697235826605,lightgbm,25.33654265045261,34.2788518212006
P0159,2026-01-01,26.052902517091898,lightgbm,22.144967139528116,29.96083789465568
P0075,2025-08-01,0.7139327691669449,lightgbm,0.6068428537919032,0.8210226845419866
P0075,2025-09-01,1.4829345792999895,lightgbm,1.2604943924049912,1.705374766194988
P0075,2025-10-01,0.4410508552650355,lightgbm,0.3748932269752801,0.5072084835547908
P0075,2025-11-01,3.3446410774560054,lightgbm,2.842944915837605,3.8463372390744057
P0075,2025-12-01,2.550499011778082,lightgbm,2.1679241600113697,2.933073863544794
P0075,2026-01-01,5.088202548460202,lightgbm,4.324972166191171,5.851432930729231
P0102,2025-08-01,27.961219994519716,lightgbm,23.767036995341755,32.15540299369767
P0102,2025-09-01,27.08003293367466,lightgbm,23.01802799362346,31.14203787372585
P0102,2025-10-01,20.25473219885271,lightgbm,17.216522369024805,23.292942028680617
P0102,2025-11-01,17.302264343824177,lightgbm,14.706924692250553,19.8976039953978
P0102,2025-12-01,15.1803587623563,lightgbm,12.903304948002852,17.457412576709743
P0102,2026-01-01,17.400539309597473,lightgbm,14.790458413157852,20.010620206037093
P0053,2025-08-01,0.0,obsolete,0.0,0.0
P0053,2025-09-01,0.0,obsolete,0.0,0.0
P0053,2025-10-01,0.0,obsolete,0.0,0.0
P0053,2025-11-01,0.0,obsolete,0.0,0.0
P0053,2025-12-01,0.0,obsolete,0.0,0.0
P0053,2026-01-01,0.0,obsolete,0.0,0.0
P0146,2025-08-01,39.99838798268217,lightgbm,33.99862978527984,45.99814618008449
P0146,2025-09-01,39.4107803888727,lightgbm,33.4991633305418,45.322397447203606
P0146,2025-10-01,37.76274313185908,lightgbm,32.09833166208021,43.42715460163793
P0146,2025-11-01,31.58340704730532,lightgbm,26.84589599020952,36.32091810440112
P0146,2025-12-01,32.73606935770366,lightgbm,27.825658954048112,37.64647976135921
P0146,2026-01-01,41.741636476995005,lightgbm,35.48039100544575,48.00288194854425
P0218,2025-08-01,20.37418518145489,lightgbm,17.31805740423666,23.430312958673127
P0218,2025-09-01,21.278824422567848,lightgbm,18.08700075918267,24.470648085953023
P0218,2025-10-01,10.965563436698751,lightgbm,9.32072892119394,12.610397952203565
P0218,2025-11-01,13.295541930447714,lightgbm,11.301210640880557,15.289873220014869
P0218,2025-12-01,16.494800141805882,lightgbm,14.020580120535,18.969020163076763
P0218,2026-01-01,7.597367808878779,lightgbm,6.457762637546963,8.736972980210595
P0039,2025-08-01,9.0315418770959,lightgbm,7.676810595531514,10.386273158660282
P0039,2025-09-01,2.3349618922768003,lightgbm,1.98471760843528,2.68520617611832
P0039,2025-10-01,12.350115760759666,lightgbm,10.497598396645715,14.202633124873614
P0039,2025-11-01,7.234292360907783,lightgbm,6.149148506771615,8.31943621504395
P0039,2025-12-01,1.5364152507805062,lightgbm,1.3059529631634303,1.766877538397582
P0039,2026-01-01,8.047400240642977,lightgbm,6.84029020454653,9.254510276739422
P0184,2025-08-01,24.813089903239536,lightgbm,21.091126417753607,28.535053388725466
P0184,2025-09-01,20.650746704503444,lightgbm,17.553134698827925,23.74835871017896
P0184,2025-10-01,17.381110739941473,lightgbm,14.773944128950252,19.98827735093269
P0184,2025-11-01,11.735378903158896,lightgbm,9.975072067685062,13.49568573863273
P0184,2025-12-01,9.977051253722038,lightgbm,8.480493565663732,11.473608941780345
P0184,2026-01-01,9.756269298000644,lightgbm,8.292828903300547,11.21970969270074
P0030,2025-08-01,0.0,obsolete,0.0,0.0
P0030,2025-09-01,0.0,obsolete,0.0,0.0
P0030,2025-10-01,0.0,obsolete,0.0,0.0
P0030,2025-11-01,0.0,obsolete,0.0,0.0
P0030,2025-12-01,0.0,obsolete,0.0,0.0
P0030,2026-01-01,0.0,obsolete,0.0,0.0
P0099,2025-08-01,22.58477252475458,lightgbm,19.197056646041396,25.972488403467764
P0099,2025-09-01,29.599085968188863,lightgbm,25.159223072960533,34.03894886341719
P0099,2025-10-01,18.66712904317372,lightgbm,15.867059686697662,21.46719839964977
P0099,2025-11-01,34.81299937029822,lightgbm,29.59104946475349,40.03494927584296
P0099,2025-12-01,27.67012706121041,lightgbm,23.519608002028853,31.820646120391974
P0099,2026-01-01,24.71965597280764,lightgbm,21.011707576886494,28.427604368728783
P0248,2025-08-01,4.629194287153273,lightgbm,3.934815144080282,5.323573430226263
P0248,2025-09-01,4.2802279112614725,lightgbm,3.6381937245722513,4.922262097950693
P0248,2025-10-01,1.0555769423935144,lightgbm,0.8972404010344872,1.2139134837525414
P0248,2025-11-01,3.0291147896702766,lightgbm,2.574747571219735,3.4834820081208178
P0248,2025-12-01,2.509479942908066,lightgbm,2.133057951471856,2.885901934344276
P0248,2026-01-01,3.038075911517678,lightgbm,2.582364524790026,3.493787298245329
P0149,2025-08-01,47.24747580256042,lightgbm,40.16035443217636,54.33459717294448
P0149,2025-09-01,37.002091825911535,lightgbm,31.451778052024803,42.55240559979826
P0149,2025-10-01,45.17887067922626,lightgbm,38.40204007734232,51.955701281110194
P0149,2025-11-01,24.672263715383927,lightgbm,20.97142415807634,28.373103272691512
P0149,2025-12-01,38.94087100683736,lightgbm,33.099740355811754,44.78200165786296
P0149,2026-01-01,20.722442719002483,lightgbm,17.61407631115211,23.830809126852856
P0057,2025-08-01,0.0,obsolete,0.0,0.0
P0057,2025-09-01,0.0,obsolete,0.0,0.0
P0057,2025-10-01,0.0,obsolete,0.0,0.0
P0057,2025-11-01,0.0,obsolete,0.0,0.0
P0057,2025-12-01,0.0,obsolete,0.0,0.0
P0057,2026-01-01,0.0,obsolete,0.0,0.0
P0216,2025-08-01,15.858408619653517,lightgbm,13.479647326705487,18.23716991260154
P0216,2025-09-01,15.13936777728804,lightgbm,12.868462610694834,17.410272943881246
P0216,2025-10-01,11.529566781673047,lightgbm,9.80013176442209,13.259001798924004
P0216,2025-11-01,11.085881756009009,lightgbm,9.422999492607657,12.748764019410356
P0216,2025-12-01,17.568673335075815,lightgbm,14.93337233481444,20.203974335337183
P0216,2026-01-01,18.20011197770228,lightgbm,15.470095181046938,20.930128774357623
P0255,2025-08-01,4.421958801773307,lightgbm,3.758664981507311,5.085252622039303
P0255,2025-09-01,5.952855295369808,lightgbm,5.059927001064337,6.845783589675279
P0255,2025-10-01,2.8168249675571686,lightgbm,2.3943012224235933,3.2393487126907434
P0255,2025-11-01,6.723713676741949,lightgbm,5.715156625230656,7.732270728253241
P0255,2025-12-01,3.5601202322957555,lightgbm,3.026102197451392,4.094138267140118
P0255,2026-01-01,8.117756810985266,lightgbm,6.900093289337477,9.335420332633056
P0155,2025-08-01,25.411729196490693,lightgbm,21.59996981701709,29.223488575964296
P0155,2025-09-01,28.2241268168914,lightgbm,23.99050779435769,32.45774583942511
P0155,2025-10-01,32.96320360446387,lightgbm,28.01872306379429,37.90768414513345
P0155,2025-11-01,26.120238486517387,lightgbm,22.20220271353978,30.038274259494997
P0155,2025-12-01,37.108541343212266,lightgbm,31.542260141730427,42.6748225446941
P0155,2026-01-01,45.25249955863023,lightgbm,38.46462462483569,52.04037449242475
P0113,2025-08-01,22.63070419941733,lightgbm,19.23609856950473,26.025309829329927
P0113,2025-09-01,9.959708094706588,lightgbm,8.4657518805006,11.453664308912575
P0113,2025-10-01,12.438881879097783,lightgbm,10.573049597233116,14.30471416096245
P0113,2025-11-01,12.503683159665496,lightgbm,10.628130685715671,14.379235633615322
P0113,2025-12-01,8.78749319083224,lightgbm,7.469369212207404,10.105617169457076
P0113,2026-01-01,9.264353459358723,lightgbm,7.874700440454916,10.654006478262533
P0138,2025-08-01,42.84751855750125,lightgbm,36.42039077387607,49.274646341126434
P0138,2025-09-01,47.05749661880007,lightgbm,39.99887212598006,54.11612111162008
P0138,2025-10-01,37.72626304800488,lightgbm,32.06732359080415,43.38520250520561
P0138,2025-11-01,23.615802528606714,lightgbm,20.073432149315707,27.15817290789772
P0138,2025-12-01,31.094362176279088,lightgbm,26.430207849837224,35.75851650272095
P0138,2026-01-01,18.467183337985222,lightgbm,15.697105837287442,21.237260838683007
P0270,2025-08-01,9.472005485834678,lightgbm,8.051204662959476,10.89280630870988
P0270,2025-09-01,14.194000025788815,lightgbm,12.064900021920494,16.323100029657137
P0270,2025-10-01,10.855328797922882,lightgbm,9.22702947823445,12.483628117611312
P0270,2025-11-01,6.052249068691545,lightgbm,5.144411708387813,6.960086428995276
P0270,2025-12-01,6.317868541732832,lightgbm,5.370188260472907,7.265548822992756
P0270,2026-01-01,17.379145711105178,lightgbm,14.7722738544394,19.986017567770958
P0007,2025-08-01,0.0,obsolete,0.0,0.0
P0007,2025-09-01,0.0,obsolete,0.0,0.0
P0007,2025-10-01,0.0,obsolete,0.0,0.0
P0007,2025-11-01,0.0,obsolete,0.0,0.0
P0007,2025-12-01,0.0,obsolete,0.0,0.0
P0007,2026-01-01,0.0,obsolete,0.0,0.0
P0111,2025-08-01,0.0,obsolete,0.0,0.0
P0111,2025-09-01,0.0,obsolete,0.0,0.0
P0111,2025-10-01,0.0,obsolete,0.0,0.0
P0111,2025-11-01,0.0,obsolete,0.0,0.0
P0111,2025-12-01,0.0,obsolete,0.0,0.0
P0111,2026-01-01,0.0,obsolete,0.0,0.0
P0152,2025-08-01,39.60128496529069,lightgbm,33.66109222049708,45.54147771008429
P0152,2025-09-01,74.84248567835094,lightgbm,63.6161128265983,86.06885853010357
P0152,2025-10-01,36.60282172432603,lightgbm,31.11239846567712,42.09324498297493
P0152,2025-11-01,47.63355701634195,lightgbm,40.48852346389066,54.77859056879324
P0152,2025-12-01,25.905559046030827,lightgbm,22.0197251891262,29.79139290293545
P0152,2026-01-01,42.90861649141294,lightgbm,36.472324017701,49.34490896512488
P0262,2025-08-01,0.0,obsolete,0.0,0.0
P0262,2025-09-01,0.0,obsolete,0.0,0.0
P0262,2025-10-01,0.0,obsolete,0.0,0.0
P0262,2025-11-01,0.0,obsolete,0.0,0.0
P0262,2025-12-01,0.0,obsolete,0.0,0.0
P0262,2026-01-01,0.0,obsolete,0.0,0.0
P0154,2025-08-01,48.8999294814128,lightgbm,41.56494005920088,56.23491890362471
P0154,2025-09-01,77.25672836965542,lightgbm,65.6682191142071,88.84523762510372
P0154,2025-10-01,46.288409043923735,lightgbm,39.34514768733517,53.23167040051229
P0154,2025-11-01,59.10052249008187,lightgbm,50.23544411656959,67.96560086359415
P0154,2025-12-01,26.732848271319643,lightgbm,22.72292103062169,30.742775512017587
P0154,2026-01-01,41.46022784151875,lightgbm,35.241193665290936,47.67926201774656
P0180,2025-08-01,33.56925737402897,lightgbm,28.533868767924623,38.60464598013331
P0180,2025-09-01,33.32503852874902,lightgbm,28.326282749436665,38.323794308061366
P0180,2025-10-01,10.231523065085028,lightgbm,8.696794605322273,11.766251524847782
P0180,2025-11-01,13.972271607394122,lightgbm,11.876430866285004,16.068112348503238
P0180,2025-12-01,15.359936720423269,lightgbm,13.055946212359778,17.66392722848676
P0180,2026-01-01,25.80054925122091,lightgbm,21.930466863537774,29.670631638904045
P0070,2025-08-01,0.0,obsolete,0.0,0.0
P0070,2025-09-01,0.0,obsolete,0.0,0.0
P0070,2025-10-01,0.0,obsolete,0.0,0.0
P0070,2025-11-01,0.0,obsolete,0.0,0.0
P0070,2025-12-01,0.0,obsolete,0.0,0.0
P0070,2026-01-01,0.0,obsolete,0.0,0.0
P0208,2025-08-01,0.0,obsolete,0.0,0.0
P0208,2025-09-01,0.0,obsolete,0.0,0.0
P0208,2025-10-01,0.0,obsolete,0.0,0.0
P0208,2025-11-01,0.0,obsolete,0.0,0.0
P0208,2025-12-01,0.0,obsolete,0.0,0.0
P0208,2026-01-01,0.0,obsolete,0.0,0.0
P0009,2025-08-01,0.0,obsolete,0.0,0.0
P0009,2025-09-01,0.0,obsolete,0.0,0.0
P0009,2025-10-01,0.0,obsolete,0.0,0.0
P0009,2025-11-01,0.0,obsolete,0.0,0.0
P0009,2025-12-01,0.0,obsolete,0.0,0.0
P0009,2026-01-01,0.0,obsolete,0.0,0.0
P0032,2025-08-01,0.0,obsolete,0.0,0.0
P0032,2025-09-01,0.0,obsolete,0.0,0.0
P0032,2025-10-01,0.0,obsolete,0.0,0.0
P0032,2025-11-01,0.0,obsolete,0.0,0.0
P0032,2025-12-01,0.0,obsolete,0.0,0.0
P0032,2026-01-01,0.0,obsolete,0.0,0.0
P0018,2025-08-01,0.0,obsolete,0.0,0.0
P0018,2025-09-01,0.0,obsolete,0.0,0.0
P0018,2025-10-01,0.0,obsolete,0.0,0.0
P0018,2025-11-01,0.0,obsolete,0.0,0.0
P0018,2025-12-01,0.0,obsolete,0.0,0.0
P0018,2026-01-01,0.0,obsolete,0.0,0.0
P0176,2025-08-01,26.53799798110488,lightgbm,22.557298283939147,30.51869767827061
P0176,2025-09-01,29.489558979908885,lightgbm,25.06612513292255,33.91299282689521
P0176,2025-10-01,41.96420630045588,lightgbm,35.669575355387494,48.258837245524255
P0176,2025-11-01,59.84721998535318,lightgbm,50.8701369875502,68.82430298315614
P0176,2025-12-01,23.563426497856614,lightgbm,20.028912523178125,27.097940472535107
P0176,2026-01-01,14.851750602054445,lightgbm,12.623988011746276,17.079513192362608
P0194,2025-08-01,12.098438550007437,lightgbm,10.28367276750632,13.91320433250855
P0194,2025-09-01,7.553180523674899,lightgbm,6.420203445123664,8.686157602226134
P0194,2025-10-01,11.332639916481906,lightgbm,9.63274392900962,13.03253590395419
P0194,2025-11-01,5.412967511556701,lightgbm,4.601022384823196,6.224912638290205
P0194,2025-12-01,4.56184342426256,lightgbm,3.877566910623176,5.246119937901943
P0194,2026-01-01,11.17799500469385,lightgbm,9.501295753989773,12.854694255397929
P0156,2025-08-01,20.78877927682324,lightgbm,17.670462385299754,23.90709616834673
P0156,2025-09-01,34.58791084864741,lightgbm,29.399724221350297,39.77609747594452
P0156,2025-10-01,38.73481953227462,lightgbm,32.924596602433425,44.54504246211581
P0156,2025-11-01,32.24243004377064,lightgbm,27.40606553720504,37.07879455033624
P0156,2025-12-01,36.686283117756425,lightgbm,31.18334065009296,42.18922558541989
P0156,2026-01-01,43.57700084640402,lightgbm,37.04045071944341,50.11355097336462
P0269,2025-08-01,9.061365721789684,lightgbm,7.702160863521231,10.420570580058136
P0269,2025-09-01,10.085059448851313,lightgbm,8.572300531523615,11.597818366179007
P0269,2025-10-01,13.27397893489504,lightgbm,11.282882094660785,15.265075775129295
P0269,2025-11-01,17.739485853162886,lightgbm,15.078562975188452,20.40040873113732
P0269,2025-12-01,17.22770247358573,lightgbm,14.64354710254787,19.81185784462359
P0269,2026-01-01,10.471146278892888,lightgbm,8.900474337058954,12.04181822072682
P0061,2025-08-01,2.911845815413759,lightgbm,2.4750689431016952,3.3486226877258227
P0061,2025-09-01,5.725436036667259,lightgbm,4.86662063116717,6.584251442167347
P0061,2025-10-01,2.144292960755467,lightgbm,1.8226490166421467,2.4659369048687867
P0061,2025-11-01,5.830828355824049,lightgbm,4.9562041024504415,6.705452609197655
P0061,2025-12-01,3.868818114434716,lightgbm,3.288495397269508,4.449140831599922
P0061,2026-01-01,3.2382467031830684,lightgbm,2.7525096977056083,3.723983708660529
P0191,2025-08-01,3.1487772975453217,lightgbm,2.6764607029135234,3.62109389217712
P0191,2025-09-01,0.0,lightgbm,0.0,0.0
P0191,2025-10-01,1.1815385094185882,lightgbm,1.0043077330058,1.3587692858313762
P0191,2025-11-01,3.560983273277018,lightgbm,3.026835782285465,4.09513076426857
P0191,2025-12-01,3.809942739803447,lightgbm,3.2384513288329297,4.381434150773964
P0191,2026-01-01,0.4481606611506109,lightgbm,0.3809365619780192,0.5153847603232025
P0212,2025-08-01,61.064769961635946,lightgbm,51.90505446739056,70.22448545588134
P0212,2025-09-01,64.37436039979337,lightgbm,54.71820633982437,74.03051445976237
P0212,2025-10-01,77.11586555504333,lightgbm,65.54848572178683,88.68324538829982
P0212,2025-11-01,48.10367340489596,lightgbm,40.88812239416156,55.319224415630345
P0212,2025-12-01,50.29597986601127,lightgbm,42.75158288610957,57.84037684591295
P0212,2026-01-01,72.48496601665826,lightgbm,61.61222111415952,83.357710919157
P0010,2025-08-01,0.0,obsolete,0.0,0.0
P0010,2025-09-01,0.0,obsolete,0.0,0.0
P0010,2025-10-01,0.0,obsolete,0.0,0.0
P0010,2025-11-01,0.0,obsolete,0.0,0.0
P0010,2025-12-01,0.0,obsolete,0.0,0.0
P0010,2026-01-01,0.0,obsolete,0.0,0.0
P0048,2025-08-01,0.0,obsolete,0.0,0.0
P0048,2025-09-01,0.0,obsolete,0.0,0.0
P0048,2025-10-01,0.0,obsolete,0.0,0.0
P0048,2025-11-01,0.0,obsolete,0.0,0.0
P0048,2025-12-01,0.0,obsolete,0.0,0.0
P0048,2026-01-01,0.0,obsolete,0.0,0.0
P0097,2025-08-01,0.0,obsolete,0.0,0.0
P0097,2025-09-01,0.0,obsolete,0.0,0.0
P0097,2025-10-01,0.0,obsolete,0.0,0.0
P0097,2025-11-01,0.0,obsolete,0.0,0.0
P0097,2025-12-01,0.0,obsolete,0.0,0.0
P0097,2026-01-01,0.0,obsolete,0.0,0.0
P0150,2025-08-01,31.916666666666664,sarima,25.53333333333333,38.3
P0150,2025-09-01,31.916666666666664,sarima,25.53333333333333,38.3
P0150,2025-10-01,31.916666666666664,sarima,25.53333333333333,38.3
P0150,2025-11-01,31.916666666666664,sarima,25.53333333333333,38.3
P0150,2025-12-01,31.916666666666664,sarima,25.53333333333333,38.3
P0150,2026-01-01,31.916666666666664,sarima,25.53333333333333,38.3
P0144,2025-08-01,0.0,obsolete,0.0,0.0
P0144,2025-09-01,0.0,obsolete,0.0,0.0
P0144,2025-10-01,0.0,obsolete,0.0,0.0
P0144,2025-11-01,0.0,obsolete,0.0,0.0
P0144,2025-12-01,0.0,obsolete,0.0,0.0
P0144,2026-01-01,0.0,obsolete,0.0,0.0
P0185,2025-08-01,5.44934615650744,sarima,4.359476925205953,6.539215387808928
P0185,2025-09-01,3.381777827277687,sarima,2.7054222618221497,4.058133392733224
P0185,2025-10-01,4.665443865460714,sarima,3.732355092368572,5.598532638552857
P0185,2025-11-01,7.013017927465249,sarima,5.6104143419722,8.415621512958298
P0185,2025-12-01,5.146309965482648,sarima,4.117047972386119,6.1755719585791775
P0185,2026-01-01,3.764277841645925,sarima,3.0114222733167395,4.517133409975109
P0083,2025-08-01,0.0,obsolete,0.0,0.0
P0083,2025-09-01,0.0,obsolete,0.0,0.0
P0083,2025-10-01,0.0,obsolete,0.0,0.0
P0083,2025-11-01,0.0,obsolete,0.0,0.0
P0083,2025-12-01,0.0,obsolete,0.0,0.0
P0083,2026-01-01,0.0,obsolete,0.0,0.0
P0081,2025-08-01,0.0,obsolete,0.0,0.0
P0081,2025-09-01,0.0,obsolete,0.0,0.0
P0081,2025-10-01,0.0,obsolete,0.0,0.0
P0081,2025-11-01,0.0,obsolete,0.0,0.0
P0081,2025-12-01,0.0,obsolete,0.0,0.0
P0081,2026-01-01,0.0,obsolete,0.0,0.0
P0136,2025-08-01,44.583333333333336,sarima,35.66666666666667,53.5
P0136,2025-09-01,44.583333333333336,sarima,35.66666666666667,53.5
P0136,2025-10-01,44.583333333333336,sarima,35.66666666666667,53.5
P0136,2025-11-01,44.583333333333336,sarima,35.66666666666667,53.5
P0136,2025-12-01,44.583333333333336,sarima,35.66666666666667,53.5
P0136,2026-01-01,44.583333333333336,sarima,35.66666666666667,53.5
P0201,2025-08-01,61.57759145706741,sarima,49.26207316565393,73.8931097484809
P0201,2025-09-01,62.74943950762162,sarima,50.1995516060973,75.29932740914595
P0201,2025-10-01,63.13328094677615,sarima,50.50662475742092,75.75993713613138
P0201,2025-11-01,63.25900906514657,sarima,50.60720725211726,75.91081087817588
P0201,2025-12-01,63.300191590367874,sarima,50.6401532722943,75.96022990844145
P0201,2026-01-01,63.31368101823482,sarima,50.65094481458786,75.97641722188177
P0267,2025-08-01,10.527777777777777,sarima,8.422222222222222,12.633333333333333
P0267,2025-09-01,10.527777777777777,sarima,8.422222222222222,12.633333333333333
P0267,2025-10-01,10.527777777777777,sarima,8.422222222222222,12.633333333333333
P0267,2025-11-01,10.527777777777777,sarima,8.422222222222222,12.633333333333333
P0267,2025-12-01,10.527777777777777,sarima,8.422222222222222,12.633333333333333
P0267,2026-01-01,10.527777777777777,sarima,8.422222222222222,12.633333333333333
P0050,2025-08-01,7.305555555555555,sarima,5.844444444444445,8.766666666666666
P0050,2025-09-01,7.305555555555555,sarima,5.844444444444445,8.766666666666666
P0050,2025-10-01,7.305555555555555,sarima,5.844444444444445,8.766666666666666
P0050,2025-11-01,7.305555555555555,sarima,5.844444444444445,8.766666666666666
P0050,2025-12-01,7.305555555555555,sarima,5.844444444444445,8.766666666666666
P0050,2026-01-01,7.305555555555555,sarima,5.844444444444445,8.766666666666666
P0148,2025-08-01,36.88888888888889,sarima,29.51111111111112,44.26666666666667
P0148,2025-09-01,36.88888888888889,sarima,29.51111111111112,44.26666666666667
P0148,2025-10-01,36.88888888888889,sarima,29.51111111111112,44.26666666666667
P0148,2025-11-01,36.88888888888889,sarima,29.51111111111112,44.26666666666667
P0148,2025-12-01,36.88888888888889,sarima,29.51111111111112,44.26666666666667
P0148,2026-01-01,36.88888888888889,sarima,29.51111111111112,44.26666666666667
P0135,2025-08-01,52.64051890049848,sarima,42.11241512039879,63.16862268059817
P0135,2025-09-01,45.53236111177608,sarima,36.42588888942087,54.6388333341313
P0135,2025-10-01,42.24280290196035,sarima,33.794242321568284,50.69136348235242
P0135,2025-11-01,40.72044035213982,sarima,32.576352281711856,48.86452842256778
P0135,2025-12-01,40.01591178469249,sarima,32.012729427754,48.01909414163099
P0135,2026-01-01,39.68986559917124,sarima,31.751892479336995,47.62783871900549
P0134,2025-08-01,89.04166666666667,sarima,71.23333333333333,106.85
P0134,2025-09-01,41.04166666666667,sarima,32.833333333333336,49.25000000000001
P0134,2025-10-01,48.04166666666667,sarima,38.43333333333334,57.650000000000006
P0134,2025-11-01,34.041666666666664,sarima,27.23333333333333,40.85
P0134,2025-12-01,45.04166666666667,sarima,36.03333333333334,54.05
P0134,2026-01-01,46.04166666666667,sarima,36.833333333333336,55.25000000000001
P0217,2025-08-01,11.638888888888888,sarima,9.31111111111111,13.966666666666663
P0217,2025-09-01,11.638888888888888,sarima,9.31111111111111,13.966666666666663
P0217,2025-10-01,11.638888888888888,sarima,9.31111111111111,13.966666666666663
P0217,2025-11-01,11.638888888888888,sarima,9.31111111111111,13.966666666666663
P0217,2025-12-01,11.638888888888888,sarima,9.31111111111111,13.966666666666663
P0217,2026-01-01,11.638888888888888,sarima,9.31111111111111,13.966666666666663
P0187,2025-08-01,2.521425704483727,croston_sba,2.017140563586982,3.0257108453804724
P0187,2025-09-01,2.521425704483727,croston_sba,2.017140563586982,3.0257108453804724
P0187,2025-10-01,2.521425704483727,croston_sba,2.017140563586982,3.0257108453804724
P0187,2025-11-01,2.521425704483727,croston_sba,2.017140563586982,3.0257108453804724
P0187,2025-12-01,2.521425704483727,croston_sba,2.017140563586982,3.0257108453804724
P0187,2026-01-01,2.521425704483727,croston_sba,2.017140563586982,3.0257108453804724
P0229,2025-08-01,6.194444444444445,sarima,4.955555555555556,7.433333333333334
P0229,2025-09-01,6.194444444444445,sarima,4.955555555555556,7.433333333333334
P0229,2025-10-01,6.194444444444445,sarima,4.955555555555556,7.433333333333334
P0229,2025-11-01,6.194444444444445,sarima,4.955555555555556,7.433333333333334
P0229,2025-12-01,6.194444444444445,sarima,4.955555555555556,7.433333333333334
P0229,2026-01-01,6.194444444444445,sarima,4.955555555555556,7.433333333333334
P0251,2025-08-01,4.533920394038409,sarima,3.627136315230728,5.4407044728460905
P0251,2025-09-01,4.007798770072361,sarima,3.206239016057889,4.809358524086833
P0251,2025-10-01,3.818993222215962,sarima,3.05519457777277,4.5827918666591545
P0251,2025-11-01,3.75123790998866,sarima,3.000990327990928,4.501485491986392
P0251,2025-12-01,3.7269230400754574,sarima,2.981538432060366,4.472307648090549
P0251,2026-01-01,3.718197334599958,sarima,2.9745578676799664,4.461836801519949
P0247,2025-08-01,0.0,obsolete,0.0,0.0
P0247,2025-09-01,0.0,obsolete,0.0,0.0
P0247,2025-10-01,0.0,obsolete,0.0,0.0
P0247,2025-11-01,0.0,obsolete,0.0,0.0
P0247,2025-12-01,0.0,obsolete,0.0,0.0
P0247,2026-01-01,0.0,obsolete,0.0,0.0
P0101,2025-08-01,0.0,obsolete,0.0,0.0
P0101,2025-09-01,0.0,obsolete,0.0,0.0
P0101,2025-10-01,0.0,obsolete,0.0,0.0
P0101,2025-11-01,0.0,obsolete,0.0,0.0
P0101,2025-12-01,0.0,obsolete,0.0,0.0
P0101,2026-01-01,0.0,obsolete,0.0,0.0
P0141,2025-08-01,40.583333333333336,sarima,32.46666666666667,48.7
P0141,2025-09-01,40.583333333333336,sarima,32.46666666666667,48.7
P0141,2025-10-01,40.583333333333336,sarima,32.46666666666667,48.7
P0141,2025-11-01,40.583333333333336,sarima,32.46666666666667,48.7
P0141,2025-12-01,40.583333333333336,sarima,32.46666666666667,48.7
P0141,2026-01-01,40.583333333333336,sarima,32.46666666666667,48.7
P0175,2025-08-01,30.048100631026,sarima,24.0384805048208,36.0577207572312
P0175,2025-09-01,27.61429491568837,sarima,22.09143593255069,33.13715389882604
P0175,2025-10-01,27.61429491568837,sarima,22.09143593255069,33.13715389882604
P0175,2025-11-01,27.61429491568837,sarima,22.09143593255069,33.13715389882604
P0175,2025-12-01,27.61429491568837,sarima,22.09143593255069,33.13715389882604
P0175,2026-01-01,27.61429491568837,sarima,22.09143593255069,33.13715389882604
P0197,2025-08-01,55.41666666666666,sarima,44.333333333333336,66.5
P0197,2025-09-01,55.41666666666666,sarima,44.333333333333336,66.5
P0197,2025-10-01,55.41666666666666,sarima,44.333333333333336,66.5
P0197,2025-11-01,55.41666666666666,sarima,44.333333333333336,66.5
P0197,2025-12-01,55.41666666666666,sarima,44.333333333333336,66.5
P0197,2026-01-01,55.41666666666666,sarima,44.333333333333336,66.5
P0059,2025-08-01,5.029463820098789,sarima,4.023571056079031,6.035356584118547
P0059,2025-09-01,5.029463820098789,sarima,4.023571056079031,6.035356584118547
P0059,2025-10-01,5.029463820098789,sarima,4.023571056079031,6.035356584118547
P0059,2025-11-01,5.029463820098789,sarima,4.023571056079031,6.035356584118547
P0059,2025-12-01,5.029463820098789,sarima,4.023571056079031,6.035356584118547
P0059,2026-01-01,5.029463820098789,sarima,4.023571056079031,6.035356584118547
P0077,2025-08-01,0.0,obsolete,0.0,0.0
P0077,2025-09-01,0.0,obsolete,0.0,0.0
P0077,2025-10-01,0.0,obsolete,0.0,0.0
P0077,2025-11-01,0.0,obsolete,0.0,0.0
P0077,2025-12-01,0.0,obsolete,0.0,0.0
P0077,2026-01-01,0.0,obsolete,0.0,0.0
P0123,2025-08-01,42.13537735431704,sarima,33.70830188345363,50.56245282518044
P0123,2025-09-01,40.817029229425486,sarima,32.65362338354039,48.98043507531058
P0123,2025-10-01,40.817029229425486,sarima,32.65362338354039,48.98043507531058
P0123,2025-11-01,40.817029229425486,sarima,32.65362338354039,48.98043507531058
P0123,2025-12-01,40.817029229425486,sarima,32.65362338354039,48.98043507531058
P0123,2026-01-01,40.817029229425486,sarima,32.65362338354039,48.98043507531058
P0275,2025-08-01,15.749999999999998,sarima,12.6,18.9
P0275,2025-09-01,15.749999999999998,sarima,12.6,18.9
P0275,2025-10-01,15.749999999999998,sarima,12.6,18.9
P0275,2025-11-01,15.749999999999998,sarima,12.6,18.9
P0275,2025-12-01,15.749999999999998,sarima,12.6,18.9
P0275,2026-01-01,15.749999999999998,sarima,12.6,18.9
P0243,2025-08-01,40.64608118313039,sarima,32.51686494650431,48.77529741975647
P0243,2025-09-01,61.5116577625354,sarima,49.20932621002832,73.81398931504248
P0243,2025-10-01,39.54789294210907,sarima,31.63831435368726,47.45747153053089
P0243,2025-11-01,29.66419877291723,sarima,23.731359018333787,35.59703852750068
P0243,2025-12-01,42.29336354466237,sarima,33.834690835729894,50.752036253594845
P0243,2026-01-01,27.4678222908746,sarima,21.97425783269968,32.96138674904952
P0041,2025-08-01,2.720042662974112,croston_sba,2.1760341303792896,3.264051195568934
P0041,2025-09-01,2.720042662974112,croston_sba,2.1760341303792896,3.264051195568934
P0041,2025-10-01,2.720042662974112,croston_sba,2.1760341303792896,3.264051195568934
P0041,2025-11-01,2.720042662974112,croston_sba,2.1760341303792896,3.264051195568934
P0041,2025-12-01,2.720042662974112,croston_sba,2.1760341303792896,3.264051195568934
P0041,2026-01-01,2.720042662974112,croston_sba,2.1760341303792896,3.264051195568934
P0079,2025-08-01,0.0,obsolete,0.0,0.0
P0079,2025-09-01,0.0,obsolete,0.0,0.0
P0079,2025-10-01,0.0,obsolete,0.0,0.0
P0079,2025-11-01,0.0,obsolete,0.0,0.0
P0079,2025-12-01,0.0,obsolete,0.0,0.0
P0079,2026-01-01,0.0,obsolete,0.0,0.0
P0209,2025-08-01,0.0,obsolete,0.0,0.0
P0209,2025-09-01,0.0,obsolete,0.0,0.0
P0209,2025-10-01,0.0,obsolete,0.0,0.0
P0209,2025-11-01,0.0,obsolete,0.0,0.0
P0209,2025-12-01,0.0,obsolete,0.0,0.0
P0209,2026-01-01,0.0,obsolete,0.0,0.0
P0003,2025-08-01,0.0,obsolete,0.0,0.0
P0003,2025-09-01,0.0,obsolete,0.0,0.0
P0003,2025-10-01,0.0,obsolete,0.0,0.0
P0003,2025-11-01,0.0,obsolete,0.0,0.0
P0003,2025-12-01,0.0,obsolete,0.0,0.0
P0003,2026-01-01,0.0,obsolete,0.0,0.0
P0228,2025-08-01,6.527777777777777,sarima,5.222222222222221,7.833333333333332
P0228,2025-09-01,6.527777777777777,sarima,5.222222222222221,7.833333333333332
P0228,2025-10-01,6.527777777777777,sarima,5.222222222222221,7.833333333333332
P0228,2025-11-01,6.527777777777777,sarima,5.222222222222221,7.833333333333332
P0228,2025-12-01,6.527777777777777,sarima,5.222222222222221,7.833333333333332
P0228,2026-01-01,6.527777777777777,sarima,5.222222222222221,7.833333333333332
P0049,2025-08-01,6.333333333333332,sarima,5.066666666666666,7.599999999999998
P0049,2025-09-01,6.333333333333332,sarima,5.066666666666666,7.599999999999998
P0049,2025-10-01,6.333333333333332,sarima,5.066666666666666,7.599999999999998
P0049,2025-11-01,6.333333333333332,sarima,5.066666666666666,7.599999999999998
P0049,2025-12-01,6.333333333333332,sarima,5.066666666666666,7.599999999999998
P0049,2026-01-01,6.333333333333332,sarima,5.066666666666666,7.599999999999998
P0151,2025-08-01,52.07607296195195,sarima,41.660858369561566,62.491287554342335
P0151,2025-09-01,42.93269094446946,sarima,34.346152755575574,51.51922913336335
P0151,2025-10-01,39.43822138749981,sarima,31.55057710999985,47.32586566499977
P0151,2025-11-01,38.10268520830056,sarima,30.482148166640453,45.72322224996068
P0151,2025-12-01,37.59226242256112,sarima,30.073809938048896,45.110714907073344
P0151,2026-01-01,37.39718614963063,sarima,29.917748919704504,44.876623379556754
P0163,2025-08-01,104.0,sarima,83.2,124.8
P0163,2025-09-01,38.0,sarima,30.4,45.6
P0163,2025-10-01,23.0,sarima,18.4,27.6
P0163,2025-11-01,39.0,sarima,31.200000000000003,46.8
P0163,2025-12-01,62.0,sarima,49.6,74.39999999999999
P0163,2026-01-01,61.0,sarima,48.8,73.2
P0244,2025-08-01,37.79466161133334,sarima,30.235729289066672,45.3535939336
P0244,2025-09-01,52.254228876843456,sarima,41.803383101474765,62.70507465221215
P0244,2025-10-01,29.469456216039625,sarima,23.5755649728317,35.36334745924755
P0244,2025-11-01,33.851143266194214,sarima,27.08091461295537,40.62137191943305
P0244,2025-12-01,29.469456216039625,sarima,23.5755649728317,35.36334745924755
P0244,2026-01-01,33.851143266194214,sarima,27.08091461295537,40.62137191943305
P0193,2025-08-01,0.0,obsolete,0.0,0.0
P0193,2025-09-01,0.0,obsolete,0.0,0.0
P0193,2025-10-01,0.0,obsolete,0.0,0.0
P0193,2025-11-01,0.0,obsolete,0.0,0.0
P0193,2025-12-01,0.0,obsolete,0.0,0.0
P0193,2026-01-01,0.0,obsolete,0.0,0.0
P0203,2025-08-01,52.90806533079407,sarima,42.32645226463526,63.48967839695288
P0203,2025-09-01,41.49239699029022,sarima,33.193917592232175,49.79087638834826
P0203,2025-10-01,57.11383787729549,sarima,45.69107030183639,68.53660545275459
P0203,2025-11-01,57.11383787729549,sarima,45.69107030183639,68.53660545275459
P0203,2025-12-01,39.0890983922894,sarima,31.27127871383152,46.90691807074728
P0203,2026-01-01,28.875079350785956,sarima,23.10006348062876,34.65009522094314
P0036,2025-08-01,2.916666666666666,sarima,2.333333333333333,3.499999999999999
P0036,2025-09-01,2.916666666666666,sarima,2.333333333333333,3.499999999999999
P0036,2025-10-01,2.916666666666666,sarima,2.333333333333333,3.499999999999999
P0036,2025-11-01,2.916666666666666,sarima,2.333333333333333,3.499999999999999
P0036,2025-12-01,2.916666666666666,sarima,2.333333333333333,3.499999999999999
P0036,2026-01-01,2.916666666666666,sarima,2.333333333333333,3.499999999999999
P0246,2025-08-01,4.604134087663944,sarima,3.6833072701311553,5.524960905196733
P0246,2025-09-01,5.434037829868989,sarima,4.347230263895191,6.5208453958427866
P0246,2025-10-01,2.554776676314707,sarima,2.0438213410517654,3.0657320115776483
P0246,2025-11-01,0.1989623426473641,sarima,0.1591698741178913,0.2387548111768369
P0246,2025-12-01,0.1903646731870535,sarima,0.1522917385496428,0.2284376078244641
P0246,2026-01-01,4.655048774677974,sarima,3.72403901974238,5.5860585296135685
P0160,2025-08-01,72.39932535980762,sarima,57.9194602878461,86.87919043176915
P0160,2025-09-01,42.25808368869929,sarima,33.80646695095943,50.70970042643914
P0160,2025-10-01,30.22178138326223,sarima,24.177425106609785,36.26613765991468
P0160,2025-11-01,18.40726046108741,sarima,14.725808368869927,22.08871255330489
P0160,2025-12-01,46.854790778251775,sarima,37.48383262260142,56.22574893390213
P0160,2026-01-01,33.556437233475535,sarima,26.84514978678043,40.26772468017064
P0174,2025-08-01,30.194444444444443,sarima,24.155555555555555,36.23333333333333
P0174,2025-09-01,30.194444444444443,sarima,24.155555555555555,36.23333333333333
P0174,2025-10-01,30.194444444444443,sarima,24.155555555555555,36.23333333333333
P0174,2025-11-01,30.194444444444443,sarima,24.155555555555555,36.23333333333333
P0174,2025-12-01,30.194444444444443,sarima,24.155555555555555,36.23333333333333
P0174,2026-01-01,30.194444444444443,sarima,24.155555555555555,36.23333333333333
P0260,2025-08-01,1.7777777777777777,sarima,1.4222222222222225,2.1333333333333333
P0260,2025-09-01,1.7777777777777777,sarima,1.4222222222222225,2.1333333333333333
P0260,2025-10-01,1.7777777777777777,sarima,1.4222222222222225,2.1333333333333333
P0260,2025-11-01,1.7777777777777777,sarima,1.4222222222222225,2.1333333333333333
P0260,2025-12-01,1.7777777777777777,sarima,1.4222222222222225,2.1333333333333333
P0260,2026-01-01,1.7777777777777777,sarima,1.4222222222222225,2.1333333333333333
P0207,2025-08-01,52.27777777777778,sarima,41.82222222222222,62.73333333333333
P0207,2025-09-01,52.27777777777778,sarima,41.82222222222222,62.73333333333333
P0207,2025-10-01,52.27777777777778,sarima,41.82222222222222,62.73333333333333
P0207,2025-11-01,52.27777777777778,sarima,41.82222222222222,62.73333333333333
P0207,2025-12-01,52.27777777777778,sarima,41.82222222222222,62.73333333333333
P0207,2026-01-01,52.27777777777778,sarima,41.82222222222222,62.73333333333333
P0122,2025-08-01,57.41816756295499,sarima,45.93453405036399,68.90180107554599
P0122,2025-09-01,52.20644202914639,sarima,41.76515362331711,62.647730434975664
P0122,2025-10-01,41.07690684680952,sarima,32.86152547744762,49.29228821617142
P0122,2025-11-01,42.08716705248592,sarima,33.669733641988735,50.5046004629831
P0122,2025-12-01,31.23525501620594,sarima,24.988204012964754,37.48230601944713
P0122,2026-01-01,54.08310372710007,sarima,43.266482981680056,64.89972447252008
P0181,2025-08-01,6.499999999999999,sarima,5.199999999999999,7.799999999999999
P0181,2025-09-01,6.499999999999999,sarima,5.199999999999999,7.799999999999999
P0181,2025-10-01,6.499999999999999,sarima,5.199999999999999,7.799999999999999
P0181,2025-11-01,6.499999999999999,sarima,5.199999999999999,7.799999999999999
P0181,2025-12-01,6.499999999999999,sarima,5.199999999999999,7.799999999999999
P0181,2026-01-01,6.499999999999999,sarima,5.199999999999999,7.799999999999999
P0171,2025-08-01,33.388888888888886,sarima,26.71111111111111,40.06666666666666
P0171,2025-09-01,33.388888888888886,sarima,26.71111111111111,40.06666666666666
P0171,2025-10-01,33.388888888888886,sarima,26.71111111111111,40.06666666666666
P0171,2025-11-01,33.388888888888886,sarima,26.71111111111111,40.06666666666666
P0171,2025-12-01,33.388888888888886,sarima,26.71111111111111,40.06666666666666
P0171,2026-01-01,33.388888888888886,sarima,26.71111111111111,40.06666666666666
P0106,2025-08-01,0.0,obsolete,0.0,0.0
P0106,2025-09-01,0.0,obsolete,0.0,0.0
P0106,2025-10-01,0.0,obsolete,0.0,0.0
P0106,2025-11-01,0.0,obsolete,0.0,0.0
P0106,2025-12-01,0.0,obsolete,0.0,0.0
P0106,2026-01-01,0.0,obsolete,0.0,0.0
P0108,2025-08-01,2.6666666666666665,sarima,2.1333333333333333,3.2
P0108,2025-09-01,2.6666666666666665,sarima,2.1333333333333333,3.2
P0108,2025-10-01,2.6666666666666665,sarima,2.1333333333333333,3.2
P0108,2025-11-01,2.6666666666666665,sarima,2.1333333333333333,3.2
P0108,2025-12-01,2.6666666666666665,sarima,2.1333333333333333,3.2
P0108,2026-01-01,2.6666666666666665,sarima,2.1333333333333333,3.2
P0140,2025-08-01,36.79619509286408,sarima,29.436956074291267,44.1554341114369
P0140,2025-09-01,38.52117114489448,sarima,30.81693691591558,46.225405373873365
P0140,2025-10-01,39.14156758883927,sarima,31.31325407107142,46.969881106607126
P0140,2025-11-01,39.36469633732614,sarima,31.49175706986091,47.237635604791365
P0140,2025-12-01,39.44494573089897,sarima,31.55595658471918,47.33393487707877
P0140,2026-01-01,39.473807835009175,sarima,31.579046268007342,47.36856940201101
P0252,2025-08-01,2.866539028431233,sarima,2.2932312227449865,3.4398468341174797
P0252,2025-09-01,3.499216268623207,sarima,2.7993730148985656,4.199059522347848
P0252,2025-10-01,3.178558743254025,sarima,2.54284699460322,3.8142704919048303
P0252,2025-11-01,0.0784003743001844,sarima,0.0627202994401475,0.0940804491602213
P0252,2025-12-01,3.3850288068529344,sarima,2.7080230454823475,4.062034568223521
P0252,2026-01-01,2.369954109951167,sarima,1.8959632879609336,2.8439449319414005
P0231,2025-08-01,0.0,obsolete,0.0,0.0
P0231,2025-09-01,0.0,obsolete,0.0,0.0
P0231,2025-10-01,0.0,obsolete,0.0,0.0
P0231,2025-11-01,0.0,obsolete,0.0,0.0
P0231,2025-12-01,0.0,obsolete,0.0,0.0
P0231,2026-01-01,0.0,obsolete,0.0,0.0
P0273,2025-08-01,0.0,obsolete,0.0,0.0
P0273,2025-09-01,0.0,obsolete,0.0,0.0
P0273,2025-10-01,0.0,obsolete,0.0,0.0
P0273,2025-11-01,0.0,obsolete,0.0,0.0
P0273,2025-12-01,0.0,obsolete,0.0,0.0
P0273,2026-01-01,0.0,obsolete,0.0,0.0
P0224,2025-08-01,2.10085893584111,sarima,1.680687148672888,2.521030723009332
P0224,2025-09-01,2.3705568137487747,sarima,1.89644545099902,2.844668176498529
P0224,2025-10-01,2.3705568137487747,sarima,1.89644545099902,2.844668176498529
P0224,2025-11-01,2.3705568137487747,sarima,1.89644545099902,2.844668176498529
P0224,2025-12-01,2.3705568137487747,sarima,1.89644545099902,2.844668176498529
P0224,2026-01-01,2.3705568137487747,sarima,1.89644545099902,2.844668176498529
P0027,2025-08-01,0.0,obsolete,0.0,0.0
P0027,2025-09-01,0.0,obsolete,0.0,0.0
P0027,2025-10-01,0.0,obsolete,0.0,0.0
P0027,2025-11-01,0.0,obsolete,0.0,0.0
P0027,2025-12-01,0.0,obsolete,0.0,0.0
P0027,2026-01-01,0.0,obsolete,0.0,0.0
P0082,2025-08-01,0.0,obsolete,0.0,0.0
P0082,2025-09-01,0.0,obsolete,0.0,0.0
P0082,2025-10-01,0.0,obsolete,0.0,0.0
P0082,2025-11-01,0.0,obsolete,0.0,0.0
P0082,2025-12-01,0.0,obsolete,0.0,0.0
P0082,2026-01-01,0.0,obsolete,0.0,0.0
P0103,2025-08-01,20.49762199792669,sarima,16.39809759834135,24.597146397512027
P0103,2025-09-01,14.638269461020348,sarima,11.710615568816278,17.565923353224417
P0103,2025-10-01,20.187726160946237,sarima,16.15018092875699,24.22527139313548
P0103,2025-11-01,15.517099686270036,sarima,12.413679749016028,18.62051962352404
P0103,2025-12-01,12.11755689142418,sarima,9.694045513139343,14.541068269709015
P0103,2026-01-01,12.968145237987372,sarima,10.374516190389896,15.561774285584846
P0276,2025-08-01,14.759441935892552,sarima,11.807553548714044,17.711330323071063
P0276,2025-09-01,13.175395708131484,sarima,10.540316566505188,15.81047484975778
P0276,2025-10-01,12.696591271468606,sarima,10.157273017174886,15.235909525762326
P0276,2025-11-01,12.551864631203763,sarima,10.041491704963011,15.062237557444517
P0276,2025-12-01,12.508118586266637,sarima,10.00649486901331,15.009742303519964
P0276,2026-01-01,12.49489561332856,sarima,9.995916490662848,14.99387473599427
P0031,2025-08-01,0.0,obsolete,0.0,0.0
P0031,2025-09-01,0.0,obsolete,0.0,0.0
P0031,2025-10-01,0.0,obsolete,0.0,0.0
P0031,2025-11-01,0.0,obsolete,0.0,0.0
P0031,2025-12-01,0.0,obsolete,0.0,0.0
P0031,2026-01-01,0.0,obsolete,0.0,0.0
P0253,2025-08-01,3.916666666666666,sarima,3.133333333333333,4.699999999999999
P0253,2025-09-01,3.916666666666666,sarima,3.133333333333333,4.699999999999999
P0253,2025-10-01,3.916666666666666,sarima,3.133333333333333,4.699999999999999
P0253,2025-11-01,3.916666666666666,sarima,3.133333333333333,4.699999999999999
P0253,2025-12-01,3.916666666666666,sarima,3.133333333333333,4.699999999999999
P0253,2026-01-01,3.916666666666666,sarima,3.133333333333333,4.699999999999999
P0047,2025-08-01,0.0,obsolete,0.0,0.0
P0047,2025-09-01,0.0,obsolete,0.0,0.0
P0047,2025-10-01,0.0,obsolete,0.0,0.0
P0047,2025-11-01,0.0,obsolete,0.0,0.0
P0047,2025-12-01,0.0,obsolete,0.0,0.0
P0047,2026-01-01,0.0,obsolete,0.0,0.0
P0274,2025-08-01,22.816185313997156,sarima,18.25294825119772,27.379422376796583
P0274,2025-09-01,18.592473715521265,sarima,14.873978972417014,22.31096845862552
P0274,2025-10-01,12.256906317807438,sarima,9.805525054245953,14.708287581368923
P0274,2025-11-01,18.592473715521265,sarima,14.873978972417014,22.31096845862552
P0274,2025-12-01,16.480617916283325,sarima,13.18449433302666,19.77674149953999
P0274,2026-01-01,11.728942367997952,sarima,9.383153894398362,14.074730841597544
P0153,2025-08-01,56.00000000000001,sarima,44.80000000000001,67.2
P0153,2025-09-01,35.0,sarima,28.0,42.0
P0153,2025-10-01,35.0,sarima,28.0,42.0
P0153,2025-11-01,22.000000000000004,sarima,17.600000000000005,26.4
P0153,2025-12-01,39.0,sarima,31.200000000000003,46.8
P0153,2026-01-01,24.0,sarima,19.200000000000003,28.8
P0266,2025-08-01,6.916666666666666,sarima,5.533333333333333,8.299999999999999
P0266,2025-09-01,6.916666666666666,sarima,5.533333333333333,8.299999999999999
P0266,2025-10-01,6.916666666666666,sarima,5.533333333333333,8.299999999999999
P0266,2025-11-01,6.916666666666666,sarima,5.533333333333333,8.299999999999999
P0266,2025-12-01,6.916666666666666,sarima,5.533333333333333,8.299999999999999
P0266,2026-01-01,6.916666666666666,sarima,5.533333333333333,8.299999999999999
P0210,2025-08-01,74.28048560169934,sarima,59.42438848135947,89.13658272203921
P0210,2025-09-01,77.52785029912145,sarima,62.02228023929717,93.03342035894576
P0210,2025-10-01,58.15819893038278,sarima,46.52655914430623,69.78983871645933
P0210,2025-11-01,51.854644704440176,sarima,41.48371576355214,62.22557364532821
P0210,2025-12-01,42.48258372256364,sarima,33.986066978050914,50.97910046707637
P0210,2026-01-01,49.61934179155832,sarima,39.69547343324666,59.54321014986998
P0125,2025-08-01,41.61111111111111,sarima,33.288888888888884,49.93333333333333
P0125,2025-09-01,41.61111111111111,sarima,33.288888888888884,49.93333333333333
P0125,2025-10-01,41.61111111111111,sarima,33.288888888888884,49.93333333333333
P0125,2025-11-01,41.61111111111111,sarima,33.288888888888884,49.93333333333333
P0125,2025-12-01,41.61111111111111,sarima,33.288888888888884,49.93333333333333
P0125,2026-01-01,41.61111111111111,sarima,33.288888888888884,49.93333333333333
P0279,2025-08-01,9.805555555555555,sarima,7.844444444444446,11.766666666666667
P0279,2025-09-01,9.805555555555555,sarima,7.844444444444446,11.766666666666667
P0279,2025-10-01,9.805555555555555,sarima,7.844444444444446,11.766666666666667
P0279,2025-11-01,9.805555555555555,sarima,7.844444444444446,11.766666666666667
P0279,2025-12-01,9.805555555555555,sarima,7.844444444444446,11.766666666666667
P0279,2026-01-01,9.805555555555555,sarima,7.844444444444446,11.766666666666667
P0198,2025-08-01,48.1111111111111,sarima,38.48888888888888,57.73333333333332
P0198,2025-09-01,48.1111111111111,sarima,38.48888888888888,57.73333333333332
P0198,2025-10-01,48.1111111111111,sarima,38.48888888888888,57.73333333333332
P0198,2025-11-01,48.1111111111111,sarima,38.48888888888888,57.73333333333332
P0198,2025-12-01,48.1111111111111,sarima,38.48888888888888,57.73333333333332
P0198,2026-01-01,48.1111111111111,sarima,38.48888888888888,57.73333333333332
P0137,2025-08-01,4.370663730228487,sarima,3.49653098418279,5.2447964762741845
P0137,2025-09-01,7.172721289461006,sarima,5.738177031568806,8.607265547353208
P0137,2025-10-01,6.143598140654348,sarima,4.914878512523479,7.372317768785217
P0137,2025-11-01,6.521568411793181,sarima,5.217254729434545,7.825882094151817
P0137,2025-12-01,6.382749723251949,sarima,5.10619977860156,7.659299667902339
P0137,2026-01-01,6.4337342311875725,sarima,5.146987384950059,7.720481077425086
P0233,2025-08-01,0.0,obsolete,0.0,0.0
P0233,2025-09-01,0.0,obsolete,0.0,0.0
P0233,2025-10-01,0.0,obsolete,0.0,0.0
P0233,2025-11-01,0.0,obsolete,0.0,0.0
P0233,2025-12-01,0.0,obsolete,0.0,0.0
P0233,2026-01-01,0.0,obsolete,0.0,0.0
P0170,2025-08-01,0.0,obsolete,0.0,0.0
P0170,2025-09-01,0.0,obsolete,0.0,0.0
P0170,2025-10-01,0.0,obsolete,0.0,0.0
P0170,2025-11-01,0.0,obsolete,0.0,0.0
P0170,2025-12-01,0.0,obsolete,0.0,0.0
P0170,2026-01-01,0.0,obsolete,0.0,0.0
P0261,2025-08-01,0.0,sarima,0.0,0.0
P0261,2025-09-01,0.4747431901104779,sarima,0.3797945520883823,0.5696918281325735
P0261,2025-10-01,0.0,sarima,0.0,0.0
P0261,2025-11-01,0.0,sarima,0.0,0.0
P0261,2025-12-01,0.1169853126721462,sarima,0.093588250137717,0.1403823752065755
P0261,2026-01-01,0.0,sarima,0.0,0.0
P0132,2025-08-01,66.72903467072295,sarima,53.38322773657836,80.07484160486754
P0132,2025-09-01,43.130959839189856,sarima,34.50476787135189,51.757151807027824
P0132,2025-10-01,36.58279454604831,sarima,29.266235636838644,43.899353455257966
P0132,2025-11-01,48.045274479968285,sarima,38.43621958397463,57.654329375961936
P0132,2025-12-01,51.16553657849762,sarima,40.9324292627981,61.39864389419714
P0132,2026-01-01,32.500103714680606,sarima,26.000082971744487,39.00012445761673
P0234,2025-08-01,0.0,obsolete,0.0,0.0
P0234,2025-09-01,0.0,obsolete,0.0,0.0
P0234,2025-10-01,0.0,obsolete,0.0,0.0
P0234,2025-11-01,0.0,obsolete,0.0,0.0
P0234,2025-12-01,0.0,obsolete,0.0,0.0
P0234,2026-01-01,0.0,obsolete,0.0,0.0
P0128,2025-08-01,0.0,obsolete,0.0,0.0
P0128,2025-09-01,0.0,obsolete,0.0,0.0
P0128,2025-10-01,0.0,obsolete,0.0,0.0
P0128,2025-11-01,0.0,obsolete,0.0,0.0
P0128,2025-12-01,0.0,obsolete,0.0,0.0
P0128,2026-01-01,0.0,obsolete,0.0,0.0
P0272,2025-08-01,20.41329211019565,sarima,16.33063368815652,24.495950532234776
P0272,2025-09-01,16.248599881429467,sarima,12.998879905143577,19.49831985771536
P0272,2025-10-01,14.582722989922994,sarima,11.666178391938397,17.499267587907593
P0272,2025-11-01,14.582722989922994,sarima,11.666178391938397,17.499267587907593
P0272,2025-12-01,11.667438429786666,sarima,9.333950743829332,14.000926115744
P0272,2026-01-01,18.33094599581256,sarima,14.664756796650048,21.99713519497507
P0130,2025-08-01,45.77777777777778,sarima,36.62222222222223,54.93333333333333
P0130,2025-09-01,45.77777777777778,sarima,36.62222222222223,54.93333333333333
P0130,2025-10-01,45.77777777777778,sarima,36.62222222222223,54.93333333333333
P0130,2025-11-01,45.77777777777778,sarima,36.62222222222223,54.93333333333333
P0130,2025-12-01,45.77777777777778,sarima,36.62222222222223,54.93333333333333
P0130,2026-01-01,45.77777777777778,sarima,36.62222222222223,54.93333333333333
P0271,2025-08-01,29.58495687610985,sarima,23.66796550088788,35.50194825133181
P0271,2025-09-01,22.628734033787406,sarima,18.102987227029924,27.15448084054489
P0271,2025-10-01,16.106337625980952,sarima,12.885070100784764,19.327605151177146
P0271,2025-11-01,20.13086901616448,sarima,16.104695212931585,24.15704281939738
P0271,2025-12-01,19.1247361686186,sarima,15.29978893489488,22.94968340234232
P0271,2026-01-01,15.100204778435067,sarima,12.080163822748055,18.12024573412208
P0199,2025-08-01,0.0,obsolete,0.0,0.0
P0199,2025-09-01,0.0,obsolete,0.0,0.0
P0199,2025-10-01,0.0,obsolete,0.0,0.0
P0199,2025-11-01,0.0,obsolete,0.0,0.0
P0199,2025-12-01,0.0,obsolete,0.0,0.0
P0199,2026-01-01,0.0,obsolete,0.0,0.0
P0126,2025-08-01,55.71750544192171,sarima,44.57400435353737,66.86100653030604
P0126,2025-09-01,54.94868366562648,sarima,43.95894693250119,65.93842039875177
P0126,2025-10-01,36.92519565187383,sarima,29.540156521499064,44.31023478224859
P0126,2025-11-01,37.775872857108,sarima,30.2206982856864,45.3310474285296
P0126,2025-12-01,43.90556032097183,sarima,35.12444825677746,52.6866723851662
P0126,2026-01-01,48.50954711127012,sarima,38.8076376890161,58.21145653352414
P0127,2025-08-01,37.86111111111111,sarima,30.288888888888888,45.43333333333333
P0127,2025-09-01,37.86111111111111,sarima,30.288888888888888,45.43333333333333
P0127,2025-10-01,37.86111111111111,sarima,30.288888888888888,45.43333333333333
P0127,2025-11-01,37.86111111111111,sarima,30.288888888888888,45.43333333333333
P0127,2025-12-01,37.86111111111111,sarima,30.288888888888888,45.43333333333333
P0127,2026-01-01,37.86111111111111,sarima,30.288888888888888,45.43333333333333
P0121,2025-08-01,33.33333333333333,sarima,26.666666666666664,39.99999999999999
P0121,2025-09-01,33.33333333333333,sarima,26.666666666666664,39.99999999999999
P0121,2025-10-01,33.33333333333333,sarima,26.666666666666664,39.99999999999999
P0121,2025-11-01,33.33333333333333,sarima,26.666666666666664,39.99999999999999
P0121,2025-12-01,33.33333333333333,sarima,26.666666666666664,39.99999999999999
P0121,2026-01-01,33.33333333333333,sarima,26.666666666666664,39.99999999999999
P0211,2025-08-01,75.53367137160731,sarima,60.42693709728585,90.64040564592877
P0211,2025-09-01,45.413755037134514,sarima,36.331004029707614,54.49650604456141
P0211,2025-10-01,43.36403677089123,sarima,34.691229416712986,52.03684412506948
P0211,2025-11-01,36.10842134405221,sarima,28.88673707524177,43.33010561286265
P0211,2025-12-01,47.63142572502386,sarima,38.10514058001909,57.15771087002863
P0211,2026-01-01,39.92367684072765,sarima,31.938941472582115,47.90841220887317
P0173,2025-08-01,8.172014186195009,croston_sba,6.537611348956007,9.80641702343401
P0173,2025-09-01,8.172014186195009,croston_sba,6.537611348956007,9.80641702343401
P0173,2025-10-01,8.172014186195009,croston_sba,6.537611348956007,9.80641702343401
P0173,2025-11-01,8.172014186195009,croston_sba,6.537611348956007,9.80641702343401
P0173,2025-12-01,8.172014186195009,croston_sba,6.537611348956007,9.80641702343401
P0173,2026-01-01,8.172014186195009,croston_sba,6.537611348956007,9.80641702343401
P0131,2025-08-01,46.77777777777777,sarima,37.42222222222222,56.133333333333326
P0131,2025-09-01,46.77777777777777,sarima,37.42222222222222,56.133333333333326
P0131,2025-10-01,46.77777777777777,sarima,37.42222222222222,56.133333333333326
P0131,2025-11-01,46.77777777777777,sarima,37.42222222222222,56.133333333333326
P0131,2025-12-01,46.77777777777777,sarima,37.42222222222222,56.133333333333326
P0131,2026-01-01,46.77777777777777,sarima,37.42222222222222,56.133333333333326
P0202,2025-08-01,0.0,obsolete,0.0,0.0
P0202,2025-09-01,0.0,obsolete,0.0,0.0
P0202,2025-10-01,0.0,obsolete,0.0,0.0
P0202,2025-11-01,0.0,obsolete,0.0,0.0
P0202,2025-12-01,0.0,obsolete,0.0,0.0
P0202,2026-01-01,0.0,obsolete,0.0,0.0
P0143,2025-08-01,37.61111111111112,sarima,30.08888888888889,45.13333333333333
P0143,2025-09-01,37.61111111111112,sarima,30.08888888888889,45.13333333333333
P0143,2025-10-01,37.61111111111112,sarima,30.08888888888889,45.13333333333333
P0143,2025-11-01,37.61111111111112,sarima,30.08888888888889,45.13333333333333
P0143,2025-12-01,37.61111111111112,sarima,30.08888888888889,45.13333333333333
P0143,2026-01-01,37.61111111111112,sarima,30.08888888888889,45.13333333333333
P0278,2025-08-01,10.436838692591497,sarima,8.349470954073196,12.524206431109794
P0278,2025-09-01,12.62357737582781,sarima,10.09886190066225,15.148292850993371
P0278,2025-10-01,10.707412946097644,sarima,8.565930356878116,12.848895535317173
P0278,2025-11-01,8.918207822444506,sarima,7.134566257955605,10.701849386933407
P0278,2025-12-01,12.012955634160631,sarima,9.610364507328503,14.415546760992758
P0278,2026-01-01,7.867963680395773,sarima,6.2943709443166185,9.441556416474928
P0213,2025-08-01,0.0,obsolete,0.0,0.0
P0213,2025-09-01,0.0,obsolete,0.0,0.0
P0213,2025-10-01,0.0,obsolete,0.0,0.0
P0213,2025-11-01,0.0,obsolete,0.0,0.0
P0213,2025-12-01,0.0,obsolete,0.0,0.0
P0213,2026-01-01,0.0,obsolete,0.0,0.0
P0259,2025-08-01,0.0,obsolete,0.0,0.0
P0259,2025-09-01,0.0,obsolete,0.0,0.0
P0259,2025-10-01,0.0,obsolete,0.0,0.0
P0259,2025-11-01,0.0,obsolete,0.0,0.0
P0259,2025-12-01,0.0,obsolete,0.0,0.0
P0259,2026-01-01,0.0,obsolete,0.0,0.0
P0226,2025-08-01,1.12788098598882,sarima,0.902304788791056,1.353457183186584
P0226,2025-09-01,1.108774148412238,sarima,0.8870193187297905,1.3305289780946856
P0226,2025-10-01,1.060785453311892,sarima,0.8486283626495137,1.2729425439742703
P0226,2025-11-01,1.0755520746622658,sarima,0.8604416597298127,1.290662489594719
P0226,2025-12-01,1.0924253280017404,sarima,0.8739402624013923,1.3109103936020885
P0226,2026-01-01,1.0840333004402498,sarima,0.8672266403521999,1.3008399605282996
P0225,2025-08-01,0.0,obsolete,0.0,0.0
P0225,2025-09-01,0.0,obsolete,0.0,0.0
P0225,2025-10-01,0.0,obsolete,0.0,0.0
P0225,2025-11-01,0.0,obsolete,0.0,0.0
P0225,2025-12-01,0.0,obsolete,0.0,0.0
P0225,2026-01-01,0.0,obsolete,0.0,0.0
P0142,2025-08-01,6.083333333333333,sarima,4.866666666666667,7.299999999999999
P0142,2025-09-01,6.083333333333333,sarima,4.866666666666667,7.299999999999999
P0142,2025-10-01,6.083333333333333,sarima,4.866666666666667,7.299999999999999
P0142,2025-11-01,6.083333333333333,sarima,4.866666666666667,7.299999999999999
P0142,2025-12-01,6.083333333333333,sarima,4.866666666666667,7.299999999999999
P0142,2026-01-01,6.083333333333333,sarima,4.866666666666667,7.299999999999999
P0196,2025-08-01,0.0,obsolete,0.0,0.0
P0196,2025-09-01,0.0,obsolete,0.0,0.0
P0196,2025-10-01,0.0,obsolete,0.0,0.0
P0196,2025-11-01,0.0,obsolete,0.0,0.0
P0196,2025-12-01,0.0,obsolete,0.0,0.0
P0196,2026-01-01,0.0,obsolete,0.0,0.0
P0200,2025-08-01,179.875,sarima,143.9,215.85
P0200,2025-09-01,65.875,sarima,52.7,79.05
P0200,2025-10-01,95.875,sarima,76.7,115.05
P0200,2025-11-01,102.875,sarima,82.30000000000001,123.45
P0200,2025-12-01,60.875,sarima,48.7,73.05
P0200,2026-01-01,78.875,sarima,63.1,94.65
P0277,2025-08-01,0.0,sarima,0.0,0.0
P0277,2025-09-01,1.2258720347154108,sarima,0.9806976277723288,1.471046441658493
P0277,2025-10-01,0.0,sarima,0.0,0.0
P0277,2025-11-01,0.7842467543669978,sarima,0.6273974034935983,0.9410961052403972
P0277,2025-12-01,0.0,sarima,0.0,0.0
P0277,2026-01-01,0.5067389229061705,sarima,0.4053911383249364,0.6080867074874046
P0205,2025-08-01,77.02496303556022,sarima,61.61997042844818,92.42995564267224
P0205,2025-09-01,84.3259842061706,sarima,67.46078736493648,101.19118104740473
P0205,2025-10-01,66.5949327918311,sarima,53.27594623346488,79.91391935019732
P0205,2025-11-01,51.99289045061032,sarima,41.59431236048826,62.391468540732376
P0205,2025-12-01,63.98742523089881,sarima,51.18994018471905,76.78491027707857
P0205,2026-01-01,47.29937684093221,sarima,37.83950147274577,56.75925220911865
P0242,2025-08-01,60.00861134563087,sarima,48.0068890765047,72.01033361475704
P0242,2025-09-01,46.91447179123588,sarima,37.53157743298871,56.29736614948306
P0242,2025-10-01,35.01070855996771,sarima,28.00856684797417,42.01285027196125
P0242,2025-11-01,39.17702569091156,sarima,31.341620552729253,47.01243082909387
P0242,2025-12-01,48.104848114362696,sarima,38.48387849149016,57.72581773723523
P0242,2026-01-01,51.67597708374315,sarima,41.34078166699452,62.011172500491774
P0162,2025-08-01,0.0,obsolete,0.0,0.0
P0162,2025-09-01,0.0,obsolete,0.0,0.0
P0162,2025-10-01,0.0,obsolete,0.0,0.0
P0162,2025-11-01,0.0,obsolete,0.0,0.0
P0162,2025-12-01,0.0,obsolete,0.0,0.0
P0162,2026-01-01,0.0,obsolete,0.0,0.0
P0236,2025-08-01,38.69444444444444,sarima,30.95555555555556,46.43333333333333
P0236,2025-09-01,38.69444444444444,sarima,30.95555555555556,46.43333333333333
P0236,2025-10-01,38.69444444444444,sarima,30.95555555555556,46.43333333333333
P0236,2025-11-01,38.69444444444444,sarima,30.95555555555556,46.43333333333333
P0236,2025-12-01,38.69444444444444,sarima,30.95555555555556,46.43333333333333
P0236,2026-01-01,38.69444444444444,sarima,30.95555555555556,46.43333333333333
P0100,2025-08-01,2.7777777777777777,sarima,2.2222222222222223,3.333333333333333
P0100,2025-09-01,2.7777777777777777,sarima,2.2222222222222223,3.333333333333333
P0100,2025-10-01,2.7777777777777777,sarima,2.2222222222222223,3.333333333333333
P0100,2025-11-01,2.7777777777777777,sarima,2.2222222222222223,3.333333333333333
P0100,2025-12-01,2.7777777777777777,sarima,2.2222222222222223,3.333333333333333
P0100,2026-01-01,2.7777777777777777,sarima,2.2222222222222223,3.333333333333333
P0241,2025-08-01,0.0,obsolete,0.0,0.0
P0241,2025-09-01,0.0,obsolete,0.0,0.0
P0241,2025-10-01,0.0,obsolete,0.0,0.0
P0241,2025-11-01,0.0,obsolete,0.0,0.0
P0241,2025-12-01,0.0,obsolete,0.0,0.0
P0241,2026-01-01,0.0,obsolete,0.0,0.0
P0206,2025-08-01,0.0,obsolete,0.0,0.0
P0206,2025-09-01,0.0,obsolete,0.0,0.0
P0206,2025-10-01,0.0,obsolete,0.0,0.0
P0206,2025-11-01,0.0,obsolete,0.0,0.0
P0206,2025-12-01,0.0,obsolete,0.0,0.0
P0206,2026-01-01,0.0,obsolete,0.0,0.0
P0172,2025-08-01,6.976805146029825,croston_sba,5.58144411682386,8.37216617523579
P0172,2025-09-01,6.976805146029825,croston_sba,5.58144411682386,8.37216617523579
P0172,2025-10-01,6.976805146029825,croston_sba,5.58144411682386,8.37216617523579
P0172,2025-11-01,6.976805146029825,croston_sba,5.58144411682386,8.37216617523579
P0172,2025-12-01,6.976805146029825,croston_sba,5.58144411682386,8.37216617523579
P0172,2026-01-01,6.976805146029825,croston_sba,5.58144411682386,8.37216617523579
P0237,2025-08-01,33.66965259385714,sarima,26.93572207508571,40.40358311262856
P0237,2025-09-01,44.95905115352821,sarima,35.96724092282257,53.950861384233846
P0237,2025-10-01,38.69470914146827,sarima,30.95576731317462,46.43365096976193
P0237,2025-11-01,35.81158789543352,sarima,28.64927031634681,42.97390547452022
P0237,2025-12-01,21.843906064029348,sarima,17.47512485122348,26.21268727683521
P0237,2026-01-01,31.01041574314916,sarima,24.808332594519328,37.212498891778985
P0204,2025-08-01,61.56976533565732,sarima,49.25581226852586,73.88371840278877
P0204,2025-09-01,67.47169317582754,sarima,53.977354540662034,80.96603181099304
P0204,2025-10-01,54.35629797544926,sarima,43.48503838035941,65.2275575705391
P0204,2025-11-01,42.5524422951088,sarima,34.041953836087046,51.06293075413056
P0204,2025-12-01,35.33897493490074,sarima,28.271179947920597,42.40676992188089
P0204,2026-01-01,53.04475845541143,sarima,42.43580676432915,63.65371014649372
P0240,2025-08-01,38.77777777777777,sarima,31.02222222222222,46.53333333333333
P0240,2025-09-01,38.77777777777777,sarima,31.02222222222222,46.53333333333333
P0240,2025-10-01,38.77777777777777,sarima,31.02222222222222,46.53333333333333
P0240,2025-11-01,38.77777777777777,sarima,31.02222222222222,46.53333333333333
P0240,2025-12-01,38.77777777777777,sarima,31.02222222222222,46.53333333333333
P0240,2026-01-01,38.77777777777777,sarima,31.02222222222222,46.53333333333333
P0268,2025-08-01,3.0240669155464217,sarima,2.4192535324371374,3.628880298655706
P0268,2025-09-01,3.4340861581275703,sarima,2.7472689265020565,4.120903389753084
P0268,2025-10-01,3.388074612578881,sarima,2.710459690063105,4.065689535094657
P0268,2025-11-01,7.070078461095111,sarima,5.656062768876089,8.484094153314134
P0268,2025-12-01,4.3420630670301925,sarima,3.4736504536241544,5.210475680436231
P0268,2026-01-01,1.7520823096113407,sarima,1.4016658476890729,2.1024987715336088
P0254,2025-08-01,0.0,obsolete,0.0,0.0
P0254,2025-09-01,0.0,obsolete,0.0,0.0
P0254,2025-10-01,0.0,obsolete,0.0,0.0
P0254,2025-11-01,0.0,obsolete,0.0,0.0
P0254,2025-12-01,0.0,obsolete,0.0,0.0
P0254,2026-01-01,0.0,obsolete,0.0,0.0
P0161,2025-08-01,5.243634179702352,croston_sba,4.194907343761882,6.292361015642822
P0161,2025-09-01,5.243634179702352,croston_sba,4.194907343761882,6.292361015642822
P0161,2025-10-01,5.243634179702352,croston_sba,4.194907343761882,6.292361015642822
P0161,2025-11-01,5.243634179702352,croston_sba,4.194907343761882,6.292361015642822
P0161,2025-12-01,5.243634179702352,croston_sba,4.194907343761882,6.292361015642822
P0161,2026-01-01,5.243634179702352,croston_sba,4.194907343761882,6.292361015642822
P0139,2025-08-01,6.722222222222222,sarima,5.377777777777778,8.066666666666666
P0139,2025-09-01,6.722222222222222,sarima,5.377777777777778,8.066666666666666
P0139,2025-10-01,6.722222222222222,sarima,5.377777777777778,8.066666666666666
P0139,2025-11-01,6.722222222222222,sarima,5.377777777777778,8.066666666666666
P0139,2025-12-01,6.722222222222222,sarima,5.377777777777778,8.066666666666666
P0139,2026-01-01,6.722222222222222,sarima,5.377777777777778,8.066666666666666
P0120,2025-08-01,46.27777777777778,sarima,37.02222222222223,55.53333333333333
P0120,2025-09-01,46.27777777777778,sarima,37.02222222222223,55.53333333333333
P0120,2025-10-01,46.27777777777778,sarima,37.02222222222223,55.53333333333333
P0120,2025-11-01,46.27777777777778,sarima,37.02222222222223,55.53333333333333
P0120,2025-12-01,46.27777777777778,sarima,37.02222222222223,55.53333333333333
P0120,2026-01-01,46.27777777777778,sarima,37.02222222222223,55.53333333333333
P0257,2025-08-01,0.0,obsolete,0.0,0.0
P0257,2025-09-01,0.0,obsolete,0.0,0.0
P0257,2025-10-01,0.0,obsolete,0.0,0.0
P0257,2025-11-01,0.0,obsolete,0.0,0.0
P0257,2025-12-01,0.0,obsolete,0.0,0.0
P0257,2026-01-01,0.0,obsolete,0.0,0.0
P0258,2025-08-01,0.0,obsolete,0.0,0.0
P0258,2025-09-01,0.0,obsolete,0.0,0.0
P0258,2025-10-01,0.0,obsolete,0.0,0.0
P0258,2025-11-01,0.0,obsolete,0.0,0.0
P0258,2025-12-01,0.0,obsolete,0.0,0.0
P0258,2026-01-01,0.0,obsolete,0.0,0.0
P0256,2025-08-01,0.0,obsolete,0.0,0.0
P0256,2025-09-01,0.0,obsolete,0.0,0.0
P0256,2025-10-01,0.0,obsolete,0.0,0.0
P0256,2025-11-01,0.0,obsolete,0.0,0.0
P0256,2025-12-01,0.0,obsolete,0.0,0.0
P0256,2026-01-01,0.0,obsolete,0.0,0.0
P0238,2025-08-01,64.2825722321602,sarima,51.42605778572817,77.13908667859225
P0238,2025-09-01,49.59160877171124,sarima,39.67328701736899,59.50993052605348
P0238,2025-10-01,55.547053645722926,sarima,44.43764291657834,66.65646437486751
P0238,2025-11-01,36.57410872477594,sarima,29.259286979820757,43.88893046973113
P0238,2025-12-01,42.96440780619213,sarima,34.37152624495371,51.55728936743055
P0238,2026-01-01,62.91797416744252,sarima,50.33437933395402,75.50156900093101
P0250,2025-08-01,4.0,sarima,3.2,4.8
P0250,2025-09-01,1.0,sarima,0.8,1.2
P0250,2025-10-01,2.0,sarima,1.6,2.4
P0250,2025-11-01,5.0,sarima,4.0,6.0
P0250,2025-12-01,2.0,sarima,1.6,2.4
P0250,2026-01-01,5.0,sarima,4.0,6.0
P0249,2025-08-01,0.0,obsolete,0.0,0.0
P0249,2025-09-01,0.0,obsolete,0.0,0.0
P0249,2025-10-01,0.0,obsolete,0.0,0.0
P0249,2025-11-01,0.0,obsolete,0.0,0.0
P0249,2025-12-01,0.0,obsolete,0.0,0.0
P0249,2026-01-01,0.0,obsolete,0.0,0.0
P0124,2025-08-01,0.0,obsolete,0.0,0.0
P0124,2025-09-01,0.0,obsolete,0.0,0.0
P0124,2025-10-01,0.0,obsolete,0.0,0.0
P0124,2025-11-01,0.0,obsolete,0.0,0.0
P0124,2025-12-01,0.0,obsolete,0.0,0.0
P0124,2026-01-01,0.0,obsolete,0.0,0.0
P0169,2025-08-01,5.44987151656225,croston_sba,4.3598972132498,6.539845819874699
P0169,2025-09-01,5.44987151656225,croston_sba,4.3598972132498,6.539845819874699
P0169,2025-10-01,5.44987151656225,croston_sba,4.3598972132498,6.539845819874699
P0169,2025-11-01,5.44987151656225,croston_sba,4.3598972132498,6.539845819874699
P0169,2025-12-01,5.44987151656225,croston_sba,4.3598972132498,6.539845819874699
P0169,2026-01-01,5.44987151656225,croston_sba,4.3598972132498,6.539845819874699
P0129,2025-08-01,37.16324036533215,sarima,29.73059229226572,44.59588843839858
P0129,2025-09-01,39.65305435004551,sarima,31.722443480036407,47.583665220054606
P0129,2025-10-01,40.64897994393085,sarima,32.51918395514468,48.77877593271702
P0129,2025-11-01,52.10212427361228,sarima,41.68169941888982,62.52254912833473
P0129,2025-12-01,33.677500786733454,sarima,26.942000629386765,40.41300094408015
P0129,2026-01-01,40.64897994393085,sarima,32.51918395514468,48.77877593271702
P0239,2025-08-01,42.65907095633645,sarima,34.12725676506916,51.19088514760374
P0239,2025-09-01,54.672646268416,sarima,43.7381170147328,65.6071755220992
P0239,2025-10-01,22.66682827752475,sarima,18.133462622019803,27.2001939330297
P0239,2025-11-01,29.335595885346592,sarima,23.46847670827728,35.20271506241591
P0239,2025-12-01,28.0,sarima,22.4,33.6
P0239,2026-01-01,14.99951516742573,sarima,11.999612133940586,17.999418200910878
P0119,2025-08-01,5.242172879657632,sarima,4.193738303726106,6.290607455589158
P0119,2025-09-01,6.352852789031793,sarima,5.0822822312254345,7.623423346838152
P0119,2025-10-01,6.352852789031793,sarima,5.0822822312254345,7.623423346838152
P0119,2025-11-01,6.352852789031793,sarima,5.0822822312254345,7.623423346838152
P0119,2025-12-01,6.352852789031793,sarima,5.0822822312254345,7.623423346838152
P0119,2026-01-01,6.352852789031793,sarima,5.0822822312254345,7.623423346838152
