produit_id,ventes_totales_36mois,ca_total_36mois,nb_transactions,date_premiere_vente,date_derniere_vente,age_produit_jours,jours_depuis_derniere_vente,ventes_moyennes_mensuelles,ecart_type_ventes_mensuelles,nombre_mois_avec_ventes,coefficient_variation,tendance_3_mois,tendance_6_mois,prix_vente_unitaire_moyen,stock_courant
P0001,608.0,80983.0,176,2022-08-01,2024-04-01,1095,486,28.952380952380953,15.714567097047853,21,0.542772876707245,-6.499999999999998,0.48571428571428693,133.0,0.0
P0002,1105.0,170170.0,303,2022-08-01,2025-06-17,1095,44,31.571428571428573,18.541346030022797,35,0.5872824534396361,-8.499999999999998,1.0857142857142859,154.0,1.0
P0003,161.0,20286.0,41,2022-08-02,2023-02-03,1094,909,26.833333333333332,32.35068263061333,6,1.2056155017619874,3.000000000000001,-13.057142857142857,126.0,0.0
P0004,735.0,123480.0,208,2022-08-02,2024-12-10,1094,233,25.344827586206897,20.032608884496593,29,0.7904022553066683,-8.499999999999995,1.7428571428571433,168.0,0.0
P0005,448.0,81536.0,130,2022-08-02,2025-07-22,1094,9,13.176470588235293,10.37032651435143,34,0.7870337086784567,3.5000000000000013,-5.590316773581776e-16,182.0,27.0
P0006,342.0,69426.0,106,2022-08-22,2025-07-28,1074,3,9.771428571428572,8.029671864534741,35,0.8217500446161284,-2.0000000000000013,-0.9428571428571416,203.0,15.0
P0007,175.0,40425.0,53,2022-08-01,2023-02-24,1095,888,25.0,25.099800796022265,7,1.0039920318408906,7.500000000000003,1.0857142857142852,231.0,0.0
P0008,485.0,118825.0,173,2022-08-02,2025-07-26,1094,5,13.857142857142858,12.271782211865654,35,0.8855925307531914,7.500000000000001,2.7999999999999985,245.0,13.0
P0009,150.0,36750.0,64,2022-08-01,2023-06-27,1095,765,16.666666666666668,22.15851980616034,9,1.3295111883696202,6.500000000000003,2.542857142857142,245.0,8.0
P0010,130.0,31850.0,39,2022-08-01,2022-09-20,1095,1045,65.0,39.59797974644666,2,0.6091996884068717,-56.00000000000001,-56.00000000000001,245.0,0.0
P0011,395.0,94010.0,127,2022-08-01,2024-08-14,1095,351,17.17391304347826,18.09985478071589,23,1.0539155948264949,4.0,-1.9510032784030544e-16,238.0,0.0
P0012,473.0,119196.0,140,2022-08-01,2023-09-21,1095,679,33.785714285714285,24.214358650089512,14,0.7167040615248481,3.000000000000003,2.9142857142857146,252.0,1.0
P0013,485.0,122220.0,148,2022-08-01,2023-09-15,1095,685,34.642857142857146,23.03711768448456,14,0.6649889640882141,8.000000000000007,5.0,252.0,14.0
P0014,795.0,200340.0,265,2022-08-04,2025-07-30,1092,1,22.083333333333332,12.456495723689136,36,0.5640677308840364,3.5000000000000027,1.4857142857142849,252.0,24.0
P0015,453.0,133182.0,126,2022-08-01,2025-07-03,1095,28,14.15625,17.585018137699652,32,1.2422087867690703,0.5000000000000007,-1.828571428571428,294.0,13.0
P0016,566.0,174328.0,162,2024-06-17,2025-07-31,409,0,40.42857142857143,20.868505109243102,14,0.5161821051756245,-7.999999999999994,2.3428571428571416,308.0,37.0
P0017,724.0,222992.0,242,2022-08-01,2024-09-28,1095,306,27.846153846153847,22.354762012049797,26,0.8027953208747164,4.0000000000000036,-0.3428571428571431,308.0,0.0
P0018,118.0,36344.0,35,2022-08-01,2022-09-24,1095,1041,59.0,2.8284271247461903,2,0.04793944279230831,-4.00000000000001,-4.00000000000001,308.0,0.0
P0019,235.0,77315.0,77,2022-08-02,2025-01-01,1094,211,9.791666666666666,15.001388824594432,24,1.5320567310224102,-2.499999999999999,-1.6285714285714281,329.0,0.0
P0020,767.0,257712.0,216,2022-08-02,2024-08-17,1094,348,30.68,18.188182976867147,25,0.5928351687375211,13.500000000000009,7.485714285714284,336.0,0.0
P0021,1144.0,400400.0,362,2022-08-01,2025-07-30,1095,1,31.77777777777778,19.951528564586024,36,0.6278453044799798,-2.5,-3.342857142857142,350.0,11.0
P0022,328.0,114800.0,93,2022-08-04,2025-07-08,1092,23,10.580645161290322,9.854860707787424,31,0.9314045181140553,-2.4999999999999996,-2.0857142857142854,350.0,45.0
P0023,1202.0,420700.0,394,2022-08-02,2025-07-31,1094,0,33.388888888888886,17.736609078042555,36,0.531212917478812,4.500000000000008,1.4857142857142849,350.0,26.0
P0024,1152.0,419328.0,361,2022-08-05,2025-07-30,1091,1,32.0,20.52872551885702,36,0.6415226724642819,-4.4999999999999964,-2.2000000000000006,364.0,29.0
P0025,832.0,314496.0,271,2023-03-03,2025-07-31,881,0,28.689655172413794,21.13917056129933,29,0.7368220508145199,-5.9999999999999964,2.4285714285714284,378.0,11.0
P0026,248.0,95480.0,88,2022-08-01,2024-09-01,1095,333,12.4,15.742667466073481,20,1.2695699569414098,1.0000000000000009,1.514285714285715,385.0,0.0
P0027,90.0,11970.0,35,2022-08-01,2022-08-29,1095,1067,90.0,,1,0.0,0.0,0.0,133.0,0.0
P0028,563.0,82761.0,191,2022-08-02,2024-08-27,1094,338,23.458333333333332,16.197098952983946,24,0.6904624775694755,7.500000000000003,0.8857142857142848,147.0,0.0
P0029,733.0,82096.0,220,2022-08-02,2024-10-06,1094,298,27.14814814814815,16.913134867733156,27,0.6229940537909894,-6.5,0.2857142857142875,112.0,0.0
P0030,299.0,54558.0,94,2022-08-01,2023-09-16,1095,684,21.357142857142858,25.460700162156826,14,1.192139806923731,-2.999999999999999,2.2285714285714286,182.0,0.0
P0031,69.0,11592.0,26,2022-08-02,2022-08-28,1094,1068,69.0,,1,0.0,0.0,0.0,168.0,0.0
P0032,187.0,36708.0,50,2022-08-01,2024-03-19,1095,499,10.38888888888889,14.621253220966867,18,1.4073933581679337,-0.4999999999999995,-0.40000000000000047,196.0,0.0
P0036,105.0,16632.0,65,2022-08-02,2025-07-23,1094,8,3.5,2.388911164468896,30,0.6825460469911132,1.0000000000000009,1.1999999999999995,158.4,17.0
P0037,286.0,205920.0,193,2023-06-25,2025-07-29,767,2,11.0,5.329165037789692,26,0.484469548889972,2.5000000000000018,0.5999999999999998,720.0,12.0
P0038,91.0,74256.0,64,2022-08-08,2025-07-18,1088,13,3.1379310344827585,1.7055400889670966,29,0.5435237646158879,-1.0000000000000004,0.22857142857142854,816.0,9.0
P0039,260.0,57532.8,160,2022-08-04,2025-07-31,1092,0,7.222222222222222,4.7755993557195735,36,0.661236833868864,3.000000000000001,0.5142857142857139,220.8,0.0
P0040,355.0,95577.6,232,2022-08-01,2025-07-30,1095,1,10.142857142857142,5.504772566455708,35,0.5427240558477459,2.0000000000000018,0.7428571428571427,268.8,10.0
P0041,63.0,21168.0,45,2022-08-01,2025-05-26,1095,66,3.15,4.545385166934644,20,1.4429794180744904,1.5000000000000004,0.5714285714285713,336.0,1.0
P0042,259.0,99456.0,166,2022-08-02,2025-07-24,1094,7,7.194444444444445,4.393628142431748,36,0.6106973479827912,2.500000000000001,0.4000000000000001,384.0,18.0
P0043,318.0,207590.4,209,2022-08-01,2025-07-30,1095,1,9.085714285714285,5.98710098054647,35,0.6589576550915925,2.000000000000001,0.8285714285714282,652.8,6.0
P0044,226.0,112819.2,145,2022-08-01,2025-07-31,1095,0,6.457142857142857,3.64887458187942,35,0.5650911963087597,5.000000000000001,0.5714285714285713,499.2,10.0
P0045,215.0,100104.0,135,2022-08-01,2025-07-23,1095,8,5.972222222222222,4.0531195119041055,36,0.6786618717606874,4.000000000000001,0.6571428571428564,465.6,9.0
P0046,369.0,127526.40000000001,236,2022-08-02,2025-07-31,1094,0,10.25,5.1512827806007975,36,0.502564173717151,-2.5000000000000004,-0.17142857142857124,345.6,8.0
P0047,71.0,11246.4,56,2022-08-01,2024-01-28,1095,550,4.176470588235294,5.329578948163342,17,1.2760963678700958,-1.0,-0.4285714285714284,158.4,14.0
P0048,273.0,31449.600000000002,179,2022-08-04,2025-03-03,1092,150,8.53125,4.799088455113116,32,0.5625305148850539,0.500000000000001,0.3999999999999999,115.2,0.0
P0049,228.0,19699.2,137,2022-08-02,2025-07-28,1094,3,6.514285714285714,4.154171741411621,35,0.6377018024096787,4.000000000000001,1.8571428571428565,86.4,8.0
P0050,263.0,28324.8,174,2022-08-01,2025-07-26,1095,5,7.305555555555555,4.132238718345882,36,0.5656296344503869,2.5000000000000004,0.3428571428571427,100.8,7.0
P0051,237.0,204768.0,156,2022-08-01,2025-07-29,1095,2,7.40625,5.333154818921034,32,0.7200884143690847,3.000000000000001,0.428571428571428,864.0,0.0
P0052,155.0,102672.0,112,2022-08-01,2025-07-24,1095,7,5.7407407407407405,4.425386489793359,27,0.7708737756414239,1.0000000000000004,0.11428571428571419,662.4,2.0
P0053,82.0,58252.799999999996,59,2022-08-02,2023-04-04,1094,849,9.11111111111111,7.540630683909079,9,0.8276301970144111,0.4999999999999998,-2.142857142857142,710.4,0.0
P0054,194.0,74496.0,123,2022-08-05,2025-07-26,1091,5,5.705882352941177,3.841791026171263,34,0.6733035819063038,2.500000000000001,1.0857142857142854,384.0,7.0
P0055,225.0,82080.0,144,2022-08-02,2025-07-06,1094,25,6.818181818181818,5.186849630643738,33,0.7607379458277482,-0.5,-1.171428571428571,364.8,6.0
P0056,272.0,91392.0,174,2022-08-05,2025-07-31,1091,0,7.555555555555555,4.292481429825505,36,0.5681225421827875,0.5000000000000012,0.9714285714285711,336.0,13.0
P0057,179.0,48115.200000000004,126,2022-08-01,2025-07-25,1095,6,5.114285714285714,3.537791173395431,35,0.6917468774795535,-8.498442808297854e-17,-1.4857142857142853,268.8,13.0
P0058,218.0,73248.0,152,2022-08-02,2025-07-23,1094,8,6.055555555555555,4.153789625627211,36,0.6859469106540349,4.500000000000003,1.5142857142857136,336.0,1.0
P0059,233.0,23241.600000000002,147,2022-08-03,2025-07-24,1093,7,6.6571428571428575,4.874560958467452,35,0.7322301868942523,4.500000000000002,0.8285714285714282,86.4,3.0
P0060,184.0,92736.0,113,2024-05-18,2025-07-26,439,5,12.266666666666667,8.180697373929043,15,0.6669046772224763,4.000000000000001,-0.17142857142857154,504.0,3.0
P0061,99.0,33264.0,62,2022-08-11,2025-07-14,1085,17,3.09375,2.2484313528295896,32,0.7267656898035038,-2.0000000000000004,0.22857142857142854,336.0,16.0
P0062,260.0,112320.0,183,2022-08-09,2025-07-30,1087,1,7.222222222222222,4.270236601749443,36,0.5912635294729998,3.500000000000001,0.7999999999999997,432.0,9.0
P0066,153.0,97124.4,118,2022-08-03,2025-07-28,1093,3,4.371428571428571,2.961376014483751,35,0.6774389575616425,-2.4999999999999982,-0.11428571428571403,634.8,8.0
P0067,128.0,106278.4,98,2022-08-03,2024-11-17,1093,256,5.333333333333333,3.772516939388214,24,0.7073469261352902,1.0000000000000004,-4.3978562576499566e-17,830.3,0.0
P0068,139.0,133155.05000000002,106,2024-05-07,2025-07-31,450,0,9.266666666666667,6.933012813104176,15,0.7481668503349829,1.5000000000000009,0.5999999999999995,957.95,1.0
P0069,142.0,138805.0,118,2022-08-01,2024-09-21,1095,313,5.461538461538462,2.5016917352986434,26,0.45805623322369526,-0.9999999999999996,0.1142857142857142,977.5,1.0
P0070,57.0,37297.950000000004,45,2022-08-01,2023-08-25,1095,706,4.75,3.1658691180665177,12,0.6664987616982142,0.5000000000000003,1.1428571428571426,654.35,0.0
P0071,139.0,101824.45,108,2022-08-04,2024-10-08,1092,296,5.148148148148148,3.0847478852686674,27,0.5991956323903167,0.9999999999999996,-0.5428571428571428,732.55,0.0
P0072,173.0,157170.5,130,2022-08-01,2025-07-30,1095,1,4.942857142857143,2.4125024491649523,35,0.4880785301778805,0.500000000000001,0.6857142857142856,908.5,6.0
P0073,154.0,173558.0,118,2022-08-03,2025-03-25,1093,128,5.133333333333334,2.800656737431337,30,0.5455824813177929,3.5000000000000013,1.5142857142857136,1127.0,0.0
P0074,48.0,65688.0,40,2022-08-23,2025-07-30,1073,1,1.8461538461538463,1.007662947311558,26,0.5458174297937605,0.5000000000000002,-2.0822395322839762e-17,1368.5,6.0
P0075,65.0,63537.5,53,2022-08-17,2025-06-29,1079,32,2.3214285714285716,1.6113847605587086,28,0.6941349737791359,4.258393406133884e-16,0.08571428571428559,977.5,11.0
P0076,148.0,101269.0,114,2022-08-02,2025-07-18,1094,13,4.228571428571429,2.6355679629626243,35,0.6232762074573773,-1.5,0.5142857142857142,684.25,6.0
P0077,15.0,21993.75,13,2022-08-04,2023-09-13,1092,687,2.5,3.6742346141747673,6,1.469693845669907,1.0276789547548596e-16,-1.2857142857142856,1466.25,0.0
P0078,130.0,139782.5,100,2024-06-04,2025-07-28,422,3,9.285714285714286,5.941102868719183,14,0.6398110781697581,-2.4999999999999987,0.5142857142857138,1075.25,6.0
P0079,24.0,21114.0,21,2022-08-01,2022-12-08,1095,966,4.8,5.718391382198319,5,1.1913315379579832,-0.4999999999999998,-2.600000000000002,879.75,0.0
P0080,223.0,283377.25,182,2022-08-16,2025-07-31,1080,0,6.194444444444445,3.2847652183500937,36,0.530275999374903,-2.0000000000000013,-0.3999999999999998,1270.75,4.0
P0081,27.0,29031.75,21,2022-08-01,2023-01-11,1095,932,5.4,4.878524367060187,5,0.903430438344479,0.5000000000000004,-1.8000000000000018,1075.25,0.0
P0082,20.0,11730.0,17,2022-08-04,2023-02-24,1092,888,4.0,6.164414002968976,5,1.541103500742244,0.5000000000000002,-2.600000000000002,586.5,0.0
P0083,34.0,29911.5,26,2022-08-05,2023-05-17,1091,806,3.4,2.366431913239847,10,0.6960093862470138,1.5000000000000004,-0.08571428571428584,879.75,0.0
P0086,297.0,71280.0,190,2022-08-14,2025-07-26,1082,5,8.25,3.682972402053227,36,0.446420897218573,2.0000000000000004,1.371428571428571,240.0,16.0
P0087,199.0,72595.2,129,2022-08-03,2024-11-14,1093,259,7.37037037037037,4.27108478517639,27,0.5794939155766962,0.500000000000001,-1.4571428571428564,364.8,0.0
P0088,251.0,139756.8,168,2022-08-02,2025-07-28,1094,3,6.972222222222222,3.676070192949539,36,0.5272451272756311,-0.9999999999999994,0.08571428571428538,556.8,6.0
P0089,176.0,76032.0,126,2022-08-01,2025-07-31,1095,0,5.176470588235294,3.537424060521614,34,0.6833660116916754,-0.9999999999999996,-0.0285714285714285,432.0,5.0
P0090,234.0,78912.0,163,2022-08-06,2025-07-30,1090,1,6.685714285714286,3.9761896375315713,35,0.5947292192889102,1.5000000000000004,1.1428571428571426,336.0,13.0
P0091,307.0,153254.4,194,2022-08-05,2025-07-24,1091,7,8.527777777777779,5.256213254594773,36,0.6163637692684424,0.5000000000000012,1.2285714285714282,499.2,16.0
P0092,250.0,144000.0,157,2022-08-01,2025-07-30,1095,1,6.944444444444445,4.098393026153714,36,0.5901685957661348,0.5000000000000004,-0.14285714285714274,576.0,7.0
P0094,692.0,220402.0,421,2022-08-03,2025-07-31,1093,0,19.22222222222222,6.4147647150309695,36,0.3337160834409175,-0.4999999999999998,-0.8571428571428575,318.5,10.0
P0095,705.0,68737.5,408,2022-08-03,2025-07-31,1093,0,19.583333333333332,8.696058220333427,36,0.44405403678298355,3.1460402035833298e-15,0.028571428571428262,97.5,13.0
P0096,655.0,83447.0,389,2022-08-01,2025-07-30,1095,1,18.194444444444443,7.566163188619804,36,0.4158501905195618,1.16909152975388e-15,1.7714285714285707,127.4,15.0
P0097,349.0,31305.300000000003,193,2022-08-02,2024-07-23,1094,373,15.863636363636363,12.551969887310438,22,0.7912416547874775,-0.4999999999999999,-0.28571428571428564,89.7,17.0
P0098,604.0,150758.4,354,2022-08-01,2025-07-24,1095,7,16.77777777777778,7.3216356919986945,36,0.4363888823045579,8.000000000000004,1.9714285714285709,249.6,6.0
P0099,705.0,52352.299999999996,417,2022-08-01,2025-07-31,1095,0,19.583333333333332,7.200694410957877,36,0.36769503375104057,-0.9999999999999988,-0.6571428571428571,74.1,23.0
P0100,100.0,4030.0,58,2022-08-09,2025-07-18,1087,13,3.4482758620689653,1.5020511427604522,29,0.4355948314005311,-0.5,0.057142857142857155,40.3,9.0
P0101,186.0,24180.0,113,2022-08-01,2024-06-26,1095,400,9.3,9.308174110058207,20,1.0008789365653985,0.5000000000000001,-0.02857142857142869,130.0,9.0
P0102,731.0,61769.5,405,2022-08-01,2025-07-26,1095,5,20.305555555555557,9.747730708644653,36,0.4800524015201197,1.5000000000000009,-0.4285714285714294,84.5,12.0
P0103,561.0,11641.5,327,2022-08-03,2025-07-29,1093,2,15.583333333333334,6.429285674607583,36,0.412574481793,6.000000000000003,1.8857142857142848,19.5,10.0
P0104,716.0,297856.0,406,2022-08-03,2025-07-27,1093,4,19.88888888888889,8.707231076287858,36,0.43779374126586995,-4.999999999999998,0.028571428571428133,416.0,23.0
P0105,655.0,408720.0,395,2022-08-01,2025-07-26,1095,5,18.194444444444443,5.800588366435373,36,0.3188109636514098,6.000000000000001,-0.028571428571428623,624.0,21.0
P0106,132.0,14586.0,80,2022-08-01,2024-09-03,1095,331,6.0,7.534049692025183,22,1.2556749486708638,-8.498442808297854e-17,-0.31428571428571417,110.5,4.0
P0107,613.0,171333.5,364,2022-08-14,2025-07-31,1082,0,17.02777777777778,10.686402872304896,36,0.6275864655839742,9.000000000000004,1.5999999999999985,279.5,13.0
P0108,96.0,13478.4,56,2022-08-01,2025-07-19,1095,12,3.2,1.919051489848476,30,0.5997035905776488,-0.4999999999999995,-0.3714285714285715,140.4,21.0
P0109,534.0,93717.0,305,2022-08-01,2025-07-31,1095,0,14.833333333333334,5.784214973282274,36,0.38994707685049035,-5.999999999999999,2.2000000000000006,175.5,30.0
P0110,605.0,362576.5,349,2022-08-01,2025-07-26,1095,5,16.805555555555557,7.532100615534797,36,0.4481911110070292,2.5000000000000027,-1.6857142857142857,599.3,16.0
P0111,676.0,40072.5,390,2022-08-01,2025-07-30,1095,1,18.77777777777778,8.377217782639878,36,0.44612402392756745,3.0000000000000036,3.457142857142857,58.5,6.0
P0112,671.0,76762.40000000001,411,2022-08-02,2025-07-30,1094,1,18.63888888888889,6.547203450013832,36,0.35126575886810424,6.000000000000003,-0.2857142857142859,114.4,32.0
P0113,420.0,41112.5,234,2022-08-01,2025-07-20,1095,11,11.666666666666666,6.4142698058981855,36,0.549794554791273,-0.4999999999999972,0.6285714285714283,97.5,6.0
P0114,373.0,65461.5,208,2022-08-02,2024-10-15,1094,289,14.92,10.037097854127623,25,0.6727277382123071,-0.9999999999999998,-0.11428571428571432,175.5,16.0
P0115,579.0,150540.0,343,2022-08-01,2025-07-31,1095,0,16.083333333333332,6.407027391856539,36,0.39836439742113194,0.5000000000000013,-0.6571428571428569,260.0,18.0
P0119,233.0,377.46000000000004,72,2022-08-03,2025-07-26,1093,5,7.28125,6.481907201413944,32,0.8902190147864644,5.500000000000002,0.1714285714285711,1.62,29.0
P0120,1666.0,2467.8,518,2022-08-03,2025-07-26,1093,5,46.27777777777778,21.139821746932103,36,0.45680287088208626,7.500000000000009,3.3714285714285714,1.35,116.0
P0121,1200.0,7296.0,446,2022-08-03,2025-07-30,1093,1,33.333333333333336,13.528805247639996,36,0.40586415742919985,5.0,-0.34285714285714447,6.08,200.0
P0122,1532.0,15503.84,480,2022-08-01,2025-07-31,1095,0,42.55555555555556,17.17879830230017,36,0.4036793334744165,22.00000000000001,8.485714285714282,10.12,72.0
P0123,1464.0,21740.399999999998,445,2022-08-02,2025-07-31,1094,0,40.666666666666664,17.676457305046814,36,0.43466698291098727,7.000000000000005,-3.6285714285714286,14.85,78.0
P0124,219.0,1035.8700000000001,62,2022-08-03,2025-06-26,1093,35,7.821428571428571,7.9491605493381154,28,1.0163310291391199,8.5,1.3142857142857136,4.73,72.0
P0125,1498.0,10111.5,497,2022-08-01,2025-07-30,1095,1,42.8,17.09454677409626,35,0.39940529846019296,1.5000000000000064,-0.6857142857142873,6.75,42.0
P0126,1598.0,7558.54,499,2022-08-05,2025-07-31,1091,0,44.388888888888886,17.56014607452712,36,0.3955977839067436,-1.4999999999999996,-3.2571428571428545,4.73,210.0
P0127,1363.0,7360.2,504,2022-08-02,2025-07-30,1094,1,37.861111111111114,14.828838270223478,36,0.3916641069171278,22.500000000000007,3.542857142857141,5.4,70.0
P0128,875.0,8268.75,261,2022-08-02,2024-04-02,1094,485,43.75,29.53298780044194,20,0.6750397211529586,-16.500000000000004,-5.371428571428571,9.45,78.0
P0129,1457.0,905.24,480,2022-08-02,2025-07-31,1094,0,40.47222222222222,16.562412024324598,36,0.40922912345620144,15.50000000000001,9.828571428571422,0.61,150.0
P0130,1648.0,7795.04,520,2022-08-02,2025-07-31,1094,0,45.77777777777778,19.407084289890655,36,0.42394116167236867,6.000000000000009,-2.657142857142856,4.73,62.0
P0131,1684.0,6833.7,480,2022-08-03,2025-07-31,1093,0,46.77777777777778,20.98041414695567,36,0.44851241644323286,17.50000000000001,5.171428571428568,4.05,212.0
P0132,1436.0,8730.88,497,2022-08-01,2025-07-31,1095,0,39.888888888888886,15.910064699119197,36,0.3988595607021526,11.500000000000005,1.4285714285714284,6.08,121.0
P0134,1277.0,26829.0,485,2022-08-02,2025-07-30,1094,1,35.47222222222222,15.615900524988918,36,0.4402289889581841,17.500000000000007,4.685714285714288,21.0,24.0
P0135,1391.0,27184.5,536,2022-08-01,2025-07-31,1095,0,38.638888888888886,15.806242487931838,36,0.4090760097523697,16.000000000000004,8.657142857142855,19.5,12.0
P0136,1605.0,28899.0,637,2022-08-04,2025-07-30,1092,1,44.583333333333336,15.723276648695988,36,0.35267162576514366,14.000000000000009,5.857142857142853,18.0,12.0
P0137,236.0,9204.0,91,2022-08-04,2025-07-21,1092,10,6.742857142857143,5.215039660008558,35,0.7734168987300828,4.500000000000002,1.0857142857142854,39.0,31.0
P0138,1228.0,40524.0,476,2022-08-01,2025-07-29,1095,2,34.111111111111114,13.599953314579068,36,0.39869569977593355,-6.999999999999999,-1.371428571428572,33.0,18.0
P0139,242.0,2541.0,90,2022-08-12,2025-07-23,1084,8,7.333333333333333,5.022864388639879,33,0.6849360529963471,6.000000000000002,2.285714285714285,10.5,39.0
P0140,1425.0,13311.0,535,2022-08-01,2025-07-30,1095,1,39.583333333333336,13.684976120862308,36,0.34572571252704776,3.5000000000000058,-1.685714285714286,9.0,26.0
P0141,1461.0,24138.0,535,2022-08-01,2025-07-30,1095,1,40.583333333333336,18.060809980254408,36,0.44503022538614556,-5.499999999999998,0.7428571428571412,16.5,27.0
P0142,219.0,4927.5,92,2022-08-05,2025-07-31,1091,0,6.636363636363637,4.594957710756037,33,0.6923908879221425,5.000000000000001,-0.8285714285714281,22.5,82.0
P0143,1354.0,6255.0,523,2022-08-01,2025-07-29,1095,2,37.611111111111114,18.265154612427267,36,0.48563188038949895,-10.499999999999991,-0.9428571428571438,4.5,8.0
P0144,859.0,30924.0,345,2022-08-01,2024-07-15,1095,381,37.34782608695652,27.963626854853256,23,0.7487350613057333,-0.4999999999999999,-0.8285714285714287,36.0,18.0
P0145,1603.0,67326.0,563,2022-08-01,2025-07-29,1095,2,44.52777777777778,19.23313526348453,36,0.43193566405829265,-3.499999999999989,3.1714285714285704,42.0,20.0
P0146,1021.0,58197.0,404,2022-08-01,2025-07-28,1095,3,28.36111111111111,14.241093011378382,36,0.5021345234178469,-2.499999999999999,0.5999999999999993,57.0,35.0
P0147,1694.0,96558.0,617,2022-08-01,2025-07-30,1095,1,47.05555555555556,20.442175512467838,36,0.4344263981398124,1.9999999999999996,1.542857142857142,57.0,22.0
P0148,1328.0,27912.0,513,2022-08-01,2025-07-31,1095,0,36.888888888888886,14.994813918300034,36,0.4064859194719889,-2.499999999999994,4.54285714285714,21.0,28.0
P0149,1488.0,49104.0,574,2022-08-01,2025-07-25,1095,6,41.333333333333336,16.478557495814286,36,0.39867477812453916,0.5000000000000069,2.0571428571428574,33.0,19.0
P0150,1149.0,31023.0,427,2022-08-09,2025-07-31,1087,0,31.916666666666668,17.685143078705522,36,0.5541036995939067,4.0000000000000036,2.9142857142857133,27.0,77.0
P0151,1299.0,18265.5,485,2022-08-01,2025-07-31,1095,0,36.083333333333336,19.888797995713208,36,0.551190706578657,26.500000000000007,3.3999999999999986,13.5,16.0
P0152,1460.0,39420.0,572,2022-08-01,2025-07-30,1095,1,40.55555555555556,13.753845061227569,36,0.3391359056193099,2.5000000000000067,1.4,27.0,24.0
P0153,1336.0,10560.0,507,2022-08-03,2025-07-31,1093,0,37.111111111111114,16.88748949925067,36,0.45505211225525755,24.500000000000004,5.828571428571423,7.5,40.0
P0154,1370.0,38409.0,551,2022-08-02,2025-07-30,1094,1,38.05555555555556,16.78254951590992,36,0.4410013011479979,-5.499999999999996,0.5714285714285724,27.0,31.0
P0155,1269.0,41877.0,489,2022-08-01,2025-07-25,1095,6,35.25,14.794545326861904,36,0.4197034135279973,3.5000000000000018,1.7142857142857135,33.0,36.0
P0156,1260.0,34020.0,490,2022-08-02,2025-07-28,1094,3,35.0,15.598534729720154,36,0.44567242084914727,2.000000000000005,3.8571428571428568,27.0,23.0
P0157,1258.0,71706.0,471,2022-08-01,2025-07-29,1095,2,34.94444444444444,13.077667866458333,36,0.37424168775238476,-10.999999999999993,0.5714285714285721,57.0,25.0
P0158,1532.0,73536.0,601,2022-08-02,2025-07-31,1094,0,42.55555555555556,12.541233578980165,36,0.2947026167384373,10.000000000000002,2.7999999999999976,48.0,16.0
P0159,1523.0,63966.0,606,2022-08-01,2025-07-29,1095,2,42.30555555555556,14.188162962623748,36,0.3353735171729842,-0.4999999999999977,0.3428571428571433,42.0,22.0
P0160,1339.0,16392.0,561,2022-08-03,2025-07-31,1093,0,37.19444444444444,18.843444399190844,36,0.5066198643546456,4.500000000000003,1.7999999999999978,12.0,13.0
P0161,190.0,2565.0,71,2022-08-02,2025-07-19,1094,12,6.129032258064516,6.179222904129994,31,1.0081890001475253,1.5000000000000007,0.17142857142857154,13.5,27.0
P0162,403.0,4326.0,149,2022-08-01,2023-12-30,1095,579,23.705882352941178,21.839656321363993,17,0.9212758249706895,-2.0000000000000004,-2.5999999999999988,10.5,13.0
P0163,1423.0,17184.0,540,2022-08-01,2025-07-31,1095,0,39.52777777777778,19.707121426546163,36,0.49856385899905964,6.500000000000006,5.97142857142857,12.0,76.0
P0169,189.0,1020.6,70,2022-08-10,2025-07-09,1086,22,5.7272727272727275,6.947448845047041,33,1.2130466237383721,-4.499999999999997,-0.45714285714285696,5.4,15.0
P0170,986.0,8861.4,461,2022-08-01,2025-07-31,1095,0,27.38888888888889,12.77559677728884,36,0.4664518093127771,9.500000000000004,-1.3428571428571425,8.1,21.0
P0171,1202.0,14604.300000000001,517,2022-08-01,2025-07-31,1095,0,33.388888888888886,18.109630867544766,36,0.54238495110783,-0.9999999999999937,2.5428571428571414,12.15,35.0
P0172,203.0,3562.65,65,2022-08-12,2025-07-21,1084,10,6.548387096774194,7.112611848809687,31,1.0861624005571442,2.000000000000001,-1.4000000000000004,17.55,35.0
P0173,235.0,6979.5,74,2022-08-08,2025-07-23,1088,8,7.833333333333333,8.120146649488259,30,1.0366144658921181,7.500000000000003,1.5999999999999988,29.7,5.0
P0174,1087.0,16141.949999999999,513,2022-08-01,2025-07-29,1095,2,30.194444444444443,13.995549179128231,36,0.463514048250797,7.919268287206344e-15,4.714285714285713,14.85,5.0
P0175,993.0,24129.9,413,2022-08-02,2025-07-28,1094,3,27.583333333333332,14.295603719825397,36,0.5182696212625522,-2.499999999999997,-0.8857142857142871,24.3,28.0
P0176,996.0,34959.6,426,2022-08-02,2025-07-22,1094,9,27.666666666666668,15.029494811393837,36,0.5432347522190544,-3.4999999999999982,-1.9714285714285713,35.1,51.0
P0177,1145.0,86562.0,550,2022-08-06,2025-07-29,1090,2,31.805555555555557,15.72953444855422,36,0.49455304816415013,13.000000000000004,5.428571428571427,75.6,60.0
P0178,1016.0,112471.2,461,2022-08-01,2025-07-31,1095,0,28.22222222222222,13.524815522610094,36,0.4792257468641372,7.0000000000000036,5.228571428571428,110.7,60.0
P0179,930.0,72819.0,386,2022-08-02,2025-07-24,1094,7,25.833333333333332,16.17493652007857,36,0.6261265749707834,18.500000000000007,7.485714285714284,78.3,22.0
P0180,879.0,37972.8,432,2022-08-01,2025-07-31,1095,0,24.416666666666668,11.072165874067148,36,0.4534675443303951,10.500000000000004,1.37142857142857,43.2,70.0
P0181,234.0,15163.199999999999,101,2022-08-05,2025-07-15,1091,16,6.882352941176471,6.284973449872095,34,0.9132012704942359,1.0,-1.057142857142857,64.8,16.0
P0184,462.0,55440.0,297,2022-08-02,2025-07-29,1094,2,12.833333333333334,6.199078272499181,36,0.4830450601947413,3.0000000000000018,1.5714285714285712,120.0,9.0
P0185,215.0,30100.0,156,2022-08-02,2025-07-28,1094,3,6.323529411764706,4.422535870901644,34,0.6993777656309577,4.0601940079577054e-16,0.11428571428571405,140.0,6.0
P0186,422.0,80180.0,268,2022-08-02,2025-07-23,1094,8,11.722222222222221,7.033028655102442,36,0.5999740084921515,0.5000000000000006,2.998499011473747e-16,190.0,14.0
P0187,114.0,26220.0,79,2022-08-01,2025-07-25,1095,6,4.071428571428571,4.658155503889141,28,1.1441083693762804,1.5000000000000004,0.3428571428571427,230.0,5.0
P0188,398.0,107460.0,277,2022-08-02,2025-07-23,1094,8,11.055555555555555,5.036690775524538,36,0.45558007014794816,2.0000000000000013,-0.9999999999999997,270.0,13.0
P0189,526.0,94680.0,348,2022-08-02,2025-07-24,1094,7,14.61111111111111,6.1378347870414265,36,0.4200799474020748,1.5000000000000016,1.3714285714285708,180.0,5.0
P0190,381.0,133350.0,259,2022-08-02,2025-07-19,1094,12,10.583333333333334,5.217415890211223,36,0.4929841786026352,-1.5000000000000002,-1.2571428571428571,350.0,7.0
P0191,131.0,32750.0,93,2022-08-01,2025-05-22,1095,70,5.038461538461538,4.520891675152319,26,0.8972762103355747,2.500000000000001,0.6,250.0,3.0
P0192,342.0,171000.0,227,2022-08-02,2025-07-28,1094,3,9.5,5.920907266386027,36,0.623253396461687,-6.0,-0.8571428571428567,500.0,20.0
P0193,224.0,16800.0,149,2022-08-01,2024-09-09,1095,325,8.615384615384615,4.850376670543625,26,0.562990149259528,-5.5,0.9428571428571427,75.0,0.0
P0194,312.0,34560.0,213,2022-08-01,2025-07-23,1095,8,8.666666666666666,3.82473154987006,36,0.4413151788311608,-0.4999999999999987,0.28571428571428553,110.0,11.0
P0196,830.0,4880.4,287,2022-08-01,2024-03-21,1095,497,41.5,33.57082066318904,20,0.8089354376672058,-9.999999999999998,-2.714285714285713,5.88,44.0
P0197,1995.0,23740.5,718,2022-08-02,2025-07-29,1094,2,55.416666666666664,17.4574994118369,36,0.315022545777508,-12.99999999999999,-1.2285714285714284,11.9,25.0
P0198,1732.0,9214.24,598,2022-08-02,2025-07-31,1094,0,48.111111111111114,20.599275684600144,36,0.4281604645759845,26.500000000000007,5.4285714285714235,5.32,66.0
P0199,1205.0,7591.5,417,2022-08-01,2024-07-20,1095,376,50.208333333333336,34.90605923066214,24,0.6952244162123579,10.500000000000002,2.9999999999999996,6.3,26.0
P0200,2203.0,4815.3,733,2022-08-01,2025-07-31,1095,0,61.19444444444444,27.374460928228547,36,0.44733572102416147,-8.499999999999996,0.9714285714285719,2.1,83.0
P0201,2293.0,28891.8,731,2022-08-03,2025-07-30,1093,1,63.69444444444444,23.267168093928216,36,0.36529352437043866,-0.49999999999999545,-1.5428571428571418,12.6,22.0
P0202,1006.0,6337.8,325,2022-08-03,2024-06-08,1093,418,43.73913043478261,28.68990540132119,23,0.6559322308453155,2.5133116006324694e-16,-6.314285714285711,6.3,38.0
P0203,1698.0,16640.4,621,2022-08-02,2025-07-29,1094,2,47.166666666666664,18.544926144751443,36,0.39317864617847587,-12.500000000000002,4.342857142857142,9.8,27.0
P0204,1635.0,3471.3,559,2022-08-02,2025-07-25,1094,6,45.416666666666664,17.986304313480936,36,0.3960287188289381,10.000000000000007,1.8857142857142855,2.1,12.0
P0205,2160.0,4668.3,735,2022-08-01,2025-07-31,1095,0,60.0,24.20271531401856,36,0.40337858856697595,13.000000000000009,2.0285714285714236,2.1,41.0
P0206,1260.0,3628.7999999999997,430,2022-08-01,2024-06-11,1095,415,54.78260869565217,37.880141741286046,23,0.6914629048012533,-2.4999999999999996,-5.571428571428571,2.8,25.0
P0207,1882.0,15808.800000000001,682,2022-08-01,2025-07-30,1095,1,52.27777777777778,20.82801836964691,36,0.39841055329824054,10.000000000000004,0.6857142857142864,8.4,26.0
P0208,1889.0,37024.4,641,2022-08-01,2025-07-31,1095,0,52.47222222222222,25.63199575431469,36,0.4884869492616881,49.000000000000014,6.228571428571426,19.6,18.0
P0209,1979.0,20779.5,670,2022-08-01,2025-07-29,1095,2,54.97222222222222,21.15046248884557,36,0.3847481806965339,-10.000000000000002,10.08571428571428,10.5,13.0
P0210,1848.0,10348.8,684,2022-08-02,2025-07-31,1094,0,51.333333333333336,23.2992949004287,36,0.4538823681901694,-1.9999999999999822,1.999999999999995,5.6,37.0
P0211,1669.0,7014.0,596,2022-08-01,2025-07-26,1095,5,46.361111111111114,17.768596339413417,36,0.3832651097776411,10.000000000000009,3.057142857142855,4.2,24.0
P0212,2018.0,32324.600000000002,698,2022-08-01,2025-07-30,1095,1,56.05555555555556,20.037029212998107,36,0.35744948050938147,14.000000000000007,-3.6571428571428566,15.4,60.0
P0213,805.0,5761.0,260,2022-08-01,2024-02-02,1095,545,42.36842105263158,29.280654452149776,19,0.6910961920383176,-7.0,-3.542857142857142,7.0,19.0
P0216,499.0,47331.7,351,2022-08-01,2025-07-28,1095,3,13.86111111111111,6.15120326337064,36,0.44377418332934476,-1.9999999999999976,1.2857142857142856,94.3,24.0
P0217,419.0,26501.75,296,2022-08-01,2025-07-31,1095,0,11.63888888888889,5.172193664354352,36,0.4443889544552665,3.0000000000000018,0.7428571428571418,63.25,8.0
P0218,528.0,57684.0,386,2022-08-01,2025-07-29,1095,2,14.666666666666666,5.971360218337431,36,0.4071381967048248,5.500000000000001,2.1428571428571423,109.25,10.0
P0219,492.0,93357.0,346,2022-08-03,2025-07-21,1093,10,13.666666666666666,4.956957592256421,36,0.362704214067543,5.5000000000000036,2.371428571428571,189.75,10.0
P0220,471.0,70414.5,341,2022-08-01,2025-07-30,1095,1,13.083333333333334,6.548173136728399,36,0.5004973098136355,-0.9999999999999986,0.9428571428571428,149.5,9.0
P0221,496.0,94116.0,350,2022-08-01,2025-07-29,1095,2,13.777777777777779,5.138710850626762,36,0.37297094883581333,3.5000000000000004,0.2571428571428572,189.75,11.0
P0222,424.0,102396.0,299,2022-08-02,2025-07-26,1094,5,11.777777777777779,5.586264333734057,36,0.4743054622981746,-0.5000000000000003,-0.42857142857142866,241.5,6.0
P0223,486.0,69024.15000000001,345,2022-08-06,2025-07-28,1090,3,13.5,6.716716885077538,36,0.49753458407981765,-5.000000000000001,-0.02857142857142865,142.025,9.0
P0224,85.0,12707.5,61,2022-08-06,2025-07-30,1090,1,3.1481481481481484,2.125010474249366,27,0.6750033271145045,-0.4999999999999998,-0.39999999999999997,149.5,11.0
P0225,165.0,4933.5,112,2022-08-02,2024-10-02,1094,302,7.857142857142857,10.983103906845798,21,1.3978495881440107,-1.5000000000000002,-0.37142857142857133,29.9,4.0
P0226,71.0,5307.25,55,2022-08-02,2025-07-18,1094,13,2.730769230769231,2.30751281353222,26,0.8450046922794044,1.0276789547548596e-16,-0.11428571428571424,74.75,7.0
P0228,235.0,19903.0,160,2022-08-09,2025-07-31,1087,0,6.527777777777778,3.1666666666666665,36,0.4851063829787234,-0.9999999999999978,0.9999999999999996,84.5,6.0
P0229,223.0,26091.0,136,2022-08-01,2025-07-20,1095,11,6.371428571428571,4.433069009200752,35,0.6957731628790418,1.0000000000000009,0.9714285714285709,117.0,7.0
P0230,242.0,84942.0,151,2022-08-09,2024-10-27,1087,277,8.962962962962964,4.926236521707649,27,0.5496214301078781,3.5000000000000018,1.4285714285714284,351.0,0.0
P0231,61.0,13084.5,34,2022-08-01,2023-12-06,1095,603,5.545454545454546,4.740540820700448,11,0.8548516234049988,1.0000000000000004,-0.742857142857143,214.5,0.0
P0232,200.0,72800.0,137,2022-08-01,2025-07-16,1095,15,5.555555555555555,3.7980780436158526,36,0.6836540478508535,-2.0,-0.6285714285714284,364.0,3.0
P0233,69.0,8970.0,45,2022-08-03,2024-03-25,1093,493,4.3125,4.46794136040302,16,1.0360443734267872,-8.498442808297854e-17,-0.6857142857142856,130.0,13.0
P0234,91.0,8281.0,54,2022-08-06,2024-06-16,1090,410,4.333333333333333,3.4544657088084305,21,0.7971843943404071,1.5000000000000018,1.5428571428571423,91.0,0.0
P0236,1393.0,4179.0,453,2022-08-01,2025-07-31,1095,0,38.69444444444444,16.73459964853732,36,0.43248068007705925,11.000000000000005,0.22857142857142823,3.0,39.0
P0237,1298.0,3504.6,453,2022-08-01,2025-07-31,1095,0,36.05555555555556,15.589271850391118,36,0.4323680944638522,6.00000000000001,3.1999999999999997,2.7,78.0
P0238,1319.0,1593.6,479,2022-08-02,2025-07-30,1094,1,36.638888888888886,15.512488568482544,36,0.42338861900331437,0.9999999999999988,3.0,1.2,39.0
P0239,1143.0,897.75,424,2022-08-02,2025-07-28,1094,3,31.75,16.61045281914803,36,0.523163868319623,-1.0000000000000007,2.3142857142857136,0.75,22.0
P0240,1396.0,3142.5,503,2022-08-03,2025-07-30,1093,1,38.77777777777778,15.323392222557944,36,0.3951591117565086,-6.999999999999992,5.028571428571427,2.25,44.0
P0241,1300.0,3921.0,449,2022-08-01,2025-07-29,1095,2,36.111111111111114,20.319980002489846,36,0.562707138530488,8.500000000000005,-3.3999999999999986,3.0,50.0
P0242,1373.0,4649.7,508,2022-08-02,2025-07-30,1094,1,38.138888888888886,16.721505020742903,36,0.43843713091532743,-1.499999999999994,1.485714285714285,3.3,155.0
P0243,1416.0,21240.0,490,2022-08-03,2025-07-30,1093,1,39.333333333333336,16.04101884900974,36,0.40782251311041706,1.9999999999999991,4.97142857142857,15.0,23.0
P0244,1267.0,17104.5,464,2022-08-04,2025-07-30,1092,1,35.19444444444444,13.851909501054243,36,0.3935822746945168,12.500000000000007,2.9999999999999964,13.5,53.0
P0246,132.0,16473.6,128,2022-08-06,2025-07-13,1090,18,3.7714285714285714,2.5331416704734604,35,0.6716663520194781,1.0000000000000009,0.3428571428571427,124.8,7.0
P0247,90.0,25920.0,87,2022-08-03,2024-10-28,1093,276,3.4615384615384617,1.8596939367706553,26,0.5372449150670782,5.99569951949379e-16,1.0285714285714285,288.0,0.0
P0248,116.0,50112.0,114,2022-08-04,2025-07-12,1092,19,3.411764705882353,2.046692039999024,34,0.5998924944824725,-1.9999999999999996,-1.8524933802927846e-16,432.0,3.0
P0249,20.0,1344.0,20,2022-08-01,2022-09-25,1095,1040,10.0,7.0710678118654755,2,0.7071067811865476,-10.0,-10.0,67.2,0.0
P0250,101.0,1454.4,97,2022-08-05,2025-07-08,1091,23,3.3666666666666667,1.9384197853839134,30,0.5757682530843307,-1.5,0.0285714285714285,14.4,3.0
P0251,130.0,26026.0,108,2022-08-10,2025-07-15,1086,16,3.9393939393939394,2.249158091644987,33,0.5709401309560352,1.5000000000000007,0.5428571428571429,200.2,3.0
P0252,110.0,13236.6,80,2022-08-02,2025-07-30,1094,1,3.5483870967741935,1.8227947347853766,31,0.5136966979849698,2.000000000000001,0.5999999999999996,119.6,7.0
P0253,141.0,11364.599999999999,118,2022-08-06,2025-07-12,1090,19,4.147058823529412,2.664381819725435,34,0.6424750487281191,0.5000000000000003,0.42857142857142855,80.6,2.0
P0254,13.0,2856.1,12,2022-08-02,2022-08-25,1094,1071,13.0,,1,0.0,0.0,0.0,219.7,0.0
P0255,131.0,41893.8,122,2022-08-07,2025-07-25,1089,6,4.09375,2.084650121490956,32,0.5092275105932106,0.5000000000000004,0.3999999999999998,319.8,0.0
P0256,20.0,1600.0,20,2022-08-01,2023-08-16,1095,715,2.5,2.6186146828319083,8,1.0474458731327634,0.5000000000000002,0.14285714285714274,80.0,0.0
P0257,20.0,2400.0,19,2022-08-10,2023-08-29,1086,702,2.2222222222222223,1.3944333775567925,9,0.6274950199005566,1.0000000000000004,-3.836112737533719e-17,120.0,0.0
P0258,15.0,2400.0,16,2022-08-12,2023-07-10,1084,752,1.6666666666666667,1.6583123951776997,9,0.9949874371066197,1.0276789547548596e-16,-0.14285714285714293,160.0,0.0
P0259,28.0,5320.0,26,2022-08-11,2024-10-31,1085,273,2.0,2.287087499587462,14,1.143543749793731,0.5000000000000002,0.05714285714285709,190.0,0.0
P0260,64.0,15974.4,56,2022-08-09,2025-06-28,1087,33,2.2857142857142856,1.6523191974188067,28,0.7228896488707279,2.0553579095097192e-16,-0.2857142857142855,249.6,4.0
P0261,25.0,8775.0,22,2022-08-04,2025-06-19,1092,42,1.7857142857142858,1.4769288003552106,14,0.8270801281989179,1.0276789547548596e-16,-0.28571428571428564,351.0,1.0
P0262,72.0,38844.0,58,2022-08-08,2025-03-23,1088,130,2.6666666666666665,1.4935759876113537,27,0.5600909953542577,1.5000000000000007,0.08571428571428556,539.5,0.0
P0266,249.0,10358.4,162,2022-08-02,2025-07-16,1094,15,6.916666666666667,4.777177887773133,36,0.6906763211238265,3.482387918861321e-16,-0.14285714285714282,41.6,26.0
P0267,379.0,28576.600000000002,243,2022-08-10,2025-07-28,1086,3,10.527777777777779,5.547128529305492,36,0.5269040291688594,0.500000000000001,-0.22857142857142862,75.4,9.0
P0268,69.0,3139.5,38,2022-08-11,2025-06-10,1085,51,2.76,1.877054430040145,25,0.680092184797154,-8.265272983342958e-17,-1.1714285714285708,45.5,3.0
P0269,416.0,33529.6,261,2022-08-04,2025-07-31,1092,0,11.555555555555555,6.5615522747264805,36,0.5678266391590223,5.4049891710360095e-16,-2.114285714285714,80.6,20.0
P0270,346.0,40482.0,224,2022-08-02,2025-07-29,1094,2,9.61111111111111,6.034556571602672,36,0.6278729380858272,-3.0000000000000004,0.314285714285714,117.0,3.0
P0271,603.0,7597.799999999999,415,2022-08-01,2025-07-31,1095,0,16.75,7.415716900128884,36,0.44272936717187367,5.5000000000000036,-0.857142857142857,12.6,8.0
P0272,512.0,7884.8,365,2022-08-01,2025-07-30,1095,1,14.222222222222221,6.005288674451219,36,0.42224685992235134,7.500000000000003,1.2857142857142856,15.4,13.0
P0273,365.0,12775.0,277,2022-08-01,2024-08-27,1095,338,14.6,10.222524150130436,25,0.7001728869952354,-0.4999999999999997,-2.057142857142856,35.0,28.0
P0274,582.0,10592.4,416,2022-08-03,2025-07-31,1093,0,16.166666666666668,6.635402883666631,36,0.4104372917731936,4.5000000000000036,-0.34285714285714286,18.2,37.0
P0275,567.0,21432.6,387,2022-08-01,2025-07-31,1095,0,16.2,6.685365932172959,35,0.4126769093933926,-0.999999999999997,0.8857142857142857,37.8,13.0
P0276,447.0,11622.0,326,2022-08-04,2025-07-29,1092,2,12.416666666666666,5.8082453706531965,36,0.4677781506566333,6.500000000000002,1.4285714285714273,26.0,16.0
P0277,231.0,4804.8,153,2022-08-01,2025-07-05,1095,26,6.416666666666667,5.200961449578337,36,0.810539446687533,1.5000000000000004,-0.14285714285714304,20.8,7.0
P0278,381.0,5982.599999999999,289,2022-08-02,2025-07-23,1094,8,10.583333333333334,4.37117179451264,36,0.41302410656812344,-3.4999999999999996,0.028571428571428595,15.6,5.0
P0279,353.0,10095.800000000001,248,2022-08-06,2025-07-30,1090,1,9.805555555555555,4.909579233902662,36,0.5006936329192516,2.500000000000002,1.4857142857142862,28.6,21.0
